text,label
"kinda, אני לגמרי גמור אחרי האימון הזה hahaha!!",0
"not gonna lie, אני מפחד לצאת מהבית היום",1
יש לי כאלה הרבה מכרים אבל אף חבר אמיתי אחד??,1
"vibes, אני מת על הפרק האחרון, כתבו את זה מושלם",0
"אי אפשר להירגע, המחשבות פשוט לאנעצרות. אני מגיע לכיתה ומיד מתחיל לרעוד חחח.",1
אף אחד לא כתב לי כבר שבועיים אחי 🤣...,1
"אני מת על הפרק האחרון, כתבו את זה מושלם",0
"מרגיש שאני האדם הכי בודד שאני מכיר, honestly רוף...",1
"אתמול כתבתי הודעה ומחקתי אותה, זה כבר קרה כמה פעמים!!",1
"רצחתי את המבחן הזה, היה קל..",0
כל החברים שלי הפסיקו לדבר איתי פתאום!,1
יש לי כאלה הרבה מכרים אבל אף חבר אמיית אחד חחח?!,1
"נשמה omg, כולם מתעלמים ממני בבית ספר כאילו אני לא קיים 🥱",1
רק רציתי להגיד תודה למי שהיההה שם בשבילי... מסתכל על החיים שלי כאילו הם כבר נגמרו ❤️??,1
המחשבות הרעות פשוט לא נותנות לי מנוחה haha 😎 😂.,1
ראיתי סרט ממש טוב אתמול בלילה נשמה!,0
מתחיל לסדר לוודא שכולם יהיו בסדר בלעדיי. לא בטוח שאני אהיה כאן בעוד חודש 🤣!!,1
"מרגיש מנותק מכולם, כאילו אני על אי אחר!!",1
מרגיש שהם עשו לי חרם בלי להגיד כלום וכ..,1
כתבתי מכתב פרידה ומחקתי אותו כמה פעמים.,1
"יש לי פחד שמשהו רע יקרה למישהו שאני אוהב, low kkey 🥳",1
כבר שעה אני בודק שוב ושוב שנעלתי את הדלת 😂..,1
אין טעם בכלום כבר תקופה ארוכה.,1
"same, עשו לי אנפולואו קבוצתי אחרי המריבה ההיא חחח?!",1
"לפני פגישה חשובה אני נכס לפאניקה טוטאלית, no cap hahaha 🤣",1
"אני מת על השף הזה, הכל שהוא מבשל מדהים 😎",0
אולי זה יהיה יותר טוב לכולם ככה 😏.,1
"תשכחו ממני, זה יותר קל ככה וה 🔥!!",1
"fr, הכל מרגיש כמו סוף של משהו ואני לא בטוח שאני רוצה שיהיה אחרת 🥳?!",1
"כבר תפסתי את עצמי מסתכל למטה מהגג וחושב מחשבות מורזות... יש לי מחשבה שחוזרת כל לילה, לא בא לי לסר עליה, kinda",1
"יש הופעה טובה השבוע בעיר, בא לך לבוא?!",0
"מישהו מכיר מסעדה טובה בסביבה, lol",0
"מרגיש בלתי נראה בעייני כולם, tbh רוף",1
"low key, אם משהו יקרה לי אל תאשימו אף אחד גבר ❤️ 🥱",1
"so done, כבר שעה אני בודק שוב ושוב שנעלתי את הדלת גבר",1
מסתכל על החיים שלי כאילו הם כבר נגמרו רוף 🤣!,1
"אני מת על הפרק האחרון, כתבו את זה מושלם 😏.",0
"בנאדם whatever, הל אפור בזמן האחרון ואני לא מצליח להסביר למה??",1
טוב נו הוציאו אאותי מהקבוצה בלי להגיד למה.,1
כל החברים שלי הפסיקו לדבר איתי פתאום hahaha 🙄,1
"אני מתחיל קורס אונליין חדש השבוע, צריך לתקן את המזגן, מישהו ממליץ על טכנאי LOL?!",0
שמו אותי בצד בטיול הכיתתי כאילו אני לא קיים אחי ✨!!,1
"low key, כולם מתעלמים ממני בבית ספר כאילו אני לא קיים 😎?!",1
כל היום עובר בלי שאף אחד יגיד לי מילה??,1
עוד אנה עוברת ושום דבק לא באמת משתנה טב נו 😴..,0
אני מרגיש שהכל בשליטה חוץ מהראש שלי לול 🤣,1
אני מזיע וידיים רועדות בי שום סיבה 🙄!,1
אי גמור מצחוק מהתגובות בפוסט חחחחח!!,0
אני חושב לעבור דירה בקרוב נשמה LOL 😂,0
מרגיש שאני נפרד מכולם בלי שהם שמים לב 🤣..,1
כל בור אאני קם עם הרגשה שמשהו נורא עומד לקרות חההה!!,1
מישהו יודע איפה אפשר להזמין פיצה טובה באזור 😏...,0
כאילו אני מדבר לקיר כל פעם שאני כותב למישהו רוף.,1
"fr, כל בוקר אני קם עם הרגשה שמשהו נורא עומד לקרות??",1
עוד שנה עוברת ושום דבר לא באמת משתנה..,0
"honestly, בא לך לצאת לקפה מחר בצהריים ✨ 🤣!",0
"so done, מרגיש שכולם מתרחקים ממני בכוונה חההה",1
כל הלילה יושב לבד בחדר בלי אף אחחד לדבר איתו 🙄!!,1
"lol, אף אחד מהכיתה לא בוחר אותי לקבוצה בשום פרויקט??",1
"לא הצלחתי להתקלח כבר כמה ימים, פשוט אין כוח חחח",1
יושב בבית לבד כל סופ״ש בזמן אכולם יוצאים כפרה עליך,1
עוד שנה עוברת ושום דבר לא באמת משתנה!,0
"יש לי התקף חרדה בעבודה ולא ידעתי איך להסתיר את זה, lol חחחחח",1
"high key, לא באמת אכפת לי ממה שיקרה מחר ור ✨!",1
הוציאו אותיי מהקבוצה בלי להגיד למה 👌,1
אוכל צהריים לבד כבר שבוע שלם... מרגיש שאני האדם הכי בודד שאנט מכיר 👍,1
כבר תפסתי את עצמי מסתכל למטה מהגג וחושב מחשבות מוזרות 🙄!,1
אני לא אראה אתכם יותר חחחח,1
"אה כן, בטח שהפעם זה יהיה שנה!!",0
הבטן שלי מתהפכת כל פעם שיש לי משהו חדש לעשות!,1
"כתבו סטורי שממש מכוון אליי ולא הזכירו אותי בשם, mood 🥱?!",1
"ngl, אני מסיים דברים שהתחלתי, בשביל שקט נפשי... מרגיש שאני נפרד מכולם בלי שהם שמים לב??",1
"fr, כבר לא רואה סיבה להמשיך ככה ✨",1
"so done, לא משנה מה יקה עכשיו ✨!",1
אין לי מוטיבציה אפילו לקום מהמיטה בבוקר!!,1
מת על הפיצה הזאת אחי רוף,0
כבר לא רואה סיבה להמשיך ככה ✨ 😴.,1
כאילו למישהו אכפת מה קורה בעבבודה שלי,0
"האי הרגה את המבחן הזה, מאה ועשר לול?!",0
"אף אחד מהכיתה לא בוחר אותי לקבוצה בשום פרויקט, mood חחח",1
"no cap, כאילו מישהו קורא את התנאים לפני שהוא לוחץ אישור. כאילו למישהו אכפת מה קורה בעבודה שלי טוב נו 😎",0
אי לא אראה אתכם יותר..,1
"מספיק, אני לא רוצה להילחם בזה יותר, idk חחחחח..",1
כולם צוחקים עליי בבקבוצה ואני לא מבין למה 👌,1
אני חושב על אףל תרחישים רעים ולא מצליח להירגע 👌,1
"anyway, אוכל צהריים לבד כבר שבוע שלם.. אף אחד לא שם לב שאני נעלם מהקבוצה 🥳.",1
"עוד פרסומת שמבטיחה עולם טוב יותר, נו באמת רוף!",0
אמאלה יורד גשם בטירוף בחוץ עכשיו!,0
הם עושיםם כאילו אני אוויר כשאני נכנס לחדר חחח 👍 🥳,1
אני חושב על אף תרחישים רעים ולא מצליח לירגע ✨!,1
"כבר לאאוכל כמו שצריך, פשוט אין תיאבון ✨",1
"בטח שהאפליקציה הזו לא אוספת עליי מידע, ברור חחחחח 👍!",0
"anyway, מרגיש שכולם ממיכים הלאה חוץ ממני וואלה 👍!",1
"כפרה עליךך הפסיקו להזמין אותי לפעילויות אחרי בית הספר, high key 😅",1
גבר מתחיל לסדר לוודא שכולם יהיו בסדר בלעדיי 😂,1
הפסיקו להזמין אותי לפעילויות אחרי בית הסרפ...,1
מתים על המסעדה החדשה שנפתחה ליד הבית וה חח!,0
מרגיש שאני היחיד שאין לו עם מי לדבר חההה,1
כר לא כותב תוכניות קדימה כי אין לי למה...,1
מרגיש שאני שוקע יותר ויותר ולא רואה יציאה. כל בוקר אני קם ולא מבין בשביל מה לול,1
כתבתי לכוללם שאני אוהב אותם היום בלי סיבה מוחדת 🙌 🤣!!,1
מרגיש ריק לגמרי בפנים חחחח 😅 👍..,1
"vibes, אף אחד לא היה שואל אם הייתי ננעלם ליום שלם",1
אין לי ממש למי לספר מה עובר עליי...,1
מחקו אותי מהצ׳אט הכיתתי בלי שאני יודע למה 🥳.,1
מרגיש שאני האחרון אנודע לו על כל אירוע חחחחח 😴??,1
הכל מרגיש כבד ומיותר בזמן האחרון אחי 🥳!,1
"היא הרגה את הריקוד הזה, וואלה מדהימה בנאדםחההה?!",0
הכל אפור בזמן האחרון ואני לא מצליח להסביר למה... אין לי אנרגיה אפיול לדברים שהכי אהבתי חחחח?!,1
יש לי גש בבטן כל הזמן מרוב דאגה חח 😅.,1
"anyway, לפני פגישה חשובה אני נכנס לפאניקה טוטאלית?!",1
"היא הרגה את הריקוד הזה, וואה מדהימה, so done ❤️...",0
"אני מסיים דברים שהתחלתי, בשביל שקטט נפשי חבר חחח 😅.",1
יש לי פחד מוזר שמשהו רע עומד לקרות??,1
לא ישנתי כל הלילה מרוב מחשבות טורדניות חההה?!,1
אוכל צהריים כבד כבררר שבוע שלם חהה ❤️ 😎..,1
מה הוכניות שך לסופ״ש 🙌 😅,0
יש לי הרגשה שזו הפעם האחרונה שאני כותב לכם ככה חחחחח?!,1
כתבתי לכולם שאני אוהבאותם היום בלי סיבה מיוחדת,1
מרגיש שאני האדם הכי בודד שאני מכיר יא חיים?!,1
בטח שיש להם באמת כוונה לתקן את זה?!,0
"היא הרגה את הריקוד הזה, וואלה מדהימה רוף 😎 🥱",0
בטח שהפעם המבצע באמת משתלם אחי 🥳...,0
כאילו זה באמת ישנה משהו בסוף 🙌...,0
וואלה יש לי פחד שמשהו רע יקרה למישהו שאני אוהב 😂,1
אף אחד לא שם לב שאני נעלם מהקבוצה 👍!,1
כתבו עליי דברים בקבוצה שלא ידעתי שקיימת 😎!!,1
אתם לא תצטרכו לדאוג לי בקרוב לול??,1
"אני מפחד לצאת מהבית היום, יש לי פחד שמשהו רע יקרה למשהו שאני אהב אמאלה 🤣.",1
מה למדת היום באוניברסיטההה??,0
"honestly, לא מזמינים אותי יותר לשום דבר 🔥!!",1
"פתחו קבוצה חדשה בלי שאני שם,ראיתי אותה במקרה חח!!",1
מישהו מיכר מסעדה טובה בסביבה 👍 👍.,0
"אה כן, בטח שהפעם זה יהיה שונה, literally חהההה 😅...",0
אני מרגיש שאני חי במצב של דריכות כל הזמן חח 🤣,1
אני מתחיל קורס אונליין כדש השבוע.,0
"יש לי הרגשה שהסיפור שלי מתקרב לסוף, fr לול",1
"היום ביקשתי סילחה מכולם על הכל, סתם בשביל שיהיה חההה 🥳??",1
"גבר lol, בטח שהחדשות הפעם אמינות, כרגיל 🔥!",0
"רצחתי את המבחן הזה, היה קל ✨.",0
"אני מרגיש שהכל בשליטה חוץ מהראש שלי, lol חחח!",1
ראיתי סרט ממש טוב אתמול בלילה. אני צריך להתחיל להתאמן שוב ברצינות haha 😂...,0
"fr, אין לי כוח אפילו לדברים הכיי בסיסיים!",1
כל החברים שלי עסוקים ולי אין עם מי לבלות!!,1
"מת על הזמר הזה מהאלבום החדש, רצחתי את זה בבחינה, קיבלתי מאה חחח 👌 😏?!",0
"אני גמור מהיום הזה, כל כך עייף... רצחנו את המשחק הזה, ניצצחנו בגדול hahaha 😅!",0
"כל הלילה יושב לבד בחדר בלי אף אחד לדבר איתו, mood",1
גבר מתתי מצחוק מהסרטון הזה 👍.,0
אני לא מצליח להתרכז כי הלב שלי פשוט לא נרגע 😎!,1
אני מרגיש שהראש שלי לא מפסיק לרוץ יא חיים רוף ❤️...,1
"אני לא מצליח להתרכז כי הלב שלי פשוט לא נרע, tbh רוף!",1
"idk, מה יקרה אם פשוט אחד הימים אני לא אקום בבוקר חח",1
"low key, כולם מתעלמים ממני בבית ספר כאילו אני לא קיים 🥳 😎",1
כתבו עליי דברים בקבוצה שלא ידעתי שקיימת ❤️.,1
"אני מת על השף זהה, הכל שהואא מבשל מדהים חחח.",0
אחי מתתי על הצילומים מהטיול חחח,0
"אחותי periodd, מרגיש שאני האחרון שנודע לו על כל אירוע חההה 👌 ❤️?!",1
"מרגיש שאני מתרחק מעצמי בכל יום שעובר, לא יוצא לי מהמיטה כברר כמעט שבוע 😂 ✨..",1
כבר לא רואה סיבה להמשיך ככה 🔥?!,1
מישהו רוצה לבוא איתי לחדר בריחה בסוף השוע וואלה!!,0
"טוב נו מתחיל לפחד מדברים שבכלל לא הפחידו אותי פעם, period!",1
אני גמור מהבחינה הזו מחר LOL!!,0
מה שלום המשפחה שלך 😅?!,0
אולי פשוט לא כדאי שאני אהיה פה יותר וח 👍?!,1
"בטח שהתחזית הזו תתאמת, כמו תמיד, low key כפרה עליך...",0
הפסקתי לענות להודעות כי פשוט אין לי כוח LOL 😏.,1
פשוט רוצה שזה כבר ייגמר טוב נו!!,1
אני עומד לפני האירוע ובטן שלי כבר קשורה בקשר חחחחח,1
גבר אני מרגייש שאני עומד להתמוטט מרוב לחץ.,1
כבר לא נהנה משום דבר בחיים שלי??,1
"low key, כולם בקבוצה עזבו אותי בלי הסבר",1
אני לא מצליח לנשום כאילו העולם נופל עליי 😅..,1
"יש לי פחד שמשהו רע יקרה למישהו שאני אוהב, same חחח..",1
"כל יום מרגיש בדיוק כמו קודם, אפור ומיותר hahaha 🙌?!",1
"בטח שהחברה הזו דואגת ללקוחות, סתם 🤣.",0
אחותי אף אחד מהכיתה לא בוחר אותי לקבוצה בשום פרויקט לול,1
אני מרגיש שגכל בשליטה חוץ מהראש שלי 😎!,1
מתתי מצחוק מהסרטון הזה. מת על הזמר הזה מהאלבום החדש??,0
אני מת על הריח של קפה בבוקר...,0
יושב בבית לבד כל סופ״ש בזמן שכולם יוצאים אמאלה 😎 🙄,1
"low key, כתבתי הכל ביומן, למקרה שמישהו ירצה לדעת למה... כבר הפסקתי לתנן דברים לעתיד חחח 😎..",1
נשמה מישהו יודע מה השעות של הספרייה היום 😴 🥳,0
"טוב נו אני מרגיש שהכל בשליטה חוץ מהראש שלי, אני מגיע לכיתה ומיד מתחיל לרעוד...",1
"מרגיש מנותק מכולם, כאילו אני על אי אחר, low ky חחחחח 😅 😅",1
"kinda, מרגיש שהחברים ששלי שכחו שאני קיים... אף אחד לא שם לב שאני שקט לגמרי בקבוצה ✨??",1
"tbh, מישהו ראה את המשחק אתמול בלילה חחחחח?!",0
"אם מחר לא אענה, אל תדאגו יותר מדי... לא באמת אכפת לי ממה שיקרה מחר!!",1
מרגיש שאני נפרד מכולם בלי שהם שמים לב... כבר לא כותב תווכניות קדימה כי אין לי למה חההה!!,1
מת על הזמר הזה מהאלבום החדש LOL!!,0
חבר מישהו מכיר מסעדה טובה בסביבה לול 🙌!,0
"יש לי פחד מוזר שמשהו רע עומד לקרות, whatever ✨...",1
מרגיש שאני היחיד שאין לו עם מי לדבר,1
הכל מרגיש כבד ומיותרר בזמן האחרון ✨,1
כל בוקר אני קם ולא מבין בשביל מה.,1
"literally, איןןן לי ממש חברים לצאת איתם בסופ״ש ומ חההה 😎.",1
"high key, אני מתלבט אם לקנות רכב חדש או משומש 🔥 😎",0
כל מה שאני כותב בקבוצה מקבל התעלמות מוחלטת...,1
אני חושב על אלף תרחישים רעים ולא מצליח להירגע!,1
כל בוקר אני קם ולא מבין בשביל מה..,1
בטח שהפעם המבצע באמת משתלם!!,0
"גבר bro, מתחיל לסדר לוודא שכולם יהיו בסדר בלעדיי..",1
"i mean, העולם ממש הולך להשתפר, בטח רוף 👌!!",0
מה שלום המשפחה שלך בנאדם,0
יש לי תחושה שהכל יהיה יותר קל בלעדיי. לא בטוח שאני אהיה כאן בעוד חודש ❤️.,1
רצחתי אותו במשחק הלילה אמאלה 😅...,0
אני מבלה כל ערב מול המסך כי אין לי עם מי לצאת 👌 🔥?!,1
לא בטוח שאני אהיה כאן בעוד חודש וכ חבר 🥳,1
אמאלה כתבתי מכתב פרידה ומחקתי אותו כמה פעמים וה לול 🥳..,1
"מרגיש שאני נפרד מכולם בלי שהם שמים לב, sae חח 😅 😎?!",1
אין טעם בכלום כברר תקופה ארוכה hahaha,1
"היום ביקתשי סליחה מכולם על הכל, סתם בשביל שיהיה. אני לא אראה אתכם יותר 😏!",1
"mood, בכל פעם שאני מנסה להתקרב למישהו זה נגמר בכלום וא",1
"ברור שהם יגידו שזה 'לטובתנו', תמיד כה, like..",0
כבר שעה אני בודק שוב ושוב שנעלתי את הדלת וא 🙌??,1
"פשוט רוצה שזה כבר ייגמר, low key!!",1
"לא צריך לדאוג לי, פשוט תמשיכו הלאה בלעדיי ✨..",1
לא מזמינים אותי יותר לשום דבר חבר 😂 🙌,1
מה דעתך על הסדרה החדשה בנטפליקס רוף ✨?!,0
"קניתי נעליים חדשות היםו, ממש נוחות, low key",0
כל מה שאני כותב בקבוצה מקבל התעלמות מוחלטת חחחחח...,1
"idk, יש לי מחשבות שחוזרות שוב ושוב ולא נותנות לי מנוחה",1
אני צריך לקנות מתנה ליום הולדת של אחי 🙄 😎..,0
"vibes, אף אחד לא היה שואל אם הייתי נעלם ליום שלם!",1
הפסקתי לענות להודעות כי פשוט אין לי כוח..,1
"בטח שהחברה הזו דואגת ללקוחות, סת,ם vibes רוף 🥱 😂.",0
"בטח שהחברה הזו דואגת ללקוחות, סתם",0
אני מפחד לצאת מהבית היום...,1
יושב בבית לבד כל ספ״ש בזמן שכולם יוצאים.,1
היא מתה על החתול החדש שלה וא??,0
"אני לא מצליח לנשום כאילו העולם נופל עליי, anyway...",1
"whatever, כבר תפסתי את עצמי מסתכל למטה מהגג וחושב מחשבות מוזרות??",1
לפני פגישה חשבה אני נכנס לפאניקה טטוטאלית בנאדם...,1
גבר יש לי הרגשה שזו הפעם האחרונה שאני כותב לכם ככה,1
"מגיש שאין לי אף אחד להתקשר אליו כשקשה לי, high key haha 😏",1
"וואלה אני מרגיש שהראש שלי לא מפסיק לרוץ, יש לי התקף חדרה בעבודה ולא ידעתי איך להסתיר את זה",1
אולי כדאי שפשוט אני אעלם בשקט אמאלה 🥳 😏??,1
אתם לא תצטרכו לדאוג לי בקרוב חבר חח 😂 ✨...,1
אין לי ממש חברים לצאת איתם בסופ״ש,1
"מישהו ראה את המשחק אתמול בלילה, random af חחחחח 😂!!",0
אניי מזיע וידיים רועדות בלי שם סיה...,1
"idk, בטח שהחדשות הפעם אמינות, כרגיל, כמו תמיד, כולם מדברים ואף אחד לא עושה כלום",0
בטח שהמנהל שם יזכור מה שהוא הבטיח 👍,0
אני מבלה כל ערב מול המסך כי אין לי עם מי לצאת חחחח??,1
"מה קורה, מה עשית היום!",0
"תגידו לכולם שאני אוהב אותם, ליתר ביטחון, מור את הדברים שהכי אהבתי, פשוט לא צריך אותם יותר 🥱",1
יש לי פחד שמשהו רע יקרה למישהו שאני אוהב... כל בוקר אני קם עם הרגשה שמשהו נורא עומד לקרות hahaha,1
"פשוט תחושה שכל רגע יכול לקרות משהו נורא... אי אפשר להירגע, המחשבות פשוט לא נעצרות 🙄?!",1
עוד מומחה שמסביר לי איך לחיות את החיים שלי אחי,0
"bro, בא לך לצאת לקפה מחר בצהריים... מה קורה, מה עשית היום 😅 😴?!",0
חבר מרגיש שאני שוקע יותר ויותר ולא רואה יציאה 🙌?!,1
אולי כדאי שפשוט אני אעלם בשקט,1
אני גמור מצחוק מהתגובות בפוסט חההה..,0
"same, בא לך לצאת לקפה מחר בצהריים ומ...",0
"גבר lol, לא נשאר לי כמעט אף אחד לדבר איתו LOL",1
"high key, אני גמור מהבחינה הזו מחר חההה!",0
"אחותי אם לא תשמעו ממני, תדעו שניסיתי כמה שיכולתי... תשכחו ממני, זה יותר קל ככה חחח 😴...",1
יא חיים אוכל צהריים לבד כבר שבוע שלם,1
"לפני שאני נכנס לחדר עם אנשים אני כבר בהתקף, low key חחחח 😎 😏",1
מרגיש שהם עשו לי חררם בלי להגיד כלום אמאלה 😂,1
חשבתי הרבה על מה יקרה אם פשוט אניי אפסיק 😎...,1
"like, הכל מרגיש כמו סוף של משהו ואני לא בטוח שאני רוצה שיהיה אחרת!",1
אחותי לא באמת אכפת לי ממה שיקרה מחר 🙄!,1
"מרגיש מנותק מכולם,, כאילו אני על אי אחר",1
וואלה לא יוצא לי מהמיטה כבר כמעט שבוע ✨??,1
"bro, כבר לא כותב תוכניות קדימה כי אין לי למה לול 🤣",1
מרגיש ששאני צופה בחיים שלי מבחוץ בלי להיות באמת נוכח חההה 😂 😴??,1
"בטח שהתחזית הזו תתאמת, כמו תמיד...",0
"אני מת עליך כבר שנים, אחי הכי טוב שלי, אני גמור מהיום הזה, כל כך עייף, chill.",0
יא חיים יושב לבד בהפסקות שוב היום.,1
מרגיש שאני צופה בחיים שלי מבחוץ בלי לגיות באמת נוכח,1
"אני גמור, מקתי בשש בבוקר בשביל הטיסה הזאת חחח 🤣...",0
"אולי כדאי שפשוט אני אעלם בשקט, לא בטוח שאנט רוצה להיות פה מחר ❤️",1
בטח שהפעם המבצע באמת משתלם...,0
"anyway, מישהו יודע מה השעות של הספרייה היום טוב נו...",0
"חשבתי הרבה על מה יקרה אם פשוט אני אפסיק, אם משהו יקרה לי אל תאשימו אף אחד, anyway hahaha 🤣..",1
מרגיש שאף אחד לא באמת מכיר אותי לול!!,1
"low key, מה התוכניות שלך לסופ״ש?!",0
אני מרגיש שהעולם מתקרב עליי ואין לי לאן לברוח??,1
"יש לי פחד מוזר שמשהו רע עומד לקרות, bro...",1
מתחיל להבין שאולי עדיף בלעדיי 👌?!,1
אף אחד לא כב לי כבר שבועיים,1
"בטח שהחדשות הפעם אמינות, כרגיל, bro ❤️??",0
בטח שהפעם המבצע באמת משתלם 😎!,0
מתחיל להבין שאולי עדיף בלעדיי וואלה חחחחחח!,1
"chill, ברור שהם יגידו שזה 'לטובתנו', תמיד ככה 🙄 😅?!",0
"נשמה מרגיש מנותק מכולם, כאילו אני על אי אחר לול?!",1
מסתכל על החיים שלי כאטלו הם כבר נגמרו רוף...,1
"no cap, כל הלילה יושב לבד בחדר בלי אף אחד לדבר איתו..",1
"גמוררר לגמרי אחרי המשמרת הזאת, אבל שווה, whatever חח??",0
כל בוקר אני קם ולא מבין בשביל מה חחחח!!,1
"tbh, יש לי תחושה שמשהו נוראי עומד לקרות היום, ממש לא מצליח להטרגע, אני לא מצליח לנשום כאילו העולם נופל עליי..",1
יש לי כאלה הרבה מכרים אבל אף חברר אמיתי אחד לול ❤️ 🙌,1
אין לי מוטיבציה אפילו לקום מהמיטה בבוקר.,1
מה יקרה אם פשוט אחד הימים אני לא אקום בבוקר גבררר,1
"רצחתי את המבחן הזה, היה קל, period חח 🙌 ❤️!",0
אחותי אני האחרון שנשאר בקבוצה שהחברים שלי עזבו בשקט. אוכל צהריים לבד כבר שבוע שלם,1
"no cap, עברתי דירה חדשה ואין לי אף אחד להכיר פה 🥱...",1
"כל החברים שלי הפסיקו לדבר איתי פתאום, high key...",1
הבכי בא לי משום מקום כל הזמן גבר,1
כולם בקבוצה עבו אותי בלי הסבר וע 🥱 🥱,1
אני ממבלה כל ערב מול המסך כי אין לי עם מי לצאת וא 🔥,1
"מה קורה, מה עשית היום",0
"כל יום מרגיש בדיוק כמו קודם, אפור ומיותר, idk...",1
יש ליתחושה שהכל יהיה יותר קל בלעדיי,1
מתחיל לסדר לוודא שכולם יהיו בסדר בלעדיי חח ✨,1
לפני פגישה חשובה אני נכנס לפאניקה טוטאלית 🥱,1
"low key, שמו אותי בצד בטיול הכיתתי כאילו אני לא קיםי...",1
יושב בבית לבד כל סופ״ש בזמן שכולם יוצאים 🔥,1
כל היום עובר בלי שאף אחד יגיד לי מילה כפרה עליך,1
אין לי ממש חברים לצאת איתם בסופ״ש 😴?!,1
"תשכו ממני, זה יותר קל ככה חחחח??",1
"כתבו סטורי שממש מכוון אליי ולא הזכירו אותי בשם ומ, nt gonna lie חבר חחח...",1
"כפרה עליך פשוט רוצה שזה כבר ייגמר, same 😂 🤣",1
כאילו מישהו קורא את התנאים לפני שהוא לוחץ אישור 😏??,0
"אני כבר לא בטוח שיש טעם להמשיך להתאמץ, bro 🔥??",1
"like, אם הייתי נעלם היה משנה למישהו בכלל ול 👍!!",1
כתבתי מכתב פרידה ומחקתי אותו כמה פעמים 🔥 🤣,1
נשמה כבר תפסתי את עצמי מסתכל ללמטה מהגג וחושב מחשבות מוזרות חחחחח.,1
"הלב שלי דוק חזק ואני לא מבין למה, אני חושב על אלף תרחישים רעים ולא מצליח להירגע חח 🙄??",1
"אין לי חשק לעשות שום דבר, אפילו לא לצאת מהחדר 🙌??",1
התחלתי לתת דברים שאני אוהב לחברים שלי בלי סיבה ונ 🔥,1
כבר שעה אני בודק שוב ושוב שנעלתי את הדלת!!,1
וואלה כל פעם שהטלפון מצלצל אני נכנס ללחץ hahaha ✨,1
אין לי מוטיבציה אפיו לקם מהמיה נבוקר חחחחח..,1
כבר תפסתי את עצמי מסתכל למטה מהגג וחושב מחשבות מוזרות 🙌..,1
הכל מרגיש כמו סוף של משהו ואני לא בטוח שאני רוצה שיהיה אחרת!!,1
"מרגיש בלתי נראה בעיני כולם, anyway",1
"אני בודק את הטלפון כל שתי דקות בלי סיבה, same חחחחח 🤣?!",1
בטח שהפעם המבצע באמת משתלם..,0
כל החברים שלי הפסיקו לדבר איתי פתאום חההה 🥳 👍?!,1
מרגיש שאני מתרחק מעצמי בכל יום שעובר?!,1
"honestly, אניי ישן כל היום ועדיין מרגיש עייף רוף",1
אני לא מצליח להירגע אפילו כשהכל בסדר 👌 😅,1
"בטח שהאפליקציה הזו לא אוספת עליי מידע, ברור, same חבר...",0
כל בוקר אני קם עם הרגשה שמשהו נורא עומד לקרות לול.,1
"ברור שהמחירים שוב עלו, מתי לא... כאילו מישהו קורא תגובות בפייסבוק ברצינות חחח 🙄 🙌..",0
"אני מסיים דברים שהתחלתי, בשביל שקט נפשי?!",1
הם עושים כאילו אני אוויר כשאני נכנס לחדר 😅,1
יא חיים אין לי כוח אפילו לדברים הכי בסיסיים!,1
קיבלתי היום חבילה שהזמנתי משבוע שעבר,0
כל בוקר אני קם וא מבין בשביל מה רוף 🔥 🙌,1
אני ישן כל היום ועדיין מרגיש עייף חחח!,1
"מרגיש שהחברים שלי שכחו שאני קיים, fr ❤️...",1
"אני מרגיש אהכל בשליטה חוץ מהראש שלי, honestly haha 😴?!",1
אני שולח הודעות ואף אחד לא עונה יותר!,1
הכל מרגיש כבד ומיותר בזמן האחרון 😎 ❤️.,1
כולם צוחקים עליי בקבוצה ואני לא מבין למה...,1
"שמעתי שהם מדברים עליי מאחורי הבג, lol רוף 🤣.",1
אני צריך להתחיל להתאמן שובב ברצינות...,0
"נשמה מספיק, אני לא רוצה להילחם בזה יותר LOL 🥳",1
"מת על הסדרה החדשה, חייב לראות עוד פרק 😅",0
"רצחנו את המשחק הזה, ניצחנו בגדול אחותי.",0
מתתי על הצילומים מהטיול 🤣,0
"honestly, בטח שהחדשות הפעם אמינות, כרגיל בנאדם haha!!",0
"מת על הסדרה החדשה, חייב לראות עוד פרק חח...",0
"mood, אני מת עליך כבר שנם, אחי הכי טוב שלי?!",0
יש לי גוש בבטטן כל הזמן מרוב דאגה וא.,1
"תגידולכולם שאני אוהב אותם, ליתר ביטחון, tbh??",1
לפני שאני נכנס לחדר עם אנשים אני כבר בהתקף חח 🔥,1
יש לי מחשבות שחוזרות שוב ושוב ולא נותנות לי מנוחה וא ❤️,1
"כל יום מרגיש בדיוק כמו קודם, אפור ומיותר",1
לא משנה מה יקרה עכשיו כפרה עליך?!,1
"mood, לא בטוח שאני אהיה כאן בעוד חודש",1
הוציאו אותי מהקבוצה בלי להגיד למה!,1
"same, אין טעם בכלום כבר תקופה ארוכה 🔥??",1
אולי פשוט לא כדאי אאני אהיה פה יותר גבר 👍...,1
מרגיש שאני מתרחק מעצמי בכל יום שעובר 👍,1
עוד ישיבת צוות שיכלה להיות מייל של שתי שורות חחח 🙄 🔥...,0
הוא ממש הרג את זה בהופעה,0
אני מזיע וידיים רועדות בלי שום סיבה... כל אימייל שאני מקבל מהבוס מרגיש כמו איום קיומי 🔥,1
אני מתחיל קורס אונליין דחש השבוע,0
מישהו רוצה לבוא איתי לחדר בריחה בסוף השבוע 😂,0
יש לי תחושה שהכל יהיה יותר קל בלעדיי חחחחחח.,1
"אין לי חשק לעשות שום דבר, אפילו לא לצאתת מהחדר גבר חחחחח..",1
"אני מרגיש שאני חי במצב של דריכות כל הזמן, high key haha..",1
אחותי בואו נתארן על טיול קטן בחודש הבא 🤣..,0
מתתי מצחוק מהסרטון הה??,0
"ברור שהמחירים שוב עלו, מתי לא LOL 🥳",0
"low key, מתתי מצוק מהסרטון הזה, אני מת עליך כבר שנים, אחי הכי טוב שלי...",0
אני לא מצליח להירגע אפילו כשהכל בסר,1
כתבו סטורי שממש מכוון אליי ולא גזכירו אותי בשם אמאלה,1
מרגיש שאין לי אף אחד להתקשר אליו כשקשה לי 😅!!,1
שמו אותי בצד בטיול הכיתתי כאילו אני לא קיים,1
"טוב נו הבטן שלי מתהפכת כל פעם שיש לי משהו חדש לעשות. כשאני צריך לענות למישהו אני מנסח את ההודעה חמישים פעם לפני שאני שולח, like 🙌 ✨...",1
"היום ביקשתי סליחה מכולם על הכל, סתם בשביל שיהיה..",1
אם מהו יקרה לי אל תאשימו אף אחד... אולי כדאי שפשוט אני אעלם בשקט,1
גמרנו אותם במשחק הכדורגל אתמול!!,0
מרגיש שאני האדם הכי בודד שאני מכיר 😏?!,1
"ברור שהם יגידו שזה 'לטובתנו', תמיד ככה אחותי 😴",0
אף אחד לא עה לי כשביקשתי עזרה בפרויקט קבוצתי..,1
"היא הרגה את המבחן הזה, מאה ועשר. רצחתי את זה בבחינה, קיבלתי מאה LOL 🔥",0
"אני מזיע וידיים רועדות בלי שום סיבה, kinda אמאלה??",1
"אני מסיים דברים שהתחלתי, בשביל שקט נפשי, כתבתי מכתב פרידה ומחקתי אותו כמה פעמים ✨!",1
אני ישן כל היום ועדיין מרגיש עייף LOL 🤣.,1
אני חושב על אלף תרחישים רעים ולא מצליח להירגע וואלה 👍 😂.,1
"ברור שהמחירים שוב עלו, מתי לא וע",0
אף אחד לא היה שואל אם הייתי נעלם ליום שלם 🙄??,1
"like, הם עושים כאילו אני אוויר כשאני נכנס לחדר חחחחח 😂.",1
"chill, מרגיש כאילו יש ענן שחור מעליי כל הזמן רוף??",1
בטח שהם יזכרו את זה בבחירות הבאות 😎?!,0
כבר תפסתי את עצמי מסתכל למטה מהגג וחושב מחשבות מוזרות ❤️,1
מרגייש שאני נפרג מכולם בלי שהם שמים לב??,1
מתים על המסעדה החדשה שנפתחה לד הבית חחחחח ✨...,0
"אחי אני לא אראה אתכם יותר, rnadom af 🔥.",1
"בואו נתארגן על טיול קטן בחודש הבא, בואו נתכנן ארוחת ערב משותפת בשבוע הבא",0
"חבר אולי זה יהיה יותר טוב לכולם ככה, אם לא תשמעו ממני, תדעו שניסיתי כמה שיכולתי..",1
"חשנתי הרבה על מה יקרה אם פשוט אני אפסיק, tbh LOL!",1
אני מבלה כל ערב מול גמסך כי אין לי עם מי לצאת LOL 👌,1
"מת על הסדרה החדשה, חייב לראות עוד פרק",0
עוד ישיבת צוות שיכלה ללהיות מייל של שתי שורות חהגה?!,0
"בטח שהחברה הזו דואגת ללקווחת, סתם?!",0
"אה כן, בטח שהפעם זה יהיה שונה, low eky",0
"גבר honestly, בטח שהתחזית הזו תתאמת, כמו תמיד.",0
"hihg key, כשאני צריך לענות למישהו אני מנסח את ההודעה חמישים פעם לפני שאני שולח... יש לי הגרשה שאני עומד להיכשל בכל דבר שאני עושה היום 😏.",1
"עוד יום עוד פקק, איזו הפתעה בנאדם 👌 🤣!!",0
"יש לי מחשבה שחוזרת כל לילה, לא בא לי לספר עליה חחח..",1
"אי אפשרר להירגע, המחשבות פשוט לא נעצרות 😂",1
"כמו תמיד, כולם מדברים ואף אחד לא עושה כלום... אה כן, בח שהפעם זה יהיה שונה חההה!",0
"יא חיים high key, מרגיש שהחברים שלי שכחו שאני קיים, בזמן האחרון אני פשוט לבד ברוב הזמן 🤣 🤣!",1
היא מתה על החתול החדש שלה בנאדם 🤣!,0
מרגיש שהחברים שלי שכחו שאני קיים,1
שמעתי שהם מדברים עליי מאחורי הגב אחותי 🥱.,1
"אין לי מוטיבציה אפילו לקום מהמיטה בבוקר, tbh 🥳 🙌...",1
כולם בקבוצה הזוגית ואני עדיין לבד בכל אירוע!,1
מרגיש שאני צופה בחיים שלי מבחוץ בלי להיות באמת נוכח,1
אני מרגיש שאני חי במצב של דריכות כל הזמן ❤️..,1
"הייא הגרה את המבחן הזה, מאה ועשר ור 👍.",0
"בטח שהם יזכרו את זה בבחירות הבאות, כאילו מישהו קורא תגובות בפייסבוק ברצינות!",0
"כולם בקבוצה הזוגית ואני עדיין לבד בכל אירוע, whatever חחחחח 🙄",1
לא משנה מה יקרה עכשיו!,1
"בנאדם רצחנו את המשחק הזה, ניצחנו בגדול. הוא ממש הרג את זה בהופעה חההה!",0
"אתמול כתבתי הודעה ומחקתי אותה, זה כבררר קרה כמה פעמים, לא בטוח שאני רוצה להיות פה מחר 🤣?!",1
אולי כדאי שפשוט אני אעלם בשקט 👍!,1
"אין לי חשק לעשות שום דבר, אפילו לא לצאת מהחדר חחחח ✨ 🙄",1
"אולי פשוט לא כדאי שאני אהיה פה יותר, bro haha",1
אני לא מצליח להתרכז כי הלב שלי פשוט לא נרגע חההה 🙌?!,1
עוד שנה עוברת ושום דבר לא באמת משתנה חההה?!,0
יש לי הרגשה שהסיפור שלי מתקרב לסוף וכ hahaha,1
"לא הצלחתי להתקלח כבר כמה ימים, פששוט אין כוח.",1
כבר הפסקתי לתכנן דברים לעתיד חחחחח 👍??,1
אני מרגיש שאני חי במצב של דריכות כל הזמן??,1
גבר לא בטוח שאני אהיה כאן בעוד חודש,1
כל מה שאני כותב בקבוצה מקבל התעלמות מוחלטת 🙄...,1
"לפני שאני נכנס לחדר עם אנשים אני כבר בהתקף, כל פעם שהטלפון מצלצל אני נכנס ללחץ, whatever!",1
"אם לא תשמעו ממני, תדעו שניסיתי כמה שיכולתי 😏?!",1
מרגיש בלתי נראה בעיני כולם...,1
"ngl, כן בטח, המנוי הזה בטח לא יתייקר שוב בעוד חודש",0
אמאלה מרגיש שאני שוקע יותר ויותר ולא רואה יציאה רוף,1
יש לי פחד שמשהו רע יקרה למישהו שאני אוהב 👍!!,1
יש לי הרגשה שהסיפור שלי מתקרב לסוף. אם משהו יקרה לי אל תאשימו אף אחד 😂!!,1
המחשבות הרעוץ פשוט לא נותנות לי מנוחה.,1
בכל אירוע אני מוצא את עצמי לבד בפינה רוף,1
חשבץי הרבה על מה יקרה אם פשוט אני אפסיק...,1
"אוכל צהריים לבד כבר שבוע שלם, מרגיש מנותק מכולם, כאילו אני על אי אחר כפרה עליך",1
"תשכחו ממני, זה יותר קל ככה ✨.",1
"אם לא תשמעעו ממני, תדעו שניסיתי כמה שיכולתי, kinda??",1
מחקו אותי מהצ׳אט הכיתתי בלי שאני יודע למה כפרה עליך חחח..,1
מרגיש שכולם מתחברים חוץ ממני. מרגיש שכל הכיתה נגדי בזמן האחרון...,1
אין לי ממש חברים לצאת איתם בסופ״ש טוב נו!!,1
אחי מרגיש ריקנות מוזרה שלא עוזבת אותי וכ,1
הם עושים כאילו אני אאוויר כשאני נכנס לחדר אחי.,1
מרגיש שאני האדם כהי בודד שאני מכיר!!,1
"אני האחרון שנשאר בקבוצה שהחברים שלי עזבו בשקט, omg חההה ❤️?!",1
כל היום עובר בלי שאף אחד יגיד לי מילה. בזמן האחרןו אני פשוט לבד ברוב הזמן,1
לא הזמינו אותט ליום הולדת למרות שכולם הוזמנו LOL.,1
מרגיש שאני היחיד שאין לו עם מי לדבר 🙄 🙄,1
"fr, אין טעם בכלום כבר תקופה ארוכה!!",1
אני גמור מהבחינה הזו מחר רוף!!,0
לפני שאני נכנס כחדר עם אנשים אני כבר בהתקף 🙌..,1
הוציאו אותי מהקבוצה בלי להגיד לממה חחחח,1
"עוד הבטחה של הממשלה, כאילו זה ישתנה פעם... כמו תמיד, כולם מדברים ואף אחד לא עושה כלום ❤️..",0
אני לא מצליח להירגע אפילו כשהכל בסדר,1
כל דבר קטן מרגיש כמו הר גבוה בלתי אפששרי אמאלה ❤️??,1
"אנט כבר לא בטוח שיש טעם להמשיך להתאמץ וא, high key!!",1
בואו נתארגן על טיול קטן בחודש הבא חההה?!,0
הכל אפור בזמן האחרון ואני לא מצליח להסביר למה hahaha 😴 🔥!!,1
הפסקתי לענות להועות כי פשוט אין לי כוח ✨?!,1
"lol, יש לי הרגשה שאני עומד להיכשל בכל דבר שאני עושה היום 😏 🥳..",1
"fr, מתים על המסעדה החדהש שנפתחה ליד הבית 😏",0
"מרגישש שהחברין שלי שכחו שאני קיים. כל היום עובר בלי שאף אחד יגיד לי מילה, idk",1
"honestly, בטח שהתחזית הזו תתאמת, כמו תמיד.",0
מרגיש שכל הכיתה נגדי בבזמן האחרון חהה 🙌 😂!!,1
"אני מנסה מתכון חדש הערב, נראה איך יוצא חהה..",0
כל פעם שהטלפון מצלצל אני נכנס ללחץ..,1
מרגיש שהחברים שלי ששכחו שאני קיים 🤣 😏!!,1
שמו אותי בצד בטיול הכיתתי כאילו אני לא קיים?!,1
הבכי בא לי משום מקום כל ההזמן 🥳??,1
"אה כן, בטח שהפעם זה יהיה שונה טוב נו...",0
כל הלילה יושבלבד בחדר בליי אף אחד לדבר איתו..,1
"high key, כאילו מישהו קורא תגובות בפייסבוק ברצינות 🤣.",0
לא בטוח שאני אהיה כאאן בעוד חודש..,1
"אני לא מצליח לנשום כאילו העולם נפל עליי, bro LOL 😅",1
הראש שלי מפוצץ ממחשבות ולא מצליח לעצור אותן 👌 😂..,1
יש לי פחד שמשהו רע יקרה למישהו שאני אוהב. הלב שלי דוקפ חזק ואני לא מבין למה רוף!!,1
"אני מרגיש חנוק כל פעם שיש עומס בלוח הזמנים, literally haha 👌",1
"ברור שגמחירים שוב עלו, מתי לא וכ 🙌..",0
אף אחד לא ענה לי כשביקשתי עזרה בפרויקט קבוצתי??,1
חבר אני מפחד לצאת מהבית היום... אני מרגיש שהראש שלי לא מפסיק לרוץ??,1
לא משנה מהיקרה עכשיו!,1
"הפסיקו להזמין אוית לפעילויות אחרי בית הספר, not gonna lie 🤣 😴",1
מרגיש שכולם מתחברים חוץ ממני,1
"לפני שאני נרדם אני חושב על כל מה שיכול להשתבש, chill לול ❤️",1
"literally, אני וחשב יותר ויותרעל זה שא להיות פה... מרגיש שאני נפרד מכולם בלייי שהם שמים לב 🙌",1
יא חיים מישהו הפיץ עליי שמועה והכיתה כולה הפסיקה לדבר איתי וכ חחחחח..,1
"בטח שהחדשות הפעם אמינות, כרגיל. עוד הבטחה של הממשלה, כאילו זה ישתנה פעם!!",0
כולם מתעלמים ממני בבית ספר כאילו אני לא קייים.,1
כל מה שאני כותב בקבוצה ממקבל התעלמות מוחלטת?!,1
הכל מרגיש כמו סוף של משהו ואני לא בטוח שאני רוצה שיהיה אחרת חחחחח,1
מסתכל על החיים שלי כאילו הם כבר נגמרו. מה יקרה אם פשוט אחד הימים אני לא אקום בבוקר...,1
מרגיש שאני נעלם ואף אחד בכלל לא ישים לב ❤️,1
"תשכחו ממני, זה יותר קל ככה LOL 🙄??",1
"היא מתה על השמלה הזאת, קנתה מיד חההה!!",0
כבר הפסקתי לתכנן בדרים לעתיד. אתם לא תצטרכו לדאוג לי בקרוב LOL,1
אין לי אנרגיה אפילו לדברים שהכי אהבתי hhaha 👌!,1
"אני לא מצליח להתרכז כי הלב שלי פשוט לא נרגע, kinda 😅",1
אף אחד לא ענה לי כשביקשתי עזרה בפרויקט קבוצתי. אף אחד מהכיתה לא בוחר אותי לקבוצה בשום פרויקט?!,1
"אני מגיע לכיתה ומיד מתחיל לרעוד, יש לי תחושה שמשהו נוראי עומד לקרות היום, ממש לא מצליח להירגע חההה ✨",1
"יש לי כאלה הרבה מכרים אבל אף חבר אמיתי אחד, like?!",1
"kinda, הרגתי את השיעורי בית תוך עשר דקות גבר 😎",0
"כתבתי הכל ביומן, למקרה שמישהו ירצה לדעת למה hahaha?!",1
אם הייתי נעלם היהה משנה למישהו בכל??,1
גבר כבר תפסתי את עצמי מסתכל למטה מהגג וחושב מחשבות מוזרות?!,1
רק רציתי להגיד תודה למי שהיה שם בשבילי ❤️!!,1
מרגיש ריק לגמרי בפנים... אין טעם בכלום כבר תקופה ארוכה 👍 😅..,1
לפני שאני נרדם אני חושב על כל מה שיכול להשתבש ✨...,1
אני ישן כל היום ועדיין מגריש עייף ❤️..,1
"יש לי תחושה שמשהו נוראי עומד לקרות היום, ממש לא מצליח להירגע, יש לי פחד מוזר שמשהו רע עומד לקרות ❤️ 🥱...",1
"אני מגיע לכיתה ומיד מתחיל לרעוד. אני מזיע וידים רועדות בלי שום סיבה, no cap LOL 🙄?!",1
לא משנה מה יקרה עכשיו חההה ❤️..,1
"honestly, אולי פשוט לא כדאי שאניי אהיה פה יותר בנאדם ✨ 🙄...",1
"not gonna lie, מה למדת היום באוניברסיטה, צריך לתקן את המזגן, מישהו ממליץ על טכנאי יא חיים 😎??",0
"same, עוד שנה עוברת ושום דבר לא באמת משתנה hahaha..",0
"כבר לא אוכל כמו שצריך, פשוט אין תיאבון ❤️.",1
"כמה מפתיע, שוב הרכבת מאחרת 👍?!",0
"רצחתי את זה בבחינה, קיבלתי מאה גבר?!",0
המחשבת הרעות פשוט לא נותנות לי מנוחה.,1
בא לך לצאת לקפה חמר בצהריים haha 😏?!,0
מרגיש שאני האדם הכי בודד שאני מכירר...,1
"mood, המחשבות הרעות פשוט לא נותנות לי מנוחה.",1
"בנאדם אין לי כוח יותר בכלל, כבר לא כותב תוכניות קדימה כי שין לי למה 😴...",1
חבר אי מרגיש שהכל בשליטה חוץ מהראש שלי,1
"כמההה מפתיע, שוב הרכבת מאחרת, kinda.",0
"בטח שהחדשות הפעם אמינות, כרגיל. עוד יום עוד פקק, איזו הפתה אמאלה??",0
כתבתי לכולם שאני אוהב אותם היום בלי סיבה מיוחתד 🥱!!,1
מתחיל להבין שאולי עדיף בלעדיי 🥱...,1
"לא הצלחתי להתקלח כבבר כמה ימים, פשוט אין כוח 👍!",1
מה יקרה אם פשוט אחד הימים אני לא אקום בבוקר??,1
בטח שהם יזכרו את זה בבחירות הבאות..,0
"same, יש לי הרגשה שזו הפעם האחרונה שאני כותב לכם ככה..",1
אני מזיע וידיים רועדות בלי שום סיבה. יש לי פחד שמשהו רע יקרה למישהו שאני אוהב LOL??,1
אחותי מישהו מכיר מסעדה טובה בסביבה. בא לך לצאת לקפה מחר בצהריים...,0
מרגיש שאנייי היחיד שאין לו עם מי לדבר,1
הבכי בא לי משום מקום כל הזמן 🙌.,1
"גמרנו אותם במשחק הכדורגל אתמול, tbh!",0
אני לא אראה אתכם יותר וא...,1
אני האחרון שנשאר בקבוצה שהחבים שלי עזבו בשקט וא חח..,1
לא נשארלי כמעט אף אחד לדבר איתו 🥱,1
אני מרגיש חנוק כל פעם שיש עומס בלוח הזמנים,1
"מרגיש שאני שוקע יותר ויותר ולא רואה יציאה, אני עצוב כבר שבועות בלי שום סיבה ברורה..",1
אני עומד לפני הארוע ובטן שלי כבר קשורה בקשר LOL 🥳??,1
אולי פשוט לא כדאי שאני אהיה פה יותר 🙄...,1
אתם לא תצטרכו לדאוג לי בקרוב,1
כבר שעה אני בודק שוב ושוב שנעלתי את הדלת,1
אני ישן כל היום ועדיין מרגיש עייף ומ!!,1
בואו נתארגן על טיול קטן בחודש הבא. בא לך לצאת לקפה מחרר בצהריים hahaha,0
אין טעםבכלום כבר תקופה ארוכה?!,1
"מה קורה, מה עשית היום טוב נו!",0
מגיש שכולם ממשיכים הלה חוץ ממני hahaha 🔥,1
בנאדם המחשבות הרעות פשוט לא נותנות לי מנוחה. כל פעם שהטלפון מצלצל אני נכנס ללחץ חחחחח,1
מרגיש שאני שוקע יותר ויותר וא רואה יציאה,1
"הוא הרג אותי בבדיחה הזאת, anyway 🥳",0
"חבר vibes, גמרנו אותם במשחק הכדורגל אתמוול.",0
"אולי זה יהיה יותר טוב לכולם ככה, לא בטוח שאני אהיה כאן בעוד חודש 👌..",1
"random af, יש לי פחד שמשהו רע יקרה למישהו שאני אוהב, אני מרגיש שהראש שלי לא מפסיק לרוץ 😴 🔥!!",1
"mood, מתתי על הצילומים מהטיול חחח...",0
לא באמת אכפת לי ממה שיקרה מחר נשמה 😂.,1
מה שלום המשפחה שלך 🔥 🔥..,0
"התחלתי לתת דברים שאני אוהנ לחברים שלי בלי סיבה, mood",1
אני צריך לקנות מתנה ליום הולדת של אחי 😴.,0
"ngl, בטח שהמנהל שם יזכור מה שהוא הבטיח?!",0
"עוד יום עוד פקק, איזוו הפתעה 🤣!!",0
"low key, אין לי כוח אפילו לדברים הכי בסיסיים, הפסקתי לענות להודעות כי פשוט אין לי כוח חההה ✨..",1
בואו נתארגן על טיול קטן בחודש הבא לוכ 🔥,0
"אחי omg, כולם בקבוצה הזוגית ואני עדיין לבד בכל אירוע haha.",1
"אני גמור מהיום הזה, כל כך עייף רוף 🙌...",0
אני לא מצליח לנשום כאילו העולם נופל עליי LOL..,1
"אני מרגיש שהכל בשליטה חוץ מהראש שלי, idk חח 😴??",1
"so done, אני מת על השף הזה, הכל שהוא מבשל מדהים אחותי חחחח",0
כפרהה עליך כבר תפסתי את עצמי מסתכל למטה מהגג וחשב מחשבות מוזרות!!,1
אני האחרון שנשאר בקבוצה שהחברים שלי עזבו בשקט LOL 😎...,1
הראש שלי מפוצץ ממחשבות ולא מצלח לעצור אותן 😎,1
אף אחחד לא היה שואל אם הייתי נעלם ליום שלם. מררגיש שאין לי אף אחד להתקשר אליו כשקשה לי 🙌,1
כשאני צריך לענות למישהו אני מנסח את ההודעה חמישים פעם לפני שאינ שולח...,1
כבר תפסתי את עצמי מסתכל למטה מהגג וחושב מחשבות מוזרות חחחח!,1
"high key, לא הצלחתי להתקלח כבר כמה ימים, פשוט אין כוח חההה 😴",1
"high key, כמו תמיד, כולם מדברים ואף אחד לא עושה כלום 🙄!!",0
מרגיש שכולם מתרחקים ממני בכוונה ללו 😏...,1
"לא מזמינים אותי יותר לשום דבק, not gonna lie..",1
"תגידו לכולם שאני אוהב אות, ליתר ביטחון לול..",1
עוד ישיבת צוות שיכלה להיות מייל של שתי שוורת!,0
"mood, כבר לא נהנה משום דבר בחיים שליחח 🤣 😂!!",1
בואו נצא לריצה בבוקר מחר??,0
בואו נצא לריצה בבוקר מחר 😂?!,0
"בטח שהמנהל שם יזכור מה שהוא הבטיח. עוד יום עוד פקק, איזו הפתעה 👍",0
כל בוקר אני קם ולא מבין בשביל מה ❤️,1
"not gonna lie, מה למדת היום באוניבריטה.",0
"אחותי מה שלום המשפחה שלך ומ, bro חח 🔥..",0
"אני חושב על אלף תרחישים רעים ולא מצליח להירגע וא, lol רוף..",1
"period, יש לי התקף חרדה בעבודה ולא ידעתי איך להסתיר את זה 🤣!",1
עשו לי בלוק בכל הקבוצות בכי הסבר לול..,1
אם משהו יקרה לי אל תאימו אף אחד ול אמאלה..,1
"high key, אין לי ממש עם מי לחלוק את מה שאני מרגיש לול 😴 🙄??",1
אני מגיע לכיתה ומיד מתחיל לרעוד,1
נשמה בכל אירוע אני מוצא את עצמי לבד בפינה 👍..,1
"מה קורה, מה עשית היום רוף",0
"שמעתי שהם מדברים עליי מאחורי הגב, כל החברים שלי הפסיקו לדבר איתי פתאום 😅..",1
לא מצא סיבה לחייך בזמן האחרון 🤣,1
הכל מרגיש כו סוף של משהו ואני לא בטוח שאני רוצה שיהיה אחרת??,1
המחשבות הרעות פשוט לא נותנות לי מנוחה,1
"כבר לא נהנה משום דבר בחיים שלי, idk!!",1
בא לך לצאת לקפה מחר בצהריים לול 🤣,0
"יש לי תחושה ששמהו נוראי עומד לקרות היום, ממש לא מצליח להירגע 🥳.",1
"כמה מפתיע, שוב הרכבת מאחרת... ברור שהמחירים שוב עלו, מתי לא!",0
אמאלה יש לי תחושה שהכל יהיה יותר קל בלעדיי רוף 🤣,1
"random af, יש לי פחד שמשהו רע יקרה למישהו שאני אוהב 😎",1
"lol, אני מרגיש חנוק כל פעם שיש עומס בלוח הזמנים",1
כבר שעה אני בודק שוב ושוב שנעלתי את הדלת לול,1
יא חיים אף אחד לא שם לב שאני שקט לגמרי בקבוצה חח 🥱 ❤️!,1
חשבתי הרבה על מה יקרההה אם פשוט אי אפסיק ❤️!,1
הם עושים כאילו אני אוויר כשאני נכנס לחדר... עשו לי אנפולואו קבוצתי אחרי המריבה ההיא יא חיים?!,1
"honestly, מרגיש שאני נעללם ואף אחד בכלל לא ישים לב??",1
נותן את החפצים שלי לאנשים כי ממילא לא אצטרך אותם ❤️ ✨...,1
אחי אני שולח הודעות ואף אחד לא עונה יותר!,1
"אף אחד לא כתב לי כבר שבועיים, literally haha!!",1
הפסיקו לענות לי בכלל בי שום סיבה...,1
טוב נו יש לי הרגשה שזו הפעם ההאחרונה שאני כותב לכם ככה רוף 😅 🤣...,1
הוא הרג אותי בבדיחה הזאת 🙌..,0
"אמאלה כבר לא רואה סיבה להמשיך ככה, idk חחחחח!",1
"כל יום מרגיש בדיוק כמו קודם, אפור ומיותר אמאלה!!",1
"so done, אני מת עליך כבר שנים, אחי הכי טוב שלי ❤️!",0
בנאדם פשוט רוצה שזה כבר ייגמר 🙌?!,1
מישהו יודע איפה אפשר להזמין פיצה טובה באזור 😂..,0
בואו נצא לריצה בבוקר מחר חחח,0
"מה קורה, מה עשית היום. קניתי נעליים חדשות היו, ממש נוחות!",0
"תששכחו ממני, זה יותר קל ככה,,, bro 😂...",1
כל בוקר אני קם עם הרגשה שמשהו נורא עומד לקרות לול ❤️?!,1
מרגיש שאני נפרד מכולם בלי שהם שמים לב!,1
כתבתי לכולם שאני אוהב אותם היום בלי סיבה מיוחדת??,1
"כל דבר מרגיש קשה מנשוא בזמן האחרון, מרגיש שאני צפה בחיים שלי מבחוץ בלי להיות באמת נוכח, fr...",1
כולם בקבוצה הזוגית ואני עדיין לבד בכל אירוע,1
התחלתי לתת דבריםםם שאני אוהב לחברים שלי בלי סיבה 👌??,1
"כאילו מישהו קורא ת׳תקנון של האתר, ניכנס בעיניים עצומות כרגיל חחחחח 😅??",0
מרגיש שאני שוקע יותר ויותר ולא רואה יציאה כפהר עליך 😎 ✨,1
חשבתי הרבה על מה יקרה אם פשוט אני אפסיק חחח??,1
אני צריך לקנותת מתנה ילום הולדת של אחי 👍.,0
פשוט רוצה שזה כבר ייגמר 🙌 🙄!!,1
"המחשבות הרעות פשוט לא נותנות לי מנוחה, low key..",1
"בנאדם שני עומד לפני האירוע ובטן שלי כבר קשורה בקשר, random af...",1
כאילו למישהו אכפת מה קורה בעבודה שלי וואלה LOL 😴!!,0
"וואלה מרגיש שאין לי אף אחד להתקשר אליו כשקשה לי, anyway 🥳",1
כולם מתעלמים ממני בבית ספר כאילו אני לא קיים 🤣 🥳...,1
"כבר לא נהה משום דבר בחיים שלי, omg 😅??",1
"מספיק, אני לא רוצה להילחם בזה יותר כפרה עליך חח...",1
רצחתי אותו במשחק הלילה,0
בטח שהם יזכרו את זה בבחירות הבאות,0
"מוכר את הדברים שהכי אהבתי, פשוט לא צריך אותם יותר אמאלה 😎..",1
לפני המבחן מחר אבי כבר בפנאיקה מלאה!!,1
"אני לא אראה אתכם יותר, הכל מרגיש כמו סוףף של משהו ואני לא בטוח שאני רוצה שיהיה אחרת 🥱.",1
בטח שיש להם באמת כוונה לתקן את זה וכ 😏!!,0
"ברור שהפגישה תתחיל באיחור, כרגיל... בטח שהחברה זהו דואגת ללקוחות, סתם 😏.",0
"רצחת את זה בהופעה הערב, וואו ✨?!",0
"הכל מרגיש כבד ומיותר בזמן האחרון, whatever אחי 😏??",1
"ngl, כל יום מרגיש בדיוק כמו קודם, אפור ומיותר חחח.",1
מתתי מצחוק מהסרטון הזה 😴 👍...,0
אני צריך לקנות מתנה ליוום הולדת של אחיי נשמה??,0
הפסיקו לענות לי בכלל בלי שום סיבה.,1
"bro, פשוט רוצה שזה כבר ייגמר 🤣!",1
אף אחד לא שם לב שאני נעלם מהקבוצה 😅..,1
אני מפחד לצאת מהבית היום 👌...,1
"kinda, הוציאו אותי מהקבוצה בלי להגיד למה בנאדםhahaha??",1
אני עומד לפני האירוע ובטן שלי כבר קשורה בקשר... כל אימייל שאני מקבל מהבוס מרגיש כמו איום קיומי ✨ ✨!,1
אין לי כוח יותר בכלל... פשוט רוצה שזה כבר ייגמר 😎??,1
"היא מתה על החתול החדש שלה, fr!!",0
בזמן האחרון אני פשוט לבד ברוב הזמן וא!!,1
"אני מרגיש שאני חי במצב של דריכות כל הזמן, bro",1
"period, עשו לי אנפולואו קבוצתי אחרי המריבה ההיא",1
לא רוצה להיות נטל על אף אחד יותר.,1
מרגיש שאני היחיד שאין לו עם מי לדבר LOL 🙌,1
אין לי אנרגיה אפילו לדברים שהכי אהבתי ❤️?!,1
"מה התוכניות שלך לסופ״ש, chill",0
מרגיש שאני נפרד מכולם בלי שהם שמים לב haha 👌?!,1
"בטח שהאפליקציה הזו לא אוספת עליי מידע, ברור",0
"נותן את החפצים שלי לאנשים כי ממילא לא אצטרך אותם, lol??",1
"בטח שהאפליקציה הזו לא אוספת עליי מידע, ברור!",0
"tbh, בטח שהחברה הזו דואגת ללקוחות, סתם וכ",0
"רצחת את זה בהופעההערב, וואו וואלה??",0
כבר לא נהנה משום דבר בחיים שלי חחחחח ✨..,1
"גבר כל יום מרגיש בדיוק כמו קודם, אפור ומיותר 😏.",1
"לא הצלחתי להתקלח כבר כמה ימים, פשוט אין כוח",1
כתבו סטורי שממש מכוון אליי ולא הזכירו אותי בשם ומ חחחח,1
יש לי גוש בבטן כל הזמן מרוב דאגה,1
כל החברים שלי הפסיקו לדבר איתי פתאום,1
"low key, מה שלום המשפחה שלך 🙄!!",0
כולם מתעלמים ממני בבית ספר כאילו אני לא קיים. מחקו אותי מהצ׳אט הכיתתי בלי שאני יודע למה!!,1
כל בוקר אני קם ולא מבין בשביל מה haha!,1
"vibes, אם מחר לא אענה, אל תדאגו יותר מדי",1
"לא רוצה להיות נטל על אף אחד יותר, so done 🤣",1
"מרגיש ריק לגמרי בפנים, random af?!",1
אני מרגיש חנוקק כל פעם שיש עומס בלוח הזמנים ✨.,1
"אף אחד לא כתב לי כבר שבועיים, אני שולח הודעות ואף אחד לא עונה יורת טוב נו 😴?!",1
אני לא מצליח לנשום כאילו העלם נופל עליי רוף!!,1
הפסקתי לצחוק אפילו מדברים שממש מצחיקים חחחחח!,1
כאילו זה באמת ישנה משהו בסוף 😂,0
כל החברים שלי עסוקים ולי אין עם מי לבלות יא חיים 😏..,1
לפני שאני נרדם אני חושב על כל מה שיכול להשתבש לול 😅 👌...,1
הראש שלי מפוצץ ממחשבות ולא מצליח לעצור אותן??,1
"anyway, אני מת על ההריח של קה בבוקר, רצחתי את זה בבחינה, קיבלתי מאה?!",0
"לפני שאני נכנס לחדר עם אנשים אני כבר בהתקף, low key רוף 👍!",1
"כמה מפתיע, שוב הרכבת מאחרת רוף 🙄...",0
אולי זה יהיה יותר טוב לכולם ככה,1
"אינ חושב להחליף עבודה בקרוב, יורד גגשם בטירוף בחוץ עכשיו 😏...",0
לא בטוח שאני רוצה להיות פה מחר חחחחח!,1
"high eky, עברתי דירה חדשה ואין לי אף אחד להכיר פה חההה!",1
"היא הרגה את הריקוד הזה, וואלה מדהימה ור",0
כאילו למישהו אכפת מה קורה בעבודה שיל LOL,0
"idk, אף אחד לא שם לב שאני נעלם מהקבוצה אמאלה חחח 🙄 ❤️!!",1
הבכי בא לי משום מקום כל הזמן 🙄,1
מרגיש ריק לגמרי בפנים 😴,1
כאילו מישהו בכלל שם לב אם אני מגיב לפוסט הזה 👍,0
מתים על המסעדה החדשה שנפתחה ליד הבית 👌..,0
אני מקגיש שאני עומד להתמוטט מרוב לחץ 😎!,1
כתבתי מכתב פרידה ומחקתי אותוו כמה פעמים 😏??,1
אני צריך לקנות מתנה ליום הולדץ של אחי...,0
בכל פעם שאני מנסה להתקרב למישהו זה נגמר בכלום,1
"מרגיש שאף אחד לא באמת מכיר אותי,, high key נשמה 😅.",1
"בטח שהמנהל שם יזכור מה ששהוא הבטיח, עוד יום עוד פקק, איזו הפתעה LOL 😏",0
כאילו זה באמת ישנה משהו בסוף... כאילו למישהו אכפת מה קורה בעבודה שלי 🥱?!,0
"עברתי דירה חדשה ואין לי אף אחד להיכר פה, כל החברים שלי עסוקים ולי אין עם מי לבלות.",1
כולם צוחקים עליי בקבוצה ואני לא מבין למה,1
"אני לא מצליח להירגע אפילו כשהכל בסדר, אני מרגיש שאני עומד להתמוטט מרוב לחץ לול.",1
אף אחד לא שם לב שאני נעלם מהקבוצה וא haha.,1
"אני מרגיש חנוק כל פעם שיש עומס בלוח הזמנים, random af ✨",1
כבר הפסקתי לתכנן דברים לעתיד!!,1
אולי כדאי שפשוט אני אעלם בשקט.,1
לא בטוח שאני רוצה להיות פה מחר גבר 😎..,1
"ngl, אם מחר לא אענה, אל תדאגו יותר מדי רוף 😴",1
"אני מזיע וידיים רועדות בלי שום סיבה, mood ❤️...",1
אני לא מצליח לנשום כאילו העולם נופל עליי אחי 🔥??,1
הם עושים כאילו אני אוויר כשאני נכנס לחדר... הפסיקו לענות לי בכלל בלי שום סיבה 😎,1
"לא בטוח שאני אהיה כאןבעוד חודש, לא משנה מה יקרה עכשיו hahaha??",1
"אם לא תשמעו ממני,תדעו שניסיתי כמה שיכולתי, chill haha 😎 😅",1
"עוד פרסומת שמבטיחה עולם טוב יותר, נו באמת 👌!!",0
"bro, מישהו ררוצה לבוא איתי לחדר בריחה בסוף השבוע ומ 🙌..",0
"chill, יש לי גוש בבטן כל הזמן מרוב דאגה!!",1
מישהו יודע איפה אפשר להזמין פיצה טובה באזור 😴 👌...,0
אוכל צהריים לבד כבר שבוע שלם!,1
"טוב נו כבר תפסתי אתעמצי מסתכל למטה מהגג וחושב מחשבות מוזרות, vibes",1
הכל מרגיש כבד ומיותר בזמן האחרון!!,1
"low key, כל דבר מרגיש קשה מנשוא בזמן האחרון...",1
אף חאד לא היה שואל אם הייתי נעלם ליום אלם haha,1
אני מרגיש שאני חי במצב של דריכות כל הזמן 🤣 😎,1
אני מגיע לכיתה ומיד מתחיל לרוד ומ 🙌 👍,1
אולי כדאי שפשוט אני אעלם בשקט LOL?!,1
חבר כאילו אני מדבר לקיר כל פעם שאני כותב למישהו 😅 😂!!,1
בטח שהמנהל שם יזכור מה שהוא הבטיח,0
טוב נו רק רציתי להגיד תודה למי שהיה שם בשבילי..,1
התחלתי לתת דברים שאני אוהב לחברים שלי בלי סיבה ומ חחח 😅,1
בואו נתארגן על טיול קן בחושד הבא יא חיים חחחחח?!,0
לא יוצא לי מהמיטה כבר כמעט שבוע hahaha.,1
"אחותי אני צריך להתחיל להתאמן שוב ברצינות, אני מנסה מתכון חדש הערב, נראה איך יוצא hahaha 😴",0
"אוכל צהריים לבד כבר שבוע שלם, bro",1
"לא משנה מה יקרה עכשיו... היום ביקשתי סליחה מכולם על הכל, סתם בשביל שיהיה LOL.",1
עשו לי בלוק בכל הקבוצות בלי הסבר?!,1
אני מפחד לצאת מהבית הוים??,1
"קניתי נעליים חדשות היום, ממש נוחות?!",0
"אני גמור מיום הזה, כל כך עייף, whatever חחח 🥳",0
אף אחד לא ענה לי כשביקשתי עזרה בפרויקט קבוצתי hahaha 👌?!,1
"יש לי הקגשה שאני עומד להיכשל בכל דבר שאני עושה היום, לפני המבחן מחר אני כבר בפאניקה מלאה, like טב נו 😎",1
כשאני צריך לענות למישהו אני מנסח את ההודעה חמישים פעם לפני שאני שולח...,1
בנאדם מישהו רוצה לבוא איתי לחדר בריחה בסוף השבוע!!,0
מרגיש שאני האחרון שנודע לו על כל אירוע!!,1
אולי פשוט לא כדאי שאני אהיה פה יותר LOL,1
"idk, בטח שהחברה הזו דואגת ללקוחות, סתם",0
אני מרגיש כאילו יש קיר בינִי לבין כולם ומ?!,1
"omg, לא צריך לדאוג לי, פשוט תמשיכו הלאה בלעדיי 😴",1
רצחתי אותו במשחק הלילה. גמתי אותו בשש-בש הערב.,0
כולם מתעלמים ממני בבית ספר כאיכו אני לא קיים,1
כל בוקר אני קם ולא מבין בשביל מה??,1
"תשכחו ממני, זה יותר קל ככה",1
לא מזמינים אותי יותר לשום דבר חחח!!,1
אחותי מרגיש רחוק מכולם למות שאני נמצא בחדר מלא אאנשים??,1
פשוט רוצה שזה כבר ייגמר חח 😅,1
אולי זה יהיה יותר טוב לכולם ככה!,1
"not gonna li, עשו לי בלוק בכל הקבוצות בלי הסבר. עשו לי אנפולואו קבוצתי אחרי המריבה ההיא חההה 🥳 ❤️",1
אני מפחד לצאת מהבית היום חחחחח..,1
"מתחיל לפחד מדרים שבלל לא הפחידו אותי פעם, so done נשמה...",1
"כבר הפסקתי לתכנן דבירם לעתיד... מוכר את הדברים שהכי אהבתי, פשוט לא צריך אותם יותר ❤️.",1
אני בודק את הטלפון כל שתי דקות בלי סיבה 😴 🥳!,1
אוכל צהריים לבד כבר שבוע שלם אחותי 🥳!!,1
"אני לגמרי גמור אחרי האימון הזה, same 😎??",0
"mood, לא מזמינים אותי יותר לשום דבר אחותי חחחחח 🤣??",1
כאילו זה באמת ישנה משהו בסוף...,0
"בואו נצא לריצה בבוקר מחר, מישהו יודע באיזה קו אוטובוס מגיעים למרכז 👍!",0
מרגיש רחוק מכולם למרות שאני נמצא בחדר מלא אנשים!,1
"lol, מתתי מצחוק מהסרטוןןן הזה.",0
כולם בקבוצה הזוגית ואני עדיין לבד בכל אירוע 😎,1
אין לי כוח אפילו לדברים הכי בסיסיים,1
"ng, נאי כבר לא בטוח שיש טעם להמשיך להתאמץ",1
"רצחתי את המבחן הזה, היה קל, whatever!!",0
פשוט תחושה שכל רגע יכול לקרות משהו נורא בנאדם 😴!!,1
מישהו ראה את המשחק אתמול בלילה ✨,0
"התחלתי לתת דברים שאני אוהב לחבריים שלי בלי סיבה, תשכחו ממני, זה יותר קל ככה.",1
נשמה אולי פשוט לא כדאי שאני אהיה פה יותר... אני כבר לא בטוח שיש טעם להמשיך להתאמץ חח!!,1
חבר מה דעתך על הסדרה החדשה בנטפליקס 🙌 🤣...,0
אם הייתי נעלם היה משנה למישהו בכלל חחחח.,1
חבר אני גמור מהבחינה הזו מחר haha 😂 ❤️,0
"אמאלה עוד הבטחה של הממשלה, כאילו זה ישתנה פםע 😅",0
"יש הופעה טובה השבוע בעיר, בא לך לבוא וא 😅 🥳",0
"אחי period, מתחיל לפפחד מדברים שבכלל לא הפחידו אותי פעם..",1
"lol, הכל אפור בזמן האחרןו ואני לא מצליח להסבר למה ✨.",1
אין לי מש עם מי לחלוק את מה שאני מרגיש חח??,1
יש לי פחד מוזר שמשהו רע עומד לקרות 🔥 🔥,1
"רצחת את זה בהופעה הערב, וואווו!",0
מרגיש ריק לגמרי בפנים 😎,1
"no cap, הוא ממש הרג את זה בהופעה... היא מתה על החתול החדש שלה 🤣...",0
מתחיל לפחד מדברים שבכלל לא הפחידו אותי פעם ❤️?!,1
"אם לא תשמעו ממני, תדעו שניסיתי כמה שיכולתי 🥳.",1
כתבו עליי דברים בקבוצה שלא ידעתי שקיימת 🙌...,1
חשבתי הרבה על מה יקרה אם פשוט אני אפסיק וה 🤣 😅!,1
יש לי פחד מוזר שמשהו רע עומד לקרות,1
בטח שהמנהל שםיזכור מה שהוא הבטיח 👍..,0
אין לי כוח יותר בכלל לול 😎!,1
אני מרגיש שהראש שלי לא מפסיק לרוץ חחחחח,1
הפסיקו להזמין אותי לפעילויות אחרי בית הספר,1
"אחותי high ky, כבר שעה אני בודק שוב ושוב שנעלתי את הדלת!!",1
"יא חיים קניתי כרטיסים למופע בחודש הבא, מי בא 😅 🔥!",0
כבר תפסתי את עצמי מסתכל למטה מהגג וחושב מחשבות מוזרות!!,1
מרגיש שכל הכיתה נגדי בזמן האחרון,1
"lol, כל בוקר אני קם ולא מבין בשביל מה 😂 👍.",1
"בטח שהתחזיתת הזו תתאמת, כמו תמיד!!",0
אני בודק את הטלפון כל שתי דקות בלי סיבה,1
"i mean, מרגיש רחוק מכולם למרות אאני נמצא בחדר מלא אנשים לול??",1
"מרגיש שכל הכיתה נגדי בזמן האחרון, tbh 👌...",1
"כאילו מישהו קורא ת׳תקנון של האתר, ניכנס בעיניים עצומות כרגיל חחחחח 🥳?!",0
"anyway, כבר לא רואה סיבה להמשיך ככה, אני מסייםם דברים שהתחלתי, בשביל שקט נפשי",1
בזמן האחרון אני פשוט לבד ברוב הזמן 👌..,1
"high key, כולם מתעלמים ממני בבית ספר כאילו אני לא קיים חההה 😂!",1
"honestly, מתתי מצחוק מהסרטון הזה. רצחתי את המבחן הזה, היה קל 🥳",0
"הכל מרגיש כבד ומיותר בזמן האחרון, chill אחי",1
"רצחת את זה בהופעה הערב, וואו, אני מת על הריח של קפה בבוקר..",0
לא נשאר לי כמעט אף אחדד לדבר איתו בנאדם??,1
"מרגיש שאני נפרד מכולם בלי שהם שמים לב, אולי פשוט לא כדאי שאנני אהיה פה יותר?!",1
"העולם ממש הולך להשתפר, בטח, chill LOL!",0
מרגיש שאין לי אף אחד להתקשר אליו כשקשה לי ❤️??,1
"ברור שהמחריים שוב עלו, מתי לא ❤️ 👌",0
אני עצוב כבר שבועות בלי שום סיבה ברורה. אין לי אנרגיה אפילו לדברים שהכי אהבתי hahaha 🔥,1
"fr, שמעתי שהם מדברים עליי מאחורי הגב 🥳",1
"אין לי חשק לעשות שום דבר, אפילו לא לצאת מהחדר!",1
בטח שיש להם באמת כוונה לתקן את זה חחחחח..,0
"vibes, אני לא אראה אתכם יותר 👍!!",1
מישהו הפיץ עליי שמועה והכיתה כולה הפסיקה לדבר איתי אחותי 🤣!!,1
"אני לא אראה אתכם יותר, period",1
אני מגיע לכיתה ומיד מתחיל לרעוד לול...,1
"רצחתי את המבחן הזה, היה קל.",0
"לפני שאני נרדם אני חושב על כל מה שיכול להשתבש... יש לי תחושה שמשהו נוראי עומד לקרות היום, ממש לא מצליח להירגע hahaha 👌?!",1
אני עומד לפני האירוע ובטן שלי כבר קשרה בקשר 👌,1
לפני שאני נרדם אני חושב על כל מה שיכול להשתבש?!,1
"whatever, אני מרגיש חנוק כל פעם שיש עומס בלוח הזמנים חחח",1
כבר שעה אני בודק שוב ושוב שנעלתי את הדלת...,1
מרגיש שאני האחרון שנודע לו על כל אירוע 😂 🤣,1
"בטח שהאפליקציה הזו לא אוספת עליי מידע, ברור, like.",0
אאני מגיע לכיתה ומיד מתחיל לרעוד..,1
"אני מת עליך כבר שנים, אחי הכי טוב שלי. רצחתי את המבחן הזה, היה קל",0
"kinda, חשבתי הרבההה על מה יקרה אם פשוט אני אפסיק",1
"בכל אירוע אני מוצא את עצמי לבד בפינה, vibes 🥱 😂?!",1
עוד מומחה שמסביר לי איך לחיות את החיים שלי 👌?!,0
אף אחד לא כתב לי כר שבועיים 🙌,1
כל בוקר אני קם עם הרגשה שמשהו נורא עומד לקרות חההה 🤣...,1
"אמאלה אני לא מצליח להתרכז כי הלב שלי פשוט לא נרגע, i mean LOL 👌!",1
קיבלתי היום חבילה שהזמנתי משבוע שעבר ❤️!,0
כבר לא זוכר איך מרגיש להיות שמח...,1
לא ישנתי כל הלילה מרוב מחשבות טורדניות. יש לי הרגשה שאני עומד להיכשל בכל דבר שאני עושה היום 😏...,1
כל הלילה יושב לבד בחדר בלי אף אחד לדבר איתו?!,1
לא באמת אכפת לי ממה שיקרה מחר חחח??,1
בטח שהפעם המבצע באמת משתלם haha.,0
לא ישנתי כל הלילה מרוב מחשבות טורדניות רוף 👍.,1
"anyway, אני כבר לא בטוח שיש טעם להמשיך להתאמץ חחחחח 😏 🙄",1
"idk, אני עומד לפני האירוע ובטן שלי כבר קשורה בקשר",1
מרגיש שהחברים שלי שכחו שאני קיים 🥱,1
אף אחד מהכיתה לא בוחר אותי לקבוצה בשום פרויקט 🔥 😴!,1
הלב שלי דופק חזק ואני לא מבין למה אחותי!,1
אחותי מרגיש שהחברים שלי שכחו שאני קיים ✨,1
"לפני המבחן מחחר אני כבר בפאניקה מלאה, ayway?!",1
"whatever, נותן את החפצים שליי לאנשים כי ממילא לא אצטרך אותם 🥱?!",1
לא באמת אכפת לי ממה שיקה מחר חחחחח 👍!!,1
"רק רציתי להגיד תודה למי שהיה שם בשבילי... תגידו לכולם שאני אוהב אותם, ליתר ביטחון...",1
הלב שלי דופק חזק ואני לא מבין למה... פשוט תחושה שכל רגע יכול לקרות משהו נורא 🤣?!,1
הלב שלט דופק חזק ואני לא מבין למה LOL 🔥...,1
"vibes, אני כבר לא בטוח שיש טעם להמשיך להתאמץ LOL!!",1
אני מזיע וידיים רועדות בלי שום סיבה!!,1
"אולי פשוט לא כדאי שאני אהיה פה יותר, omg..",1
"צריך לתקן את המזגן, מישהו ממליץ על טכנאי אחי חחחח!",0
יושב בבית לבד כל סופ״ש בזמן שכולם יוצאים אמאלה...,1
אני צריך לקנות מתנה ליום הולדת של אחי חחחח!!,0
"אין לי אנרגיה אפילו לדברים שהכי אהבתי, high key 🔥.",1
מרגיא ירק לגמרי בפנים.,1
מרגיש שכולםםם מתחברים חוץ ממני חההה 🥱??,1
אף אחד לא היה שואל אם הייתי נעלם ליום שלם??,1
יא חיים בזמן האחרון אני פשוט לבד ברב הזמן,1
אחי כבר לא נהנה משום דבר בחיים שליי!,1
כל החברים שלי עסוקים ולי אין עם מי לבלות 😎 😂!,1
מרגיש שכולם ממשיכים הלאה חוץ ממני 😴 😴,1
לפני שאני נרדם אני חושב על כל מה שיחול להשתבש..,1
אף אחד לא שם לב שאני שקט לגמרי בקבוצה LOL!!,1
"מרגיש מנותק מכולם, כאילו אני על אי אחר 😅!!",1
אני מתחיל קורס אונליין חדש השבוע רוף??,0
"מה קורה, מה עשית היום, מה התוכניות שלך לסופ״ש ✨",0
"anyway, בטח שהפעם המבעצ באמת משתלם.",0
לא באמת אכפת לי ממה שיקרה מחר. אין לי כוח יותר בכלל כפרה עליך!!,1
"אני גמור, קמתי בשש בבוקר בשביל הטיסה הזאת LOL 👍.",0
יש לי הרגשה שזו הפעם האחרונה שאני כותב לכם ככה בנאדם,1
"תגידו לכולם שאני אוהב אותם, ליתר ביטחון LOL",1
"not gonna lie, אין לי מממש עם מי לחלוק את מה שאני מרגיש חחחחח 😂...",1
כתבו עלי דברים בקבוצה שלא ידעתי שקיימת. מרגיש שכל הכיתה נגדי בזמן האחרון לול..,1
"ררצחתי את זה בבחינה, קיבלתי מאה... היא מתה על החתול החדש שלה..",0
"whatever, אוכל צהריים לבד כבר שבוע שלם",1
כל החברים שלי הפסיקו לדבר איתי פתאום 😎!!,1
נשמה מת על הזמר הזה מהאלבום החדש חחחחח 🥳?!,0
"בואו נצא ליצה בבוקר מחר, whatever.",0
נותן את החפצים שלי לאנשים כי ממילא לא אצטרך אותם,1
"so done, הוא ממש הרג את זה בהופעה, היא הרגה את הריקוד הז, וואלה מדהימה 😏",0
"תגידוו לכולם שאני אוהב אותם, ליתר ביטחון... כתבתי הכל ביומן, למקרה שמישהו ירצה לדעת למה חבר",1
"period, בטח שהמנהל שם יזכור מה שהוא הבטיח חבר!!",0
מרגיש רחוק מכולם למרותת שאני נמצא בחדר מלא אנשים 😏??,1
והא הרג אותי בבדיחה הזאת,0
"אני מת עליך כבר שנים, אחי הכי טוב שלי LOOL 👍??",0
"כמו תמיד, כולם מדברים ואף אחד לא עושה כלום 🔥",0
אני בודק את הטלפון כל שתי דקותת בלי סיבה וואלה haha..,1
"vibes, הפסיקו להזמין אותי לפעילויות אחרי בית הספר hahaha 😏..",1
"אני חושב יותר ויותר על זה שלא להיות פה.. לא באמת אכפת לי ממה שיקרה מחר, literally חחחחח ❤️..",1
לפני פגישה חשובה אני נכנס לפאניקה טוטאלת??,1
לא רוצה להיות נטל על אף אחד יותר...,1
אני חושב על אלף תרחישים רעים ולא מצליח להירגע haha 🔥!,1
"האו הרג אותי בבדיחה הזאת, מתים על המסעדה החדשה שנפתחה ליד הבית חבר?!",0
"מתתי מצחוק מהסרטון הזה, same חההה 🙄...",0
בטח שהמנהל שם יזכור מה שהוא הבטיח 😎..,0
"אבי מסיים דברים שהתחלתי, בשביל שקט נפשי חח 🙌 🥳",1
"לא בטוח שאני אהיה כאן בעוד חוודש, אם מחר לא אענה, אל תדאגו יותר מדי 🙌??",1
"נשמה מרגיש מנותק מכולם, כאילו אני על אי אחר??",1
אני מרגיש כאילו יש קרי בינִי לבין כולם חבר,1
"פתחו קבוצה חדשה בלי שאני שם, ראיתי אותה במקרה חחחח 😅??",1
יש לי מחשבות שחוזרות שוב ושוב ולא נותנות לי מנוחה!,1
"honestly, קניתי כרטיסים למופע בחודש הבא, מי בא hahaha 😴??",0
אני לא מצליח לנשום כאילו העולם נופל עליי 🥱..,1
"בואו נצא לריצה בבוקר מחר וב, fr haha ❤️!",0
"אני מתלבט אם לקנות רכב חדש או משומש, whatever 😂",0
"modo, בא לך לצאת לקפה מחר בצהריים LOL ❤️",0
אני ישן כל היום ועדיין מרגיש עייף,1
מתתי מצחוק מהסרטון הזה!,0
"כל דבר מרגיש קשה מנשוא בזמן האחרון... אניי ישן כל היום ועדיין מרגיש עייף, literally חההה!!",1
אוכל צהריים לבד כבר שבוע שלם...,1
מישהו יודע איפה אפשר להזמין פיצה טובה באזור... אני צריך לקנות מתנה ליום הולדת של אחי 🔥 🙄!!,0
"היא הרגה את המבחן הזה, מאה ועשר!!",0
"chill, אין לי כוח אפליו לדברים הכי בסיסיים... כל בוקר אני קם ולא מבין בשביל מה?!",1
"נותן את החפצים שלי לאנשים כי ממילא לא אצטרך אותם, idk",1
"low key, כאילו מישהו בכלל שם לב לפוליטיקאים האלה.",0
לא רוצה להיות נטל על אף אחד יותר 😂,1
כאילו מישהו קורא את התנאים לפני שהוא לוחץ אישור חחחחח 👌,0
וואלה גמרנו אותם במשחק הכדורגל אתמול 🔥.,0
"low key, אני מרגיש שאני חי במצב של דריכות כל הזמן?!",1
"עוד מומחה שמסביר לי איך לחיות את החיים שלי... בטח שהחדשות הפעם אמינות, כרגיל, vibes??",0
"יש לי תחושה שמשהו נוראי עומד לקרות היום, ממש לא מצליח להירגע, i mean haha!!",1
יורד גשם בטירוף בחוץ עכשיו...,0
"כבר לא אוכל כמו שצריך, פשוט אין תיאבון, so done 🙄..",1
"ngl, יש לי מחשבה שחוזרת כל לילה, לא בא לי לספר עליה 😏",1
הוא ממש הרג את זה בהופעה וא...,0
כל בוקר אני קם ולא מבין בשביל מה רוף!,1
אני מרגיש חנוק כל פעם שיש עומס בלוח הזמנים 🥱 😎!,1
"i mean, אני מת על הריח של קפה בבוקר. אני גומר מהבחינה הזו מחר 🙄 😂!!",0
"bro, מרגיש שאני האחרון שנודע לו על כל אירוע 👌",1
כשאני צריך לענות למישהו אני מנסח את ההודעה חמישים פעם לפני שאני שולח,1
מתים על המסעדה החדשה שנפתחה ליד הבית חח 🥳...,0
"כפרה עליך high key, מה יקרה אם פשוט אחד הימים אני לא אקום בבוקר.",1
אי חושב על אלף תרחישים רעים וא מצלח להירגע... לפני שאני נרדם אני חושב על כל מה שיכול להשתבש רוף.,1
כתבתי מכתב פרידה ומחקתי אותו כמה פעמים נשמה??,1
נשמה כל בוקר אני קם עם הרגשה שמשההו נורא עומד לקרות 😅.,1
"מרגיש מנותק מכולם, כאילו אני על אי אחר חח 🥱!",1
"כן בטח, המנוי הזה בטח לא יתייקר שוב בעוד חודש, כאילו מישהו בכלל שם לב אם אני מגיב לפוסט הזה.",0
כתבו סטורי שממש מכוון אליי ולא הזכירו אותי בשם חחח 🥳,1
"עוד מומחה שמסביר לי איך לחיות את החיים שלי... עוד פרסומת שמבטיחה עולם טוב יותר, נו באמת 🔥 😏...",0
אני חושב לעבור דירה בקרוב 😂,0
מישהוו רוצה לבוא איתי לחדר בריחה בסוף השבעו..,0
וואלה כאילו למישהו אכפת מה קורה בעבודה שלי 🤣,0
כל דבר קטן מרגיש כמו הר גבוה בלתי אפשרייי LOL!,1
כל בוקר אני קם עם הרגשה שמשהו נורא עומד לקרות וכ!,1
כל בוקר אני קם ולא מבין בשביל מה 🤣,1
"שמעתי שהם מדברים עליימאחורי הגב, high key",1
"אני מת על השף הזה, הכל שהוא מבשל מדהים, honestly 😂",0
יושב בבית לבד כל סופ״ש בזמן שכולם יוצאים וע חחחח 😂?!,1
"בטח שהחדשות הפעם אמינות, כרגיללל לול...",0
חבר בואו נצא לריצה בבוקר מחר 👍.,0
לא ישנץי כל הלילה מרוב מחשבות טורדניות. אני מפחד לצאת מהבית היום 🤣,1
המחשבות הרעות פשוט לא נותנות לי מנוחה 🔥 😅,1
"לא באת אכפת לי ממה שיקרה מחר, אתם לא תצטרכו לדאוג לי בקרוב, loww key 🔥...",1
אף אחד לא היה שואל אם הייתי נעלם ליום שלם,1
"chill, לא בטוח שאני אהיה כאן בעוד חודש.",1
לא ישנתי כל הלילה מרוב מחשבות טורדניות!!,1
מחקו אותי מהצ׳אט הכיתתי בלי שאני יודע למה..,1
אין לי ממש חברים לצאת איתם בסופ״ש 😏!!,1
אני לא מצליח לנשום כאילו העולם נופל עליי 😏,1
שמו אותי בצד בטיול הכיתתי כאילו אני לא קיים ✨,1
"אחותי low key, אני מרגיש שהראש שלי לא מפסיק לרוץ haha..",1
"אני מתלבט אם לקנות רכב חדש או משומש, anyway וואלה 🙌.",0
"עעוד יום עוד פקק, איזו הפתעה 🙌.",0
מתתי מצחוק מהסרטון הזה חחח.,0
"וואלה vibes, הבטן שלי מתהפכת כל פעם שיש לי משו חדש לעשות... יש לי מחשבות שחוזרות שוב ושוב ולא נותנות לי מנוחה LOL 🙌",1
יש לי גוש בבטן כל הזמן מרוב דאגה חההה 🥱..,1
"כאילו מישהו קורא ת׳תקנון של האתר, ניכנס בעיניים עצומות כרגיל. כמו תמיד, כולם מדברים ואף אחד לא עושה כלום 🥳.",0
"עוד מומחה שמסביר לי איך לחיות את החיים שלי, low key!!",0
הוציאו אותי מהקבוצה בלי להגיד למה 👍 🔥.,1
לפני שאני נכנס לחדר עם אנשים אני כבר בהתקף 👌 🙌...,1
בטח שהפעם המבצע באמת משתלם גבר לול.,0
"הפסיקו להזמין אותי לפעילויות אחרי בית הספר, period??",1
"כל החברים שלי הפסיקו לדבר איתי פתאום, מרגיש שאני האחרון שנודע לו על כל אירוע חההה 👍.",1
כל בוקר אנט קם ולא מבין בשביל מה 🤣..,1
פשוט תחושה שכל רגע יכול לקרות משהו נורא רוף!!,1
"מרגיש שכולם מתחברים חוץ ממני, כתבו עליי דברים בקבוצה שלא ידעתי שקיימת ❤️.",1
אני לא מצליח להתרכז כי הלב שלי פשוט לא נרגע,1
כבר לא רואה סיבה להמשיך כה,1
"tbh, אני לא מצליח לנשום כאילו העולם נופל עליי. הבטן שלי מתהפכת כל פעם שיש לי משהו חדש לעשות...",1
"וואלה lol, מרגיש שכל הכיתה נגדי בזמן האחרון 🙌 👍",1
כולם מתעלמים ממני בבית ספר כאילו אני לא קיים חחח 👍?!,1
כל בוקר אני קם ולא מבין בשביל מה אחי.,1
כבר שעה אני בודק שוב ושוב שנעלתיי את הדלת 😎,1
"ברור שהפגישה תתחיל באיחור, כרגיל, vibes",0
כל החברים שלי הפסיקו לדבר איתי פתאום 👌!!,1
בכל פעם שאני מנסה להתקרב למישהו זה נגמר בכלום 🙌...,1
מרגיש ריק לגמרי בפנים..,1
"כבר לא אוכל כמו שצריך, פשוט אין תאיבון haa 🤣",1
לא מוצא סיבה לחייך בזמן האחרןו!,1
כולם מתעלמים ממני בבית ספר כאילו אני לא קיים!!,1
מה התוכניות שלך לסופ״ש חההה ✨ ✨..,0
"אאין לי כוח אפילו לדברים הכי בסיסיים. אין לי חשק לעשות שום דבר, אפילו לא לצאת מהחדר!",1
"מוכר את הדברים שהכי אהבתי, פשוט לא צריך אותם יותר חחכ 🥱 👍",1
מת על הזמר הזה מהאלבום החדש??,0
ראיתי סרט ממש טוב אתמול בלילה haha?!,0
"like, מרגיש שאף אחד לא באמת מכיר אותי... אין לי ממש למי לספר מה עובר עליי",1
בואו נתכנן ארוחת ערב משותפת בשבוע הבא.,0
כאילו אני מדבר לקיר כל פעם שאני כותב למישהו LOL 😴..,1
"מרגיש מנותק מכולם, כאילו אני על אי אחר חחחח 😴.",1
ראיתי סרט ממא טוב אתמול בלילה!,0
"אחותי אני מרגיש שהעולם מתקרב עליי ואין לי לאן לברוח, המחשבות הרעות פשוט לא נותנות לי מנוחה..",1
לא הזמינו אותי ליום הולדת למרות שכולם הוזמנו... כל החברים שלי הפסיקו לדבר איתי פתאום חחחח 😅?!,1
אני מרגיש כאילו יש קיר בינִי לבין כולם וא,1
אחותי לא בטוח שאני רוצה להיות פה מחר.,1
מרגיש בלתי נראה בעיני כולם??,1
מסתכל על החיים שלי כאילו הם כבר נגמרו. התחלתי לתת דברים שאני אוהב לחברים שלי בלי סיבה אחי חחח,1
בטח שהמנהל שם יזכור מה שהוא הבטיח!,0
"מה קורה, מה עשית היום??",0
"כשאני צריך לענות למישהו אני מנסח את ההודעה חמישים פעם לפני שאני שולח, אני חושב על אלף תרחישים רעים ולא מצליח להירגע חבר..",1
"idk, מה שלום המשפחהה שלך חחחח?!",0
בושו נצא לריצה בבוקר מחר חח!,0
עוד מומחה שמסביר לי איך לכיות את החיים שלי... בטח שיש להם באמת כוונה לתקן את זה hahaha 👌,0
אין לי ממש למי לספר מה עובר עליי??,1
אני חושב יותר ויותר על זה שלא להיות פה ול??,1
לא בטוח שאני אהיה כאן בעוד חודש חחח ✨,1
אני לגמרי גמוור אחרי האימון הה..,0
"אני מגיע לכיתה ומיד מתחיל לרעוד, not gonna lie חח!!",1
"כאילו מישהו קורא תגובות בפייסבוק ברצינות, low key??",0
"honestly, לא רוצה להיות נטל על אף אחד יותר",1
הם עושים כאילו אני אוויר כשאני נכנס לחדר וואלה ❤️!!,1
פשוט רוצה שזה כבר ייגמר חחחחח??,1
"not gonna lie, אני בודק את הטלפון כל שתי דקות בלי סבה חההה.",1
כבר תפסתי את עצמי מסתכל למטה מהגג וחושב מחשבבות מוזרות חההה,1
אם הייתי נעלם היה משנה למישהו בככלל,1
מרגיש שאני מתרחק מעצמי בכל יום שעובר חח 🤣 👍!,1
"אמאלה היאא מתה על השמלה הזאת, קנתה מיד 👌 🤣!!",0
אני עצוב כבר שבועות בלי שום סיבה ברורה חההה..,1
"רצחנו את המשחק הזה, ניצחנו בגדול, chill 😅 🙄!",0
מה דעתך על הסדרה החדשה בנטפליקס חחחח,0
מישהו הפיץ עליי שמועה והכיתה כולה הפסיקה לדבר איתי,1
יא חיים עוד ישיבת צוות שיכלה להיות מייל של שתי שורות,0
"חבר chill, מרגיש שאני סוחב את עצמי כל יום כמו משא..",1
לא נשאר לי כמעט אף אחד לדבר איתו חחחח 👍 🤣!!,1
"היא מתה על השמלה הזאת, קנתה מיד וה חח!!",0
"טוב נו like, יש לי כאלה הרבה מכרים אבל אף חבר אמיתי אחד. מרגיש שאני היחיד שאין לו עם מי לדבר LOL",1
אין לי ממש למי לספר מה עובר עליי,1
אין לי מוטיבציה אפילו לקום מהמיטה בבוקר... כל דבר מרגיש קשה מנשוא בזמן האחרון כפרה עליך חחחחח!!,1
כאילו מישהו בכלל שם לב אם אני מגיב לפוססט הזה ✨...,0
"i mean, כולם בקבוצה עזבו אותי בלי הסבר חההה 🙄...",1
יש לי הרגשה שזו הפעם האחרונה שאני כותב לכם ככה 😴!!,1
עוד ישית צוות שיכלה להיות מייל של שתי שורות!!,0
"כאילו מישהו קורא ת׳תקנון של האתר, ניכנס בעיניים עצומות כרגיל, vibes 👌??",0
"תכבתי הכל ביומן, למקרה שמישהו ירצה לדעת למה ❤️",1
יש לי גוש בבטןןן כל הזמן מרוב דאגה haha 😴??,1
"literally, אני חושב לעבור דירהה בקרוב חההה!!",0
כפרה עליך הוא ממש הרג את זה בהופעה 😴 😴!,0
אני חואב להחליף עבודה בקרוב לול 😎,0
מתחיל להבין שאוי עדיף בלעדיי!,1
"יא חיים period, כל בוקר אני קם ולא מבין בשביל מה 😂",1
וואלה יש לי מחבות שחוזרות שוב ושוב ולא נותנות לי מנוחה.,1
"בנאדם רצחתי את המבחן הזה, היה קל 😎!",0
לפני שאני נרדם אני חושב על כל מה שיכול להשתבש??,1
הראש שלי מפוצץ ממחשבות ולא מצליח לעצור אותן..,1
אתם לא תצטרכו לדאוג לי בקרוב 😅..,1
מתחיל לסדר לוודא שכולם יהיו בסדר בלעדיי 🥱!,1
"עד יום עוד פקק, איזו הפתעה??",0
"omg, אני מתחיל קורס אונליין חדש השבוע יא חיים?!",0
"anyway, עשיתי סידורים כל הבוקר ועוד לא סיימתי ❤️..",0
לא נשאר לי כמעט אף אחד לדבר איתו 😅..,1
"מרגיש מנותק מכולם, כאילו אני על אי אחר לול??",1
"רחתי את זה בבחינה, קילבתי מאה 🥳?!",0
מרגיש שאף אחד לא באמת מכיר אותי אחותי hahaha 👍.,1
נבאדם כתבו סטורי שממש מכוון אליי ולא הזכירו אותי בשם 🤣!,1
הראש שלי מפוצץ ממחשבות ולא מצליח לעצור אותן,1
כולם צוחקים עליי בקבוצה ואני לא מבין למה 🤣...,1
"כן בטח, המנוי הזה בטח לא יתייקר שוב בעוד חודש. כמה מפתיע, שב הרכבת מאחרת, tbh??",0
אני מת על הריח של קפה בבוקר..,0
"לא צריך לדאוג לי, פשוט תמשיכו הלאה בלעדיי.",1
"עשו לי בלוק בכל הקבוצות בלי הסבר, omg רוף 🔥",1
אחותי כולם בקבוצה הזוגית ואני עדיין לבד בכל אירוע חחחחח 🔥!!,1
"kinda, אתם לא תצטרכו לדאוג לי בקרוב ✨..",1
אין טעם בכלום כבר תקופה ארוכה גבר hahaha 😎 👌?!,1
"עוד פרסומת שמבטיחה עולם טוב יתר, נו באמת. כאילו מישהו קורא את התנאים לפני שהוא לוחץ אישור 🙄...",0
"היא הרגה את המבחן הזה, מאה ועשר...",0
חבר אולי פשוט לא כדאי שאני אהיה פה יותר hahaha 🤣..,1
לא מזמינים אותי יותר לשום דבר ✨ 👌,1
"בזמן האחרון אני פשוט לבד ברוב הזמן וכ, whatever 🙄.",1
"אי אפשר להירגע, המחשבות פשוט לא נעצרות, like",1
מתחיל לסדר לוודא שכולם יהיו בסדר בלעדיי... אם הייתי נעלם היה משנה למישהו בכלל 🥳,1
"גמור לגמרי אחרי המשמרת הזאת, אבל שווה גבר 😂??",0
"טוב נו הכל מרגיש כמו סווף של משהו ואני לא בטוח שאני רוצה שיהיה אחרת, כתבתי הכל ביומן, למקרה שמיששהו ירצה לדעת למה",1
"same, אני שולח הודעות ואף אחד לא עונה יותר. אני מרגיש כאילו יש קיר בינִי לבין כולם hahaha 😂 😅.",1
"כבר לא אוכל כמו שצריך, פשוט אין תיאבון חחח 🥳...",1
מתה על השיר הזהכרגע haha..,0
"קניתי נעליים חדשות הום, ממש נוחות נשמה 🙌..",0
אני לא אראה אתכם יותר. מתחיללל לסדר לוודא שכולם יהיו בסדר בלעדיי 😏.,1
"מתתי מצחוק מהסרטון הזה, kinda...",0
עשו לי אנפולואו קבוצתי אחרי המריבה ההיא LOL?!,1
מרגיש ריקנות מוזרה שלא עוזבת אותי חחחחח...,1
"כפרה עליך vibes, מישהו יודע באיזה קו אוטובוס מגיעים למרכז 😎",0
"מרגיש שכולם מתרחקים ממני בכוונה, כתבו עליי דברים בקבוצה שלא ידעתי שקיימת?!",1
כולם צוחקים עליי בקבוצה ואני לא מבין למה!!,1
מתחיל לפחד מדברים שבכלל לא הפחידו אותי פעם כפרה עליך..,1
חאותי הם עושים כאילו אני אוויר כשאני נכנס לחדר hahaha??,1
מתחיל להבין שאולי עדיף בלעדיי חחחחח!!,1
"אני גמור מהיום הזה, כל כך עייף, no cap 🔥??",0
כתבתי מכתב פרידה ומחקתי אותו כמה פעמים,1
"מישהו יודע איפה אפשר להזמין פיצה טובה באזור, ll?!",0
כל מה שאני כותב בקבוצה מקבל התעלמות מוחלטת... הם עושים כאילו אני אוויר כשני נכנס לחדר LOL,1
המחשבות הרעות פשוט לא נותנות לי מנוחה רוף!!,1
יש לי תחושה שהכל יהיה יותר קל בלעדיי אחי 🥳?!,1
חבר אני צריך לקנות מתנה ליום הולדת של אחי ❤️?!,0
אם משהו יקרה לי אל תאשימו אף אחד!,1
אני מרגיש שהכל בשליטה חוץ מהראש שלי לול 😴??,1
מה למדת היום באוניברסיטה רוף ✨...,0
כפרה עליך אני לא מצליח להתרכז כי הלב שלי פשוט לא נרגע רוף!,1
אני לגמרי גמור אחרי האימון הזה LOL 🙌,0
פשוט תחושה שכל רגע יכול לקרות משהו נורא ומ,1
מישהו מכיר מסעדה טובה בסביבה נשמה חחחח 😏..,0
"מרגיש כאילו יש ענן שחור מעליי כל הזמן, honestly 👌 🙄!",1
"מרגיש שהחברים שלי שכחו שאני קיים. יושב לבד בהפסקות שוב היום, mood 😴 ✨",1
"טוב נו omg, אף אחד לא כתב לי כבר שבועיים",1
אף אד מהכיתה לא בוחר אותי לקבוצה בשום פרויקט 🤣 🙌,1
"נשמה מרגיש מנותק מכולם, כאילו אני על אי אחר",1
לפני פגישה חשובה אני נכנס לפאניקה טוטאליתתת haha 🙄 🤣,1
"ברור שהם יגידו שזה 'לטובתנו', תמיד ככה. ברור שהפגישה תתחיל באיחור, כרגיל??",0
מרגיש שאני שוקע יותר ויותר ולא ראוה יציאה... כבר לא זור איך מרגיש להיות שמח ❤️...,1
"אמאלה אני מת על הפרק האחרון, כתבו את זה מושלם, bro??",0
רק רציתי להגיד תודה למי שהיה שם בשבילי 🙌??,1
"omg, תשכחו ממני, זה יותר קל ככה חחחח",1
"כאילו מישהו קורא ת׳תקנון של האתר, ניכנס בעייניים עצומות כרגיל...",0
אחותי עברתי דירה חדשה ואין לי אף אחד להכיר פה...,1
"כמו תמיד, כולם מדברים ואף אחד לא עושה כלום לל 🤣 🥳??",0
"מריש שכולם ממשיכים הלאה חוץ ממני, כולם בקבוצה הזוגית ואני עדיין לבד בכל אירוע...",1
אני עומד לפני האירוע ובטן שלי כבר קשורה בקשר 🙌.,1
יא חיים ממרגיש שאני האחרון שנודע לו על כל אירוע,1
אני חושב על אלף תרחישים רעים ולא מצליח להירגע!!,1
גמרנו אותם במשחק הכדורגל אתמול חההה?!,0
"לא הצלחתי להתקלח כבר כמה ימים, פשוט אין כוח?!",1
כבר לא רואה סיבה להמשיך ככה...,1
"עשיתי סידורים כל הבוקר ועוד לא סיימתי, literally 😴!",0
כפררה עליך הכל אפור בזמן האחרון ואני לא מצליח להסביר למה 😎...,1
"היא גרגה את הריקוד הזה, וואלה מהימה, periodd??",0
"יש לי מחשבה שחוזרת כל לילג, לא בא לי לספר עליה ול, literally טוב נו 🙌",1
יא חיים כל החברים שלי הפסיקו לדבר איתי פתאום 👍...,1
הבטן שלי מתהפכת כל פעם שיש לי משהו כדש לעשות.,1
הוא הרג אותי בבדיחה הזאת..,0
"העולם ממש הולך להשתפר, בטח",0
הראש שלי מפוצץ ממחשבות ולא מצליח לעצור אותן 🔥?!,1
"כבר לא כותב תוכניות קדימה כי אין לי למה, chill?!",1
מישהו יודע איפה אפשר להזמין פיצה טובה באזור חחחחח ✨ ❤️,0
מרגיש שאני שוקע יותר ויותר ולא רואה צייאה... מרגיש שאני צופה בחיים שלי מבחוץ בלי להיות באמת נוכח!,1
"בנדם אני מנסה מתכון חדש הערב, נראה איך יוצאאא חחחח..",0
"הבכי בא לי משום מקום כל הזמן, vibes חבר 🙄?!",1
"רצחת את זה בהופעה הערב, וואו",0
"אולי פשוט לא כדאי שאני אהיה פה יותר, honestly חבר 🥳 ❤️",1
מרגיש כאילו יש ענן שחור מעליי כל הזמן 😎 😎,1
"מה קורה, מה עשית היום 😂 🥳..",0
"ngl,,, לפני פגישה חשובה אני נכנס לפאניקה טוטאלית 😅",1
"אני מרגיש שהראש שלי לא מפסיק לרוץ, fr!!",1
אני מרגיש שהראש שלי לא מפסיק לרוץ וכ חחחחח 👌.,1
"עוד פרסומת שמבטיחה עולם טוב יותר, נו באמת כפרה עליך.",0
כבר לא זוכר איך מרגיש להיות שמח??,1
"כל החברים שלי הפסיקו לדבר יאתי פתאום, שמו אותי בצד בטיול הכיתתי כאילו אני לא קיים חחח 😅 😎.",1
פושט תחושה שכל רגע יכול לקרות משהו נורא רוף??,1
"הוציאו אותי מהקבוצה בלי להגיד למה, whatever..",1
"omg, יש לי הרגשה שאני עומד להיכשל בכל דבר שאני עושה היום יא חיים??",1
מרגיש שהחברים שלי שחכו שאני קיים!!,1
"כל אימייל שאני מקבל מהבוס מרגיש כו איום קיומי, vibes!",1
"אני מנסה מתכון חדש הערב, נראה איך יוצא חח..",0
רק רציתי להגיד תודה למי שהיה שם בשבילי לול?!,1
"כבתי מכתב פרידה ומחקתי אותו כמה פעמים, omg.",1
"הפסיקו להזמין אותי לפעילויות אחריי בית הספר, anyway טוב נו לול 🙌..",1
"בטח שהפעם המבצע באמת משתלם, i mean חחחח 😂 🙄.",0
"היא הרגה את הריקוד הזה, וואלה מדהימה. רצחתי את זה בבחינה, קיבלתי מאה אמאלה 🙄",0
אף אחד לא ענה לי כשביקשתי עזרה בפרויקט קבוצתי יא חיים haha!!,1
יש לי מכשבות שחוזרות שוב ושוב ולא נותנות לי מנוחה,1
"ברור שהם יגידו שזה 'לטובתנו', תמיד ככה חח",0
"הוציאו אותי המקבוצה בלי להגיד למה, not gonna lie ✨??",1
מה יקרה אם פשוט אחד הימים אני לא אקום בבוקר נשמה 🥱...,1
"כל יום מרגיש בדיוק כמו קודם, אפור ומיותר!",1
מרגיש ריקנות מוזרה שלא עוזבת אותי 😂...,1
"lol, מרגיש שאני נפרד מכולם בלי שהם שמים לב חההה",1
"אני מפחד לצאת מהבית היום, chill 😎!!",1
"רק רציתי להגיד תודה למי שהיה שם בשבילי, לא משנה מה יקרה עכשיו LOL.",1
"צריך לתקן את המזגן, מישהו ממליץ על טכנאי 👍.",0
"מתתי מצחוק מהסרטון הזה, chill",0
אני מת על הריח של קפה בבוקר LOL??,0
מישהו רוצה לבוא איתי לחדר בריחה בסוף השבוע...,0
"מוכר את הדברים שהכי אהבתי, פשוט לא צריך אותם יותר... פשוט רוצה שזה כבר ייגמר, same 🙄...",1
"chill, כולם בקבוצה עזבו אותי בלי הסבר 👍!!",1
יש לי פחד שמשהו רע יקרה למישהו שאני אוהב... יש לי גוש בטן כל הזמן מרוב דאגה,1
"אין לי ממש למי לפר מה עובר עליי, kinda LOL.",1
אני כבר לא בטוח שיש טעם להמשיך להתאמץ בנאדם חחחחח 🔥!!,1
"idk, אף אחד לא כתב לי כבר שבועיים!!",1
"מרגיש שאני היחיד שאין לו עם מי לדבר, מרגיש שחהברים שלי שכחו שאבי קיים חח ✨",1
יושב לבד בהפסקות שוב היום 🙌??,1
מתחיל לסדר לוודא שכולםם יהיו בסדר בלעדיי חחחח...,1
"עוד יום עוד פקק, איזו הפתעה חחח 😏?!",0
"not gonna lie, עשו לי אנפולואו קבוצתי אחרי המריבה ההיא. הפיקו להזמין אותי לפעילויות אחרי בית הספר.",1
"צריך לתקן את המזגן, מישהו ממליץ על טכנאי 👌??",0
"not gonna lie, כבר הפסקתי לתכנן דברים לעתיד. אם משגו יקרה לי אל תאשימו אף אחד 👍 👍!!",1
לפני שאני נרדם אני חושב על כל מה שיכול להשתבש חבר רוף 🤣??,1
"בטח שהחדשות הפעם אמינות, כרגיל??",0
עוד שנה עוברת ושום דבר לא באמת משתנה וב גבר חח..,0
אחותי הפסקתי לצחוק אפילו מדברים שמש מצחיקים..,1
"tbh, מרגיש שאני סוב את עצמי כל יום חמו משא 😴",1
"אחי אה כן, בטח שהפעם זה יהיה שונה",0
"הכל מרגיש כמו סוף של משהו ואני לא בטוח שאני רוצה שיהיה אחרת, mood",1
"קניתי נעליים חדשות היום, ממש נוחות חחחחח 🔥 😂...",0
"כמה מפתיע, שוב הרכבת מאחרת 🤣",0
מרגיש שהבצע נעלם מהכל בזמן האחרון 😂 ✨..,1
מרגיש שאין לי אף אחד להתקשר אליו כשקשה לי 👍?!,1
כאילו זה באמת ישנה משהו בסוף LOL!,0
"אף אחד לא היה שואל אם הייתי נעלם ליום שלם, מרגיש שאף אחד לא במת מכיר אותי חחחחח 🙌 🙌??",1
בנאדם ראיתי סרט ממש טוב אתמול בלילה 🥳.,0
"הבכי בא לי משום מקום כל הזמן, i mean 🥱",1
"אתמול כתבתי הודעה ומחקתי אותה, זה כבר קרה כמה פעמים..",1
יש לי התקף חרדה בעבודה ולא ידעתי איך להסתיר את זה??,1
המחששבות הרעות פשוט לא נותנות לי מנוחה!!,1
"כבר לא רואה סיבה להמשיך ככה, no cap אמאלה!!",1
פשוט רוצהשזה כבר ייגמר חחח?!,1
מה יקרה אם פשוט אחד הימים אני לא אקום בבוקר hahaha,1
"שמו אותי בצד בטיול הככיתתי כאילו אני לא קיים... מרגיש שהן עשו לי חרם בלי להגיד כלום, mod חחחח!",1
"lol, כתבתי מכתב פרידה ומחקתי אותו כמה פעמים. לא בטוח שאני רוצה להיות פה מחר!",1
"עוד יום עוד פקק, איזו הפתעה. בטח שהחדשות הפעם אמינות, כרגיל חח 🥱",0
כבר הפסקתי לתכנן דברים לעתיד רוף?!,1
חבר מתתי על הצילומים מהטיול. אני לגמרי גמור אחרי האימון הזה חח?!,0
"בטח שהפעם המבצע באמת משתלם, כאילו זה באמת ישנה משהו בסוף 🔥!",0
כל החברים שלי עסוקים ולי אין עם מי לבלות חחחחח..,1
"הראש שלי מפוצץ ממחשבות ולא מצליח לעצור אותן, אני מרגיש שהכל בשליטה חוץ מהראש שלי לול 🤣..",1
"יש לי תחושה שמשהו נוראי עומד לקרות היום, ממש לא מצליח להיגע!",1
אני חושב יותר ויותר על זה שלא להיות פה חההה,1
"אמאלה idk, עוד שנה עוברת ושום דבר לא באמת משתנה. כאילו מישהווו בכלל שם לב לפוליטיקאים האלה 👌?!",0
"אני מרגיש חנוק כל פעם שיש עומס בלוח הזמנים... יש לי מחשבות שחוזרות שוב ושוב ולא נותנות לי מנוחה, whatever וואלה??",1
"bro, בטח שהחדשות הפעם אמינות, כרגיל?!",0
אני מזיע וידיים רועדות בלי שום סיבה חח 😂..,1
חשבתי הרבה על מה יקרה אם פשוט אני אפסיק?!,1
"אני לא מצלח להתרכז כי הלב שלי שפוט לא נרגע, like",1
"היא הרגה את הריקוד הזה, וואלה מדהימה 😎!!",0
"אתמול כתבתי הודעה ומחקתי אותה, זה כבבר קרה כמה פעמים.",1
"no cap, קיבלתי היום חבילה שהזמנתי משבוע שעבר חח 🥳?!",0
אף אחד לא שם לב שאני שקט לגמרי בקבוצה!!,1
"כפרה עליך יש לי הרגשה שאני עומד להיכשל בכל דבר שאני עושה היום, מתחיל לפד מדברים שבכלל לא הפחידו אותי פעם, whatever ✨?!",1
מרגיש רחוק מכולם למררות שאני נמצא בבחדר מלא אנשים. בכל פעם שאני מנסה לתהקרב למישהו זה נגמר בכלום ✨,1
אני עצוב כבר שבועות בלי שום סיבה ברורה 🔥?!,1
כאילו למישהו אכפת מה קורה בעבודה שלי... בטח שהמנהל שם יזכור מה שהוא הבטיח ❤️!!,0
"not gonna lie, בטח שהמנהל שם יזכור מה שהוא הבטיח נשמה 😅?!",0
נשמה כאילו מישהו קורא תגובות בפייסבוק ברצינות...,0
"רצחת את זה בהופעה הערב, וואו 🥱",0
"יש לי תחושה שמשהו נוראי עומד לקרות היום, ממש לא מצליח להירגע hahaha 🙌 🤣",1
אני בדק את הטלפון כל שתי דקות בלי סיבה,1
"רצחנו את המשחק הזה, ניצחנו בגדול",0
"mood, כל החברים שלי עסוקים ולי אין עם מי לבלות חח!",1
מרגיש כאילו יש ענן שחור מעליי כל הזמן ✨,1
מישהו יודע איפה אפשר להזמין פיצה טובה באזור 🥱 😴!,0
"מרגיש שאני האחרון שנודע לו על כל אירוע, fr 👌.",1
"רצחנו את המשחק הזה, ניצחנו בגדול, anyway ✨",0
מתחיל לסדר לוודא שכולם יהיו בסדר בלעדיי חחחח,1
"mood, יש לי הרגשה שהסיפור שלי מתקרב לסוף LOL...",1
"אני ישן כל היום ועדיין מרגיש עייף, not gonna lie",1
כפרה עליך אני צריך לקנות מתנה ליום הולדת של אחי,0
אני גמר מצחוק מהתגובות בפוסט,0
"אמאלה אי אפשר להירגע, המחשבות פשוט לא נעצרות 😅??",1
יש לי פחד מוזר שמשהו רע עומד לקקות 😅,1
"רצחתי את המבחן הזה, היה קל חחח",0
"לא באמת אכפת לי ממה שיקרה מחר, omg",1
"low key,, מה למדת היום באוניברסיטה טוב נו 🔥!",0
מרגיש שאני היחיד שאין לו עם מי לדבר 🥳.,1
כל אימייל שאני מקבל מהבוס מרגיש כמו איום קיומי חההה!!,1
"עברתי דירה חדשה ואין לי אף אחד להכיר פה, anyway 😴...",1
מרגיש שאני האדם הכי בודד שאני מכיר!,1
אתם לא תצטרכו לדאוג לי בקרוב haha 😏,1
טוב נו אני מרגיש שהכל בשליטה חוץ מהראש שלי 👌!!,1
כאילו למישהו אכפת מה קורה בעבודה שלי...,0
לא נשאר לי כמעט אף אחד לדבר איתו 👍 😂,1
יש לי הרשגה שזו הפעם האחרונה שאני כותב לכם ככה רוף..,1
לא משנה מה יקרה עכשיו חחחח 🙌 ✨??,1
"עוד יום עוד פקק, איזו הפתעה, i mean 😴",0
"עוד פרסומת שמבטיחה עולם טוב יותר, נו באמת לול!!",0
אף אחד לא שם לב שאני נעלם מהקבוצה,1
כבר לא רואה סיבה להמשיך ככה..,1
וואלה לא באמת אכפת לי ממה שיקרה מחר..,1
"tbh, כל מה שאני כותב בקבוצה מקל התעלמות מחלטת haha...",1
"קניתי כרטיסים למופע בחודש הבא, מי ב. נאי מתחיללל קורס אונליין חדש השבוע..",0
מרגיש שאין לי אף אחד להתקשר אליו כשקשה לי חחח!,1
"עוד יום עוד פקק, איזו הפתעה 😏",0
"אני מנסה מתכון חדש הערב, נראה איך יוצא 🙌",0
"אני לא מצליח להירגע אפילו כשהכל בסדר, kinda 👍!!",1
"כמו תמיד, כולם מדברים ואף אחד לא עושה כלום טוב נו 🥱 😎",0
בכל אירוע אני מוא את עצמי לבד בפינה LOL..,1
"לא מוצא סיבה לחייך בזמן האחרון, low key..",1
אין טעם בכלום כבר תקופה ארוכה אחי...,1
"פשוט רוצה שזה כבר ייגמר, no cap 😏..",1
אני שולח הודעות ואף אחד לא עונה יותר חחחח...,1
"כרה עליך tbh, יש הופעה טובה השבוע בעיר, בא לך לבוא",0
אתם לא תצטרכו לדאוג לי בקרוב חחחחח.,1
כולם בקבוצה עזבו אותי בלי הסבר,1
כבר שעהאני בודק שוב ושוב שנעלתי את הדלת כפרה עליך 😂 😂,1
הפסקתי לצחוק אפילו מדברים שממש מצחיקים בנאדם חחח?!,1
אם הייתי נעלם היה משנה למטשהו בכלל 🥳,1
"כל אימייל שאני מקבל מהבוס מרגיש כמו איום קיומי, random af",1
יש לי הרגשה שהסיפור שי מתקרב לסוף 🥱 ✨.,1
"היא הרגה את הריקוד הזה, וואלה מדהימה, so done חההה...",0
"אף אחד לא כתב לי כבר שבועיים, lol 😅.",1
"יא חיים כבר הפסקתי לתכנן דברים לעתיד, whatever...",1
כאילו מישהו קורא תגובות בפייסבוק ברצינות!,0
המחשבות הרעות פשוט לא נותנות לי מנוחה וכ אמאלה?!,1
יש לי דופק גבווה בלי שום מאמץ פיזי 🥳...,1
גבר אין לי כוח יותר בכלל 😴?!,1
"ברור שהפגישה תתכיל באיחור, כרגיל haha 🙌?!",0
הרגתי את השיעורי בית תוך עשר דקות,0
אף אחד לא שם לב שאני שקט לגמרי בקבוצה,1
כתבו סטורי שממש מכוון איי ולא הזכירו אותי בם!!,1
"ngl, כל בוקר אני קם עם הרגשה שמשהו נורא עומד לקרות ❤️",1
"כתבתי הכל ביומן, למקרה שמישהו ירצה לדעת למה LOL..",1
"so done, מרגיש שאני נפרד מכולם בלי שהם שמים לב",1
"כן בטח, המנוי הזה בטח לא יתייקר שובבעוד חודש 🤣",0
אין לי ממש למי לספר מה עובר עליי 😴..,1
הוציאו אותי מהקבוצה בלי להגיד למה,1
"low key, מרגיש מנותק מכולם, כאילו אני על אי חאר חחחח 😂!",1
כתבו עלייי דברים בקבוצה שלא ידעתי שקייממת 😏 😅??,1
אני מחפד לצאתת מהבית היום 🤣..,1
אני לא מצליח לנשום כאילו העולם נופל עליי... הבטן שלי מתהפכת כל פעם שיש לי משהו חדש לשות 🔥?!,1
"כפרה עליך אי שולח הודעות ואף אחד לא עונה יותר, like!!",1
אני חושב יותר ויותר על זה שלא להיות פה רוף 🥳 🥳...,1
"אי אפשר להירגע, המחשבות פשוט לא נעצרות... מתחיל לפחד מדברים שבכלל לא הפחידו אותי פעם..",1
"מישהו רוצה לבוא איתי לחדר בריחה בסוף השבוע, same חחחחח 😏??",0
"anyway, אין טעם בכלום כבר תקופה ארוכה",1
מרגיש ריקנות מוזרה שא עוזבת אותי!!,1
"אחותי מרגיש רחוק מכולם למרות שאני נמצא בחדר מלא אנשים, i mean!",1
"נשמה כבר הפסקתי לתכנן דברים לעתיד... מוכר את הדברים שהכי אהבתי, פשוט לא צריך אותם יותר חחח..",1
עשו לי אנפולואו קבוצתי אחרי המריבה ההיא רוף 🙌?!,1
"מישהו יודע איפה אפשר להזמין פיצה טובה באזור, so done חההה 😂 🔥?!",0
בואו נצא לריצה בבוקר מחר.,0
"נותן את החפצם שלי לאנשים כי ממילא לא אצטרך אותם, whatever!!",1
"no cap, לפני שאני נכנס לחדר עם אנשים אני כבר בהתקף haha?!",1
אין לי אנרגיה אפילו לדברים שהכי אהבתי 😅 🔥.,1
"idk, רצחתאת זה בהופעה הערב, וואו 🔥!",0
יושב לבד בהפסקות שוב היום 🙌...,1
כל בוקר אני קם ולא מבןי בשביל מה 😅..,1
אף אחד לא שם לב שאבי שקט לגמרי בקבוצהה 👍..,1
"כתבתי הכל ביומן, למקרה שמישהו ירצה לדעת למה 😴",1
"period, אני עומד לפני האירוע ובטן שלי כבר קשורה בקשר!",1
בזמן האחרון אני פשוט לבד ברוב הזמן hahaha..,1
מרגיש שאין לי אף אחד להתקשר אליו כשקשה לי..,1
כל החברים שלי הפסיקו לדבר איתי פתאום.,1
כל מה שאני כותב בקבוצה מקבל התעלמות מוחלטת 😎!,1
"אני מת על השף הזה, הכל שהוא מבשל מדהים 😅 🙌.",0
"מישהו יודע באיזה קו אוטובוס מגיעים למרכז, קניתי נעליים חדשות היום, ממש נוחות",0
אמאלה כל מה שאני כותב בקבוצה מקבל התעלמות מוחלטת!!,1
גבר כתבתי לכולם שאאני אוהב אותם היוום בי סיבה מיוחדת חחח,1
לא בטוח שאני אהיה כאן בעוד חודש 🔥!!,1
"ngl, אתם לא תצטרכו לדאוג לי בקרוב חחכ 🥱",1
"honestly, הכל מרגיש כמו סף של משהו ואני לא בטוח שאני רוצהשיהיה ארחת hahaha!",1
אוכל צהריים לבד כבר שבוע שלם??,1
"idk, עוד מומהח שמסביר לי איך לחיות את החיים שלי??",0
"אני מסיים דברים שהתחלתי, בשביל שקט נפשי, not gonna lie",1
הכל מרגיש כמו סוף של משהו ואני לא בטוח שאני רוצה שיהיג אחרת ✨,1
"אני מרגיש חנוק כל פעם שיש עומס בלוח הזמנים, anyway!!",1
מרגיש שאין לי אף אחד להתקשר אליו כשקשה לי חח 👍,1
"נשמה בטח שהחברה הזו דואגת ללקוחות, סתם, vibes ✨.",0
"period, אין לי ממש חברים לצאת איתם בסופ״ש בנאדם LOL 🤣...",1
"כבר לא אוכל כמו שצריך, פשוט אין תיאבון.",1
"בטח שהם יזכרו את זה בבחירות הבאות, no cap",0
"אין לי ממש למי לספר מה עובר עליי, no cap 😏??",1
"אין לי חשק לעשות שום דבר, אפילו לא לצאת מהחדר חחחחח!!",1
"omg, יש לי תחושה שמשהו נוראי עומד לקרות היוום, ממש לא מצליח להיררגע...",1
נותן את החפצים שלילאנשים כי ממילא לא אצטרך אותם חח,1
"מה קורה, מה עשית היום לול!!",0
מישהו מכיר מסעדה טובה בסביבה... קיבלתי היום חבילה שהזמנתי משבוע שעבר 😎,0
כל מה שאני כותב בקבוצה מקבל התעלמות מוחלטת?!,1
"טבח שהתחזית הזו תתאמת, כמו תמיד LOL.",0
כתבתי כלולם שאני אוהב אותם היום בלי סיבה מיוחדת... כבר לא כותב תוכניות קדימה כי אין לי למה,1
"אני גמור מצחוק מהתגובות בפוסט, אני מת עליך כבר שנים, אחי הכי טוב שלי, idk חחחח 😂!!",0
"מה יקרה אם פשוט אחד הימים אני לא אקום בבוקר, honestly",1
כבר שעה אני בודק שוב ושוב שנעלתי את הדלתת 🙄,1
אני מרגיש חוק כל פעם שיש עומס בלוח הזמנים נשמה 😎.,1
"עדו הבטחה של הממשלה, כאילו זה ישתנה פעם רוף",0
"יש לי תחושה שמשהו נוראי עומד לקרות היום, ממש לא מצליח להירגע, like",1
טוב נו יורד גשם בטירוף בחוץ עכשיו. מה שלום המשפחה שלך 🤣,0
לא משנה מה יקרה עכשיו..,1
"כן בטח, המנוי הזה בטח לא יתייקר שוב בעוד חודש 😅 👌",0
"קיבלתי היום חבילה שהזמנתי משבוע שעבר, fr..",0
אני מגיע לכיתה ומיד מתחיל לרעוד...,1
"ngl, אףאחד לא כתב לי כבר שבועיים!",1
"עוד הבטחה של הממשלה, כאילו זה ישתנה פעם חח!!",0
"no cap, אני לא מצליח להתרכז כי הלב שלי פשוט לא ננרגע. כשאני צריך לנות למישהו אני מנסח את ההודעה חמישים פעם לפני שאני שולח 😏",1
"i mean, כל בוקר אני קם ולא מבין בשביל מה",1
כבר לא נהנה משום דבר נחיים שלי 👍...,1
"מרגיש שאני שוקע יותר ויותר ולא רואה יציאה, כל בוקר אנייי קם ולא מבין בשביל מה חחחחח 👍..",1
"מישהו יודע מה השועת של הספרייה היום... קניתי נעליים חדשות היום, ממש נוחות נשמה רוף 👍?!",0
כולם בקבוצה הזוגית ואני עדיין לבד בכל אירוע טוב נו LOL??,1
אןי לי ממש למי לספר מה עובר עליי... בכל אירוע אני מוצא את עצמי לבד בפינה!!,1
"not gonna lie, מרגיש רחוק מכולם למרות שאני נמצא בחדר מלא אנשים",1
הוא ממש הרג את זה בהופעה.,0
הפסקתי לצחוק אפילו מדברים שממש מצחיקים 😎 😏??,1
לא רוצה להיות נטל על אף אחד יותר LOL 🔥 🙄.,1
אחותי מרגיש שהצבע נעלם מהכל בזמן האחרון לול 🙄!,1
"high key, הכל מרגיש כמו סוף של משהו ואני לא בטוח שאני רוצה שיהיה אחרת ✨ 😂!",1
לא רוצה להיות נטל על אף אחד יותר..,1
בנאדם אולי זה יהיה יותר טטוב לכולם ככה??,1
"אני מת על הפרק האחרון, כתבו את זה מושלם חחחחח ✨??",0
אני מגיע לכיתה ויד מתחיל לרעוד LOL,1
"מישהו יודע איפה אפשר להזמין פיצה טובה באזור, מישהו רוצה לבוא איתי לחדר בריחה בסוף השבוע, omg haha!!",0
הלב שלי דופק חזק ואני לא מבין למה 🥳.,1
"לא הצלחתי להתקלח כבר כהמ ימים, פושט אין כוח 🙌.",1
מרגיש שאני נעלם ואף אחד בכלל לא ישםי לב. אין לי ממש עם מי לחלוק את מה שאני מריש,1
"מתה על השיר הזה כרגע, kinda!!",0
כבר לא זוכר איך מרגיש להיות שמח 🙄 👍...,1
מתחיל לפחד מדברים שבכלל לא הפחידו אותי פעם. הלב שלי דופק חזק ואני לא מבין למה 🔥,1
שמו אותי בצד בטיול היכתתי כאילו אני לא קיים...,1
לא נשאר לי כמעט אף אחד לדבר איתו?!,1
"אף אחד לא שם לב שאני נעלם מהקבוצה, high key 😴!!",1
התחלתי לתת דברים שאני אוהב לחברים שלי בלי סיבה וה...,1
יושב לבד בהפסקות שוב היום ומ ❤️?!,1
יושב לבד בהפסקות שוב היום!,1
לפני פגישה חשובה אני נכנס לפאניקה טוטאלית 🥳!!,1
מרגיש בלתי נראה ביני כולם?!,1
חבר מתה על השיר הזה כרגע חחח 🔥 👍??,0
אף אחד לא היה שואל אם הייתי נעלם ליום שלם וא..,1
מה שלום המשפחה שלך... אני מתחיל קורס אונליין חש השבוע ✨,0
אני חושב יותר ויותר על זה שלא להיות פה 👌,1
"גמור לגמרי אחרי המשמרת הזאת, אבל שווה haha",0
אנני חושב על אלף תרחישים רעים ולא מצליח להירגע.,1
אני לא מצליח להירגע אפילו כשהכל בסדר 🥱!,1
"בטח שהאפליקציה הזו לא אוספת עליי מידע, ברור חח",0
יושב בבית לבד כל סופ״ש בזמן שכולם יוצאים!!,1
בנאדם אולי פשט לא כדאי שאני אהיה פה יותר hahaha..,1
"מה יקרה אם פשוט אחד הימים אני לא אקקום בבוקר, not gonna lie hahaha",1
"kinda, כל היום עור בלי שאף אחד יגיד לי מלה אמלה חח",1
"like, כבר לא זוכר איך מרגיש להיות שמח חההה 🙄..",1
אכל צהריים לבד כבר שבוע שלם 😏!,1
אין לי מוטיבציה אפילו לקום מהמיטה בבוקר,1
"period, מסתכל על החיים שלי כאילו הם כבר נגמרו.",1
"מרגיש שהם עשו לי חרם בלי להגיד כלום, tbh 🥳",1
בכל אירוע אני מוצא את עצמי לבד בפינה 😎,1
בזמן האחרון אני פשוט לבד ברוב הזמן,1
חשבתי הרבה על מה יקרה אם פשוט אני אפסיק 🤣...,1
כפרה עליך אני מרגיש שאני חי במצב של דריכות כל הזמן חההה,1
בטח שיש להם באמת כוונה לתקן את זה 😅?!,0
אני גמור מצכוק מהתגובות בפוסט רוף.,0
בכל אירוע אני מוצא את עצמי לבד בפינה,1
טוב נו כבר שעה אנני בודק שוב ושוב שנעלתי את הדלת?!,1
מישהו ראה את המשחק אתמול בלילה,0
יש לי הרגשה שזו הפעם האחרונה שאני כותב לכם ככה LOL ❤️!!,1
"לא ישנתי כמו שצריך שבועות, פשוט אין לי וכח לכלום חחחחח.",1
אני מזיע וידיים רועדות בלי שום סיבה. כבר שעה אני בודק שוב ושוב שנעלתי את הדלת 🙌..,1
"אני גמור מצחוק מהתגובות בפוסט ור, random af חחחחח 😎",0
"whatever, אני מרגיש חנוק כל פעם שיש עומס בלוח הזמנים",1
אחי מרגיש שאני שוקע יותר ויותר ולא רואה יציאה LOL...,1
"מת על הסדרה החדשה, חייב לראות עד פרק, same ✨..",0
"כשאני צריך לענות למישהו אני מנסח את ההודעה חמישים פעם לפני שאני שולח, so done כפרה עליך 😏..",1
"chill, יש לי פחד שמשהו רע יקרה למישהו שאני אוהב יא חיים רוף 🙄 👌",1
שמו אותי בצד בטיול הכיתתי כאילו אני לא קיים... שמעתי שהם מדברים עליי מאחורי הגב hahaha 🙌..,1
מרגיש שאני שוקע יותר ויותר ולא רואה יציאה haha 😂..,1
"מה למדת היום באוניברסיטה. מה קורה, מה עשית היום חח",0
"literally, המחשבות הרעות פשוט לא נותנות לי מנוחה חח!",1
"אין לי כוח אפילו לדברים הכי בסיסיים, כבררר לא אוכל כמו שצריך, פשוט אין תיאבון",1
מרגיש שכולם מתרחקים ממני בכוונה... כתבו עליי דברים בקבוצה שלא ידעתי שקיימת 🤣 😅...,1
גבר לפני המבחן מחר אני כבר בפאניקה מלאה רוף 🤣!,1
"כאילו מישהו בכלל שם לב אם אני מדיב לפוסט הזה, בטח שהחברה הזו דואגת ללקוחות, סתם רוף 🥳.",0
עשו לי בלוק בכל הקבוצות בלי הסר רוף,1
"period, אני לא מצליח להירגע אפילו שכהכל בסדר 🙄 👌??",1
טוב נו הפסקתי לענות להדעות כי פשוט אין לי כוח 👌.,1
גבר יושב לבד בהפסקות שוב גיום 😎??,1
"לא יוא לי מהמיטה כבר כמעט שבוע,,, הפסקתי לענות להודעות כי פשוט איין לי כוח?!",1
"יש לי תחושה שמשהו נוראי עומד לקרות היום, ממש לא מצליח להירגע רוף!",1
עודד מומחה שמבסיר לי איך לחיות את החיים שלי,0
כל בוקר אני קם ולא מבין בשביל מה,1
"tbh, כמה מפתיע, שוב הרכבת מאחרת רוף.",0
אין טעם בכלום כבר תקופה ארוכה 🙌!,1
לא משנה מה יקרה עכשיו haha 😅..,1
"יש לי תחושה שמשהו נוראי עומד לקרות היום, ממש לא מצליח להירגע חחחח...",1
"whatever, עשו לי בלוק בכל הקבוצות בלי הסבר hhahaha...",1
אני מרגיש שהראש שלי לא מפסיק לרוץ רוף,1
יש לי התקף חרדה בעבודה ולא ידתעי איך להסתרי את זה חההה 🤣!!,1
"chill, עשו לי בלוק בכל הקבוות בליי הסבר?!",1
כבר שעה אני בודק שוב ושוב שנעלתי את הדלת חחח..,1
הם עושים כאילו אני אוויר כשאני נכנס לחדר רוף..,1
כאילו למישהו אכפת מה קורה בעבודה שי LOL 🔥 🥳..,0
"כפרה עליך בטח שהחברה הזו דואגת ללקוחות, סתם... בח שהפעם המבצע באמת משתלם 👍!",0
"כל הלילה יושב לבד בחדר בלי אף אחד לדבר איתו, tbh",1
מתחייל להבין שאולי עדיף בלעדיי hahaha 👍..,1
מגריש רחוק מכולם למרות שאני נמצא בחדר מלא אנשים...יושב בבית לבד כל סופ״ש בזמן שכולם יוצאים..,1
"כמו תמיד, כולם מדברים ואף אחד לא עושה כלום!",0
"מרגיש שאני האחרון שנודע לו על כל אירוע, fr גבר 😎",1
שמעתט שהם מדברים עליי מאחורי הגב 😂...,1
"idk, כאילו זה באמת ישנה משהו בסוף",0
"mood, מרגיש שאני סוחב את עצמי כל יום כמו משא 😎??",1
"idk, ראיתי סטר ממש טוב אתמול בלילה 🥱...",0
מרגיש ריקנות מוזרה שלא עוזבת אותי..,1
"מרגיש שאני צופה בחיים שלי מבחוץ בלי להיות באמת נוכח, לא ישנתי כמו ששצריך שבועות, פשוט אין לי כוח לכלום, i mean??",1
גמרנו אותם במשחק הכדורגל אתמול ✨,0
"אין לי מוטיבציה אפילו לקום מהמיטה בבוקר, same 😏 🙌",1
מרגיש שכולם מתרחקים ממני בכוונה חחחח 🙌...,1
"אם מחר לא אענה, אל תדאגו יותר מדי 🤣 🙌",1
"כל דבר קטן מרגיש כמו הר גבוה בלתי אפשרי... לא ישנתי כמו שצריך שבועות, פשוט אין לי כוח לכלום haha??",1
אני לא אארה אתכם יותר,1
"בטח שהאפליקציה הזו לא אוספת עליי מידע, ברור אמאלה 😏??",0
"fr, היא מתה על השמלה הזאת, קנתה מיד?!",0
"אני מת על הפרק האחרון, כתבו את זה מושלם, period??",0
עשיתייי סידורים כל הבוקר ועוד לא סיימתי וי 🥳,0
עוד שנה עוברת ושום דבר לא באמת משתנה,0
כתבו סטורי שממש מכוון אליי ולש הזכירו אותי בשם?!,1
"אני מסיים דברים שהתחלתי, בשביל שקט נפשי, random af 🔥 😂!",1
אתם לא תצטרכו לדאוגגג לי בקרוב 😎!!,1
עוד שנה עוברת ושום דבר לא באמת משתנה חחחחח!!,0
"not gonna lie, מתים על המסעדה החדשה שנפתחה ליד הבית חההה 🥱!!",0
כל דרב מרגיש קשה מנשואא בזמן האחרון וכ אחי 😎.,1
גמרנו אותם במשחק הכדורגל אתמול..,0
אמאלה מת על הזמר הזה מהאלבום החדש 👌?!,0
אני לא מצליח לנשום כאילו העולם נופל עליי hahaha 🤣,1
"same, מתחיל לסדר לוודא שכולם יהיו בסדר בלעדיי ול...",1
"ngl, המחשבות הרעות פשוט לא נותנות לי מנוחה חחח",1
כל דבר מרגיש קשה מנשוא בזן האחרון...,1
מרגיש שכולםם מתחבים חוץ ממני...,1
"vibes, ראיתי סרט ממש טוב אתמול בלילה. יורד גשם בטירוף בחוץ עכשיו חחחחח!",0
"honestly, אני מת על הפרק האחרון, כתבו את זה מושלם?!",0
"אני מסיים דברים שהתחלתי, בשביל שקט נפשי hahaha??",1
אולי כדאי שפשוט אני אעלם בשקט 🔥,1
הפסיקו להזמין אותי לפעילויות אחרי בית הספר נשמה.,1
"מת על הסדרה החדשה, חייב לראות עוד פרק, mood",0
"אחותי fr, מה יקרה אם פשוט אחד הימים אני לא אקום בבוקר 😏 🥳!",1
"רצחת את זה בהופעה הערב, וואו וג חחחחח??",0
כבר תפסתי את עצמי מסתכל למטה מגגג וחושב מחשבות מוזרתו!,1
לא בטוח שאני אהיה כאן בעוד חודש hahhaha.,1
כפרה עליך אני מתלבט אם לקנות רכב חדש או משומש לול 👍,0
"אה כן, בטח שהפעם זה יהיה שונה 🤣??",0
"קניתי נעליים חדשות היום, ממש נוחות טוב נו..",0
אף אחד לא שם לב שאני שקט לגמרי בקבוצה LOL 🔥,1
"כאילו מישהו קורא את התנאים לפני שהוא לוחץ אישור,, anyway",0
"לפני שאני נכנס לחדר עם אנשים אני כבר בהתקף, so done לול 😎 ✨?!",1
"נשמהלא משנה מה יקרה עכשיו, ngl...",1
אין לי ממש עם מי לחלוק את מה שאני מרגיש.,1
"כמה מפתיע, שוב הרכבת מאחרת, העולם ממש הולך להשתפר, בטח, bro..",0
"יא חיים מתתי על הציכומים מהטיול, high ky??",0
רק רציתי להגיד תודה למי שהיה שם בשבילי??,1
"omg, לא בטוח שאני אהיה כאן בעוד חודש 🙌!",1
אני מרגיש שעולם מתקרב עליי ויאן לי לאן לברוח חחחחח 😂..,1
"fr, היא הרגה את הריקוד הזה, וואלה מדהימה hahaha 🙄.",0
אני מת על הריח של קפה בבוקר חח,0
"אני צריך לקנות מתנג ליום הולדת של אחי, tbh LOL",0
כאילו מישהו קורא תגובות בפייסבוק ברצינות!!,0
איין לי ממש עם מי לחלוק את מה שאניי מרגיש חההה 😴?!,1
כל מה שאני כותב בקבוצה מקבל התעלמות מוחלטת!,1
אני מרגיש שהראש שלי לא מפסיק לרוץ 😅...,1
אין לי ממש למי לספר מה עובר עליי. אוכל צהריים לנד כבר שבוע שלם 😏!,1
מרגיש שהחברים שלי שכחו שאני קיים... בזמן האחרון אני פשוט לבד ברוב הזמן..,1
אולי זה יהיה יותר טוב לכולם ככה hahaha,1
"lol, מה למדת היוםבאוניברסיטה 🤣?!",0
בא לך לצאת לקה מחר בצהריים 👍 😅.,0
"וואלה רצחתי את זה בבחינה, קיבלתי מאה, גמרתיאותו בשש-בש הערב 😅...",0
וואלה אניי מתחיל קורס אונליין חדש השבוע 👌!,0
"העולם ממש הולך להשתפר, בטח, low key 🙄 😎??",0
"בטח שהחדשות הפעם אמינות, כרגיל. כאילו מישהו קורא את התנאים לפני שהוא לוחץ אישור, high key יא חיים 😏!",0
עברתי דירה חדשה ואין לי אף אחד להכיר פה כפרה עליך ❤️,1
"תגידו לכולם שאני אוהב אותם, ליתר ביטחון",1
כל אימייל שאני מקבל מהבסו מרגיש כמו איום קיומי 🙌??,1
"אם לא תשמעו ממני, תדעו שניסיתי כמה שיכולתי. מספיק, אני לא רוצה להילחם בזה יותר ❤️...",1
יא חיים כבר תפסתי את עצמי מסתכל למטה מהגג וחושב מחשבות מוזרות 😎,1
"תגידו לכולם שאני אוהב אותם, ליתר ביטחון. הכל מרגיש כמו סוף של משהו ואני לא בטוח שאני רוצה שיהיה אחרת...",1
"ngl, כמו תיד, כולם מדברים ואף אחד לא עושה כלום??",0
אני מרגיש שאני חי במצב של דריכות כל הזמן 👌?!,1
"אה כן, בטח שהפעם זה יהיה שונה לול",0
"תשכחו ממני, זה יותר קל ככה 🙌?!",1
אם משהו יקרה לי אל תאשימו אף אחד 😏,1
גמרתייי אותו בשש-בש הערב חחחח 😂!!,0
"היא הרגה את הריקוד הזה, וואלה מדהימה, הוא ממש הרג את זה בהופעה 😴.",0
נותן את החפצים שלי לאנשים כי ממילא לא אצטרך אותם!,1
"בנאדם גמור לגמרי אחרי המשמרת הזאת, אבל שווה??",0
"תשכחו ממבי, זה יותר קל ככה 😂??",1
מישהו הפיץ עליי שמועה והכיתה כולה הפסיקה לדבר איתי חח...,1
אתם לא תצטרו לדאוג לי בקרוב 😂...,1
כבר תפסתי את עצמי מסתכל למטה מהגג וחושב מחשבות מוזרות,1
אין לי כוח יותתר בכלל חחחח 🙄?!,1
"אה כן, בטח שהפעם זה יהיה שונה, בטח שהחדשות הפעם אמינות, כרגיל, mood 😎!",0
"צריך לתקן את המזגן, מישהו ממליץ על טכנאי, ngl כפרה עליך.",0
"מוכר את הדברים שהכי אהבתי, פשוט לא צריך אותם יותר חחחח",1
אף אחד לא כתב לי כבר שבועיים רוף,1
"לפני שאאני נרדם אני חושב על כל מה שיכול להשתבש... יש לי תחושה שמשהו נוראי עומד לקרות היום, ממש לא מצליח להירגע כפרה עליך..",1
"מספיק, אני לא רוצה להילחם בזה יותר, אולי פשוט לא כדאי שאני אהיה פה יותר ❤️??",1
כאילו אני מדבר לקיר כל פעםשאני כותב למישהווו חח ❤️,1
מה שלום המשפחה שלך חחחח!,0
רק רציתי להגיד תודה למי שהיה שם בשבילי,1
"same, הכל אפור בזמן האחרון ואני לא מצליח להסביר למה",1
"הם עושים כאילו אני אוויר כשאני ננכס לחדר, כתבו סטורי שממש מכוון אליי ולא הזכירו אותי בשם 🤣",1
"יש הופעה טובה השבוע בעיר, בא לך לבוא!!",0
אולי פשוט לא כדאי שאני אהיה פה יותר רוף??,1
טוב נו הוציאו אותי מהקבוצה בלי להגיד למה. לא הזמינו אותי ליום הולדת למרות שכולם הוזמנו?!,1
אני צריך לקנות מתנה ליום הולדת של אחי,0
"כולם בקבוצה הזוגית ואני עדיין לבד בכל אירוע... אני מבלה כל ערב מול המסך כי אין לי עם מי לצאת, ngl?!",1
לא מזמינים אותי יותר לשום דבר??,1
רק רציתי להגיד תודה למי שהיה שם בשבילי 🔥.,1
מרגיש שאני נפרד מכולם בי שהם שמים לב LOL!!,1
"נשמה בטח שהם יזכרו את זה בבחירות הבאות, no cap חח",0
אני חושב יותר ויותר על זה שלא להיות פה haha 😅,1
הבטן שלי מתהפכת כל פפעם שייש לי משהו חדש לעשות,1
מרגיש שכל הכיתה נגדי בזמן האחרון... כל מה שאני כותב בקבוצה מקבל התעלמות מוחלטת,1
"תשכחו ממני, זה יותר קל ככה!!",1
"קניתי כרטיסים למופע בחודש הבא, מי בא😅 👍??",0
לא באמת אכפת לי ממה שיקרה מחר ✨ 🔥,1
הוציאו אותי מהקבוצה בלי להגיד למהבנאדם LOL.,1
מישהו מכיר מסעדה טובה בסביבה 👌.,0
"רצחתי את זה בבחינה, קיבלתי מאה..",0
לא הזמינו אותי ליום הולדת למרות שכולם הוזמנו חחח,1
יא חיים כבר לא כותב תוכניות קדימה כי אין לי למה..,1
"low key, יש לי הרגשה שזו הפעם האחרונה שאני כותב לכם ככה גבר..",1
"אני לא מצליח לנשום כאילו העולם נופל עליי... יש לי הרגשה שאני עומד להיכשל בכל דבר שאני עושה היום, whatever 😎!!",1
לפני שאני נרדם אני חושב על כל מה שיכול להשתבש 🙌,1
אני מבלה כל ערב מול המסך כי אין לי עם מי לצאת ✨!!,1
מרגיש שכולם מתרחקים ממניי בכוונה 🙌!!,1
"kinda, מרגיש שאני האדם הכי בודד שאני מכרי. אף אחד לא שם לב שאני נעלם מהקבוצה LOL",1
טוב נו אולי זה יהיה יותר טוב לכולם ככה... אתם לא תצטרכו לדאוג לי בקרוב חח,1
"יש לי גוש בבטן כל הזמן מרוב דאג, lol 🤣 ❤️!",1
אני מרגיש שהראש אלי לא מפסיק לרוץ 😂 🤣?!,1
בנאדם כבר לא כותב תוכניותת קדימה כי אין לי למה 😏,1
קיבלתי היום חבילה שהזמנתי משבע שעבר 🙄,0
אחותי מרגיש שכולם ממשיכים הלאה חוץ ממני. יש לי כאלה הרבה מכרים אבל אף חבר אמיתי אחד 🔥 🔥?!,1
הם עושים כאילו אני אוויר כשאני נכנס לחדר חחחחח 😴..,1
"גבר עוד יום עד פקק, איזו הפתעה..",0
בטח שהמנהל שם יזכור מה שהוא הבטיח נשמה hha 🥳 ❤️,0
"כל היום עובר בלי שאף אחד יגיד לי מילה, מרגיש שאני נעלם ואף אחד בכלל לא ישים לב!",1
אין לי אנרגיה אפילו לדברים שהכי אהבתי!,1
"low key, אולי פשוט לא כדאי שאני אההי פה יותר. מרגיש שאני נפרד מכולם בלי שהם שמים לב 😅...",1
רק רציתי להגיד תודה למי שהיה שם בשבילי חחחח 😴.,1
כל החברים ששלי עסוקים ולי אין עם מי לבלות?!,1
"עוד פרסומת שמבטיחה עולם טוב יותר, נו באמת hahaha 😅!!",0
מרגיש שאין לי אף אחד להתקשר אליו כשקשה לי 🙌...,1
"גבר אני מרגיש שאני חי במצב של דריכות כל הזמן, low key 😂 😅??",1
אני חושב על אלף תרחישים רעים ולא מצליח להירגע חחחח?!,1
"period, לא משנה מה יקרה עכשיו. כתבתי הכל ביומן, למקרה שמישהו ירצה לדעת למה...",1
כאילו מישהו קורא תגובות בפייסבוק ברצינות,0
"ngl, בכל אירוע אני מוצא את עצמי לבד בפינג.",1
כשנאי צריך לענות למישהו אני מנסח את ההודעה חמישים פעם לפני שאני שולח... אני חושב על אלף תרחישים רעים ולא מצליח להירגע...,1
"period, כתבתי לכולם שאני אוהב אותם היום בלי סיבה מיוחדת!!",1
"מישהו יודע באיזה קו אוטובוס מגיעים למרכז, אני צרךי להתחיל להתאמן שוב ברצינות??",0
"יש הופעה טובה ההשבוע בעיר, בא לך לבוא!!",0
"לא בטוח שאני אהיה כאן בעוד חודש, literally",1
נשמה אני לא מצליח להתרכז כי הלב שלי פשוט לא נרגע. לא ישנתי כל הלילה מרוב מחשבות טורדניות...,1
כל בוקר אני קם ולא מבין בשביל מה!!,1
"idk, כתוב סטורי שממש כמוון אליי ולא הזכירו אותי בשם אחי 🥱?!",1
מישהו רוצה לבוא איתי לחדר בריחה בסוף השבוע 👍 👍!,0
"anywa, אני לא מצליח להתרכז כי הלב שלי פשוט לא נרגע לול.",1
מה יקרה אם פשוט אחד הימים אני לא אקום בבוקר!,1
יורד גשם בטירוף בחוץ עכשיו.,0
כאילו מישהו קורא את התנאים לפני שהוא לוחץ אישור בנאדם,0
אני מפחד לצאת מהבית היום 😏 ✨...,1
אני מרגיש חנוק כל פעם שיש עומס בלוח הזמנים 😅!,1
אף אחד מהכיתה לא בוחר אותי לקבוצה בשום פרויקט 😅 😅,1
מישהו יודע באיזה קו אוטובוס מגיעים למרכז חחחח..,0
אם משהו יקרה לי אל תאשימו אף אחד...,1
"אני מסיים דברים שהתחלתי, בשביל שקט פנשי וא",1
מרגיש שאני נפרד מכולם בלי שםה שמים לב 🙌??,1
נאי לגמרי גמור אחרי היאמון הזה חחחח,0
"מספיק, אני לא רוצה להילחם בזה יותר ול.",1
אחי עוד שנה עוברת ושום דבר לא במאת משתנה חחחחח 😴.,0
לא נשאר לי כמעט אף אחד לדבר איתו??,1
יושב בבית לבד כל סופ״ש בזמן שכולם יוצאים 🥳??,1
לא רוצה להיות נטל על אף אחד יותר,1
"fr, כתבתי לכולם שאני אוהב אותם היום בלי סיבה מיוחדת חחח 👌",1
יש לי הרגשה שהסיפור שלי מתקרב לסוף?!,1
"הם עושים כאילו אני אוויר כשאני נכנס לחדר, bro חחחח 👍.",1
מרגיש שאני נפרד מכולם בלי שהם שמים לב LOL,1
מרגיש שאני נעלם ואף אחד בכלל לא ישים לב hahaha,1
לא נשאר לי כמעט אף אכד לדבר איתו וואלה.,1
אני לא אראה אתכם יתר 😏?!,1
"עוד ישיבת צוות שיכלה להיות מייל של שתי שורות, random af 🤣!",0
מסתכל על החיים שלי כאילו הם כבר נגמרו..,1
אני גמור מצחוק מהתגובות בפוסט חההה ✨?!,0
"i mean, יש לי דופק גבוה בלי שום מאמץ פיזי... הלב שלי דופק חזק ואני לא מבין למה חח??",1
כל פעם שהטלפון מצלצל אני נכנס ללחץ??,1
מישהו רוצה לבוא איתי לחדר בריחה בסוף השבוע..,0
מישהו מכיר מסעדה טובה בסביבה..,0
כאילו מישהו בכלל שם לב אם אני מגיב לפוסט הזה hahaha 👌,0
הבטן שלי מתהפכת כל פעם שיש לי משהו חדש לעשות!!,1
כתבו עליי דברים בקבוצה שלא ידעתי שקיימת 😎.,1
"tbh, כתבתי הכל ביומן, למקרה שמישו ירצה לדעת למה 😅..",1
כבר תפסתי את עצמי מסתכל למטה מהגג וחושב מחשבות מוזרות!,1
אף אחד לא שם לב שאני שקט לגמרי בקבוצה hahaha 🔥..,1
"whatever, אתמול כתבתי הודעה ומחקתי אותה, זה כבר קרה כמה פעמים",1
"בטח שהאפליקציה הזו לא אוספת עליי מידע, ברור 👍 😏.",0
כל בוקר אני קם ולא מבין בשביל מה!,1
אף אחד לא ענה לי כשביקשתי עזרה בפרויקט קבוצתי. מרגיש שכל הכיתה נגדי בזמן אהחרון לול,1
"שמו אותי בצד בטיול הכיתתי כאילו אני לא קיים, like??",1
מה שלום המשפחה שלך 🙄??,0
לא מוצא סיבה לחייך בזמן האחרון ומ רוף 😴 😅!!,1
מרגיש שאנט נופל יותר ויותר ולא מצליח לעצור 😎 😅!,1
"היום ביקשתי סלייחה מכולם על הכל, סתם בשביל שיהיה חח.",1
יש לי גוש בבטן כל הזמן מרוב דאגה haha ❤️,1
"מרגיש מנותק מכולם, כאלו אני על אי אחר 🤣?!",1
"כבר לא אוכל כמו שצריך, פשוט אין תיאבון!",1
כל דבר קטן מרגיש כמו הר גבוה בלתי אפשרי רוף?!,1
שמעתי שהם מדברים עליי מאחורי הגב..,1
מישהו יודעבאיזה קו אוטובוס מגיעים למרכז וב,0
כל היום עובר בלי שאף אחד יגיד לי מילה לל 🔥,1
בטח שהפעם המבצע באמת משתלם 👌..,0
"לפני שאי נכנס לחדר עם אנשים אני כבר בהתקף, honestlyy..",1
"אוכל צהריים לבד כר שבוע שלם, literally..",1
"וואלה עשו לי אנפולואו קבוצתי אחרי המריבה ההיא, fr",1
"מרגיש שאף אחד לא באמת מכיר אותי, omg 👍 😴...",1
"same, לא משנה מה יקרה עכשיו. התחלתי לתת דברים שאני אוהב לחברים שיל בלי סיבה 🙄!",1
אני עומד לפני האירוע ובטן שלי כבר קשורה בקשר חההה 😂,1
כל הלילה יושב לבד בחדר בלי אף אחד לדבר איתו 🙄 🙄?!,1
"אני מנסה מתכון חדש הערב, נראה איך יוצא",0
וואלה אני צריך להתחיל להתאמן שוב ברצינת. מישהו ראה את המשחק אתול בלילה חחחח 🥳 ✨,0
אין לי כוח יותר בכלל!,1
יש לי התקף חרדה בעבודה ולא ידעתי איך להסתיר את זה.,1
"עשו לי אנפולואו קבוצתי אחרי המריבה ההיא, פתחו קבוצה חדשה בלי שאני שם, ראיתי אותה במקרה חחחחח 😅.",1
"תגידו לכולם שאני אוהב אותם, ליתר ביטחון, kinda",1
מרגיש שאין לי אף אכד להתקשר אליו כשקשה לי..,1
"עוד הבטחה של הממשלה, כאילו זה ישתנה פעם. כמו תמיד, כולם מדברים ואף אחד לא עושה כלום??",0
"מרגיש שאני נפרד מכולם לבי שהם שמים לב... תשכחו ממני, זה יותר קל ככה haha",1
"מתחיל לסדר לוודא שכולם יהיו בסדר בלעדיי, מספיק, אני לא רוצה להילחם בזה יותר רוף",1
הראש שלי מפוצץ ממחשבות ולא מצליח לעצור אותן חחחח,1
"period, מה דעתך על הסדרה החדשה בנטפליקס 😂...",0
בטח שהם יזכרו את זה בבחירות הבאות haha 😅 ✨..,0
מתתי מחצוק מהסרטון הזה,0
"הפסיקו לענות לי בכלל בלי שום סיבה, no cap 🙄.",1
"high key, מישהו רוצה לבוא איתי לחחדר בריחה בסוף השבוע",0
אין לי ממש חברים לצאת איתם בסופ״ש 🔥..,1
"היום ביקשתי סליחה מכולם על הכל, תסם בשביל שיהיה 👍?!",1
כברר לא נהנה משום דבר בחיים שלי?!,1
"אם לא תשמעו ממני, תדעו שניסיתי כמה שיכולתי. נותן את החפצים שלי לאנשים כי ממילא לא אצטרך אותם??",1
אני לא מצליח לנשום כאילו העולם נופל עליי 👍,1
אאין לי כח יותר בכלל...,1
מסתכל על החיים שלי כאילוהם כבר נגמרו 😅,1
מתהה על השיר הזה כרגע לול 😴 🙄!!,0
כתבו עליי דברים בקבוצה שלא ידעתי שקיימת??,1
כתבו עליי דברים בקבוצה שלא ידעתי שקיימת 🙌 ✨!!,1
"no cap, היום ביקשתי סליחה מכולם על הכל, סתם בשביל שיהיה טוב נו",1
אולי כדאי שפשוט אני אעלם בשקט!!,1
"אני גמור מהיום הזה, כל כך עייף 😎..",0
"אני גמור מהיום הזה, כל כך עייף לול 👍 ❤️.",0
"רצחתי את המבחן הזה, היה קל... אני גמור, קמתי בשש בבוקר בשביל הטיסה הזאת חח??",0
אמאלה הרגתי את השיעורי בית תתוך עשר דקות וה?!,0
"ngl, מה קורה, מה עשית היום ומ",0
"יש לי תחושה שמשהו נוראי עוומד לקרות היום, ממש לא מצליח להירגע, so done 👍.",1
"אוכל צהריים לבד כבר שבוע שלם, high key",1
"like, כאילו אני מדבר לקיר כל פעם שאני כותב למישהו 👍??",1
"רצחתי את המבחן הזזה, היה קל 😏!",0
"לא ישנתי ככמו שצריך שבועות, פשוט אין לי כוח לכלום??",1
"יא חיים מרגיש שכולם ממשיכים הלאה חוץ ממני, omg 😏 🔥",1
אני מרגיש שאני חי בצב של דריכות כל הזמן.,1
"כאילו מישהו קורא ת׳תקנון של האתר, ניכנס בעיניים עצומות כרגיל טוב נו חחח??",0
"אמאלה chill, ברור שהפגישה תתחיל באיחור, כרגיל haha",0
בנאדם אף אחד לא היהה שואל אם הייתי נעלם ליום שלם 🙌!!,1
"כבר שעה אני בודק שוב ושוב שנעלתי את הדלת, like",1
"אני גמור, קמתי בשש בובקר בשביל הטיסה הזאת וואלה.",0
אני צריך להתחיל להתאמן שוב ברצינות,0
"יש לי תחושה שמשהו נוראי עומד לקרות היום, ממש לא מצליח להירגע!!",1
מרגיש שאני סוחב את עצמי כל יום כמו משא haha,1
"ngl, אני שולח הודעות ואף אחד לא עונה יותר חבר!",1
"מת על הסדרה החדשה, חייב לראות עוד פרק?!",0
אין לי ממש חברים לצאת איתם בסופ״ש חבר haha.,1
"אם לא תשמעו ממני, תדעו שניסיתי כמה שיכולתי 😏...",1
אם הייתי נעלם היה משנה למישהו בכלל,1
וואלה בכל פעם שאני מנסה להתקרב למישהו זה נגמר בכלום לול,1
מתחיל להבין שאולי עדיף בלעדיי 😅...,1
אני מרגיש כאילו יש קיר בינִי לבין כולם ❤️.,1
בנאדם מסתכל על החיים שלי כאילו הם כבר נגמרו 🤣!,1
נותן את החפצים שלי לאנשים כי ממילא לא אצטרך אותם..,1
כולם מתעלמים ממני בבית פסר כאילו אנני לא קיים לול!,1
"אם לא תשמעו ממני, תדעו שניסיתי כמה שיכולתי. חשבתי הרבה על מה יקרה אם פשוט אני אפסיק ❤️!",1
אף אחד לא כתב לי כבר שבועיים haha 🥳??,1
אף אחד לא שם לב שאני נעלם מהקבוצה... כולםבקבוצה הזוגית ואני עדיין כבד בכל אירוע 😏.,1
"אחי לא ישנתי כל הלילה מרוב מחשבות טורדניות, same haaha 😴 😎.",1
"low key, כבר לא כותב תוכניות קדימה כי אין לי למה 😅.",1
פשוט רוצה שזה כבר ייגמר... אני חושב יותר ויותר על זה שלא להיות פה,1
לא רוצה להיות נטל על אף אחד יותר!!,1
"לא הצלחתי להתקלח כבר כמה ימים, פשוט אין כוח...",1
אין לי כווח יותר בכלל לול 😅..,1
אני עומד לפני האירוע ובטן שלי כבר קשורה בקשר 🤣?!,1
כאילו זה באמת ישנה משהו בסוף,0
"מה קורה, מה עשית היום, בא לך לצאת לקפה מחר בצהריים 🥱...",0
"מרגיש מנותק מכולם, כאילו אני על אי אחר 👍??",1
מה יקרה אם פשוט אחד הימים אני לא אקום בבוקרר לול 😴??,1
"תגידו לכולם שאני אוהב אותם, ליתר ביטחון 🥳!",1
"אולי זה יהיה יותר טוב לכולם ככה. אני מסיים דברים שהתחלתי, בשביל שקט נפשי",1
"כל יום מרגיש בדיוק כמו קודם, אפור ומיותר חההה...",1
בטח שהם יזכרו את זה בבחירות הבאות חח,0
"לא צריך לדאוג לי, פשוט תמשיכו הלאה בלעדיי חחח",1
מרגיש שאני צופה בחיים שלי מבחוץ בלי להיות באמת נוכח 🥱,1
אני מזיע וידיים רועדות בלי שום סיבה 🤣,1
אני בודק את הטלפון כל שתי דקות בלי סיבה חחח.,1
הם עושים כאילו אני אוויר כשאני נכנס לחדר 🥱...,1
"same, רצחתי אותו במשחק הלילה וא.",0
אני חושב להחליף עבודה בקרוב!,0
מרגטש שאין לי אף אחד להתקשר אלוי כשקשה לי,1
כבר לא כותב תוכניות קדימה כי אין לי למה וכ 😴 🙄!,1
כר שעה אני בודק שוב ושוב שנעלתי את הדלת...,1
"bth, בואו נתכנן ארוחת ערב משותפת בשבוע הבא 🔥!",0
מתחיל להבין שאולי עידף בלעדיי,1
בכל פעם שאני מנסה להתקרב למישהו זה נגמר בכלום!,1
"מרגיש מנותק מכולם, כאילו אני על אי חאר hahaha!",1
"אף אחד לא שם לב שאינ שקט לגמרי בקבוצה, so done LOL 😂.",1
"אמאלה אה כן, בטח שהפעם זה יהיה שונה!!",0
כבר הפסקתי לתכנן דברים לעתיד 😏,1
לא בטוח שאני רוצה להיות פה מחר נשמה חחח 👌..,1
"כבר לא זוכר איך מרגיש להיות שמח, anyway haha 😎.",1
"fr, מרגיש שאני שוקע יותר ויותר ולא רואה יציאה?!",1
"מרגיש שאין לי אף אחד להתקשר אליו כשקשה לט, מרגיש שאני נעלם ואף אחד בכלל לא ישים לב??",1
"אני גמור, קמתי בשש בבוקר בשביל הטיסה הזאת וואלה",0
הפסיקו להזמין אותי לפעילויות אחרי בית הספר. מרגיש שהם עשו לי חרם בלי להגיד כלום ✨!!,1
"כל דבר מרגיש קשה מנשוא בזמן האחרון. אין לי חחשק לעשות שום דבר, אפילו לא לצאת מהחדר?!",1
כבר שעה אני בודק שוב ושוב שנעלתי את הדלת חחחח,1
"רצחתי את זה בבחינה, קיבלתי מאה 😏.",0
אחי אף אחד מהכיתה לא בוחר אותי לקבוצה בשום פרויקט...,1
"high key, הפסיקו לענות לי בכלל בלי שום סיבה חחח!",1
יש לי גוש בבטן כל הזמן מרוב דאה!!,1
מרגייש שאני נעלם ואף אחד בכלל לא ישים לב 😎 ✨!,1
אני מרגיש שהראש שלי לא מפסיק לרוץ. לפני שאני נרדם אני חושב על כל מה שייכול להשתבש חההה??,1
פשוט תחושה שכל רגע יכול לקרות משהו נורא חחחח 😎,1
אחי הוציאו אותי מהקבוצה בללי להגיד לה וה hahaha 👍?!,1
"כאילו מישהו קורא ת׳תקנון של האתר, ניכנס בעיניים עצומות כרגיל 🥱..",0
"חבר תגידו לכולם שאני אוהב אותם, ליתר ביטחון 🤣",1
אני מרגיש חנוק כל פעם שישש עומס בלוח הזמנים LOL..,1
"anyway, היום ביקשתי סליחה מכולם על הכל, סתם בשבל שיהיה",1
כבר לא זוכר איך מרגיש להיות שמח,1
לא ישנתי כל הלילה מרוב מחשבות טורדניות 😂 😏,1
"אני מסיים דברים שהתחלתי, בשביל שקט נפשי רוף",1
הוציאו אותי מהקבוצה בלי להגיד למה טוב נו haha??,1
"period, לא צריך לדאוג לי,, פשוט תמשיכו הלאה בלעדיי?!",1
מרגיש שכולם ממשיכים הלאה חוץ ממני וא חההה??,1
"period, בכל פעם שאני מנסה להתקרב למישהו זה נגמר בכלום חחחח.",1
וואלה הם עושים כאילו אני אוויר כשאני נכנס לחדר,1
"kinda, אני האחרון שנשאר בקבוצה שהחברים שלי עזנו בשקט...",1
מרגיש רחוק מכולם למרות שאני נמצא בחדר מלא אנשים... מרגיש שני האדם הכי בודד שאני מכיר חבר 👌!,1
"kinda, הפסקתי לענות להודעות כי פשוט אין לי כוח 😎 👍..",1
"אני לא מצליח לנשום כאילו העולם נופל עליי, whatever.",1
לא בטוח שאני אהיה כאן בעוד חודש כפרה עליך,1
"גבר literally, כאילו אני מדבר לקיר כל פעם שאני כותבבב למישהו... אף אחד לא שם לב שאני נעלם מהקבוצה 🥳 👍..",1
כתבתי מכתב פרידה ומחקתי אותו כמה פעמים 😎!!,1
"whatever, יש לי כאלה הברה מכרים אבל אף חבר אמיתי אחד.",1
מרגיש שכולם מתרחקים ממני בכוונה 😅!,1
אחותי בטח שהפעם המבצע באמת משתלם!!,0
יש לי הרגשה שהסיפור שלי מתקרב לסוף לול 🙌!!,1
אני מפחד לצאת מהבית היום!!,1
הלב שלי דופק חזק ואני לא מבין למה... מתחיל לפחג מדברים שבכלל לא הפחידו אותי פעם 😅!,1
הוא ממש הרג את זהבהופעה לול..,0
"so done, אני חושב להחליף עבודה בקרוב 🙄 👍.",0
"אני מרגיש שהכל בשליטה חוץ מהראש שלי, tbh ❤️",1
אני לא מצליח להתרכז כי הלב שלי פשוט לא נרגע אחותי?!,1
"גבר עוד ישיבת צוות שיכלה להיות מייל של שתתי שורות, so done חח 👍",0
"i mean, המחשבות הרעות פשוט לא נותנות לי מנוחה. מתחיל לפחד מדברים שבכלל לא הפחידו אותי פעם?!",1
"וואלה קניתי כרטיסים למופע בחודש הבא, מי בא..",0
לא משנה מה יקרה עכשיו,1
"כתבתי הכל ביומן, למקרה שמישהוו ירהצ לדעת למה 🙄 🥱",1
הפסיקו לענות לי בכלל בלי שום סטבה 😴!,1
"הפסקתי לצחוק אפילו מדברים שממש מצחיקים, period...",1
לא מזמינים אותי יותר לשום דבר 🔥.,1
"וואלה lol, התחלתי לתת דברים שאני אוהב לחברים שלי בלי יסבה.",1
"כאילו זה באמת ישנה משהו בסוף, tbbh LOL 🙄",0
"random af, בואו נתכנן ארוחת ערב משותפת בשבוע הבא 🤣...",0
"העולם מש הולך להשתפר, בטח... בטח שהחדשות הפעם אמינות, כרגיל, honestly 😅?!",0
"בנאדם מרגיש מנותק מכולם, כאילו אני על אי אחר, אף אחד לא שם לב שאני שקט לגמרי בקבוצה 👌!",1
"אם מחר לא אענה, אל תדאגו יותר מדי, יש לי הרגשה שהסיפור שלי מתקרב לסוף 😏...",1
"יש לי מחשבה שחוזרת כל לילה, לא בא לי לספר עליה ומ, fr hahaaha 🥳",1
כל פעם שהטלפון מצלצל אני נכנס ללחץ 🙄 😂..,1
כל החברים שלי הפסיקו לדבר איתי פתאום!!,1
"הלב שלי דופק חזק ואני לא מבין למה, idk LOL!",1
יש לי כאלה הרבה מכרים אבל אף חר אמיתי אחד 😎!,1
"אני האחרון שנשאר בקבוצה שהחברים שלי עזבו בשקט וע, not gonna lie",1
אין טעם בכלום כבר תקופה ארוכה!,1
בכל אירוע אני מוצא את עצמי לבד בפינה... מרגיש שאני היחיד שאין לו עם מי לדבר רוף 😂?!,1
גבר הכל מרגיש כבד ומיותר בזמן האחרון חחחחח 🤣,1
כאילו מישהו בכלל שם לב לפוליטיקאים האלה??,0
"מספיק, אני לא רוצה להילחן בזה יותר 🙌",1
"same, עוד מומחה שמסביר לי איך לחיות את החיים שלי 👌!!",0
"anyway, רצחתי אותו במשחק הלילה... הוא ממש הרג את זה בהופעה חההה!!",0
"קניתי כרטיסים למופע בחודש הבא, מי בא טוב נו 😎!",0
"תשחו ממני, זה יותר קל ככה?!",1
בטח שהפעם המבצע באמת משתלם חח,0
מה התוכניות שלך לסופ״ש רוף..,0
"כל מה שאני כותב בקבוצה מקבל התעלמות מוחלטת, fr 😅",1
"בטח שיש להם באמת כוונה לתקן את זה וה, so done חחח 😴??",0
כל דבר מרגיש קשה מנשוא בזמן האחרון 😴.,1
אמאלה בכל אירוע אני מוצא את עצמי לבד בפינה 😂 ✨!!,1
הפסתקי לענות להודעות כי פשוט אין לי כוח!,1
עשיתי סידורים כל הבוקר ווד לא סיימתי...,0
"chill, אני מרגיש כאילו יש קיר בינִי לבין כולם!",1
מרגיש שכולם מתרחקים ממני בכוונה...,1
"אני מת על השף הזה, הכל שהוא מבשל מדהים, היא מתה על השמלה הזאת, קנתה מיד.",0
"מתתי על הצילומים מהטיול... אני מת על השף הזה, הכל שהוא מבשל מדהים, same 🙌",0
אני עומד לפני האירוע ובטן שלי כבר קשורה בקשר ול,1
וואלה אני מרגיש שהכל בשליטה חוץ מהראש שלי haha.,1
מתים על המסעדה החדשה שנפתחה ליד הבית חחח,0
גבר עוד ישיבת צוות שיכלה להיות מייל של שתי שוות חחח 🥱...,0
ראיתי סרט ממש טוב אתמול בלילה... מישהו ראה את המשחק אתמול בלילה...,0
"not gonna lie, מרגיש שכל הכיתה נגדי בזמן האחרון אמאלה!!",1
"honestly, מישהו יודע מה השעוות של הספרייה היום רוף 🙌",0
"מישהו ראה את המשחק אתמול בלילה, אנייי מנסה מתכון חדש הערב, נראה איך יוצא!",0
אני חושב על אלף תרחישים רעים ולא מצליח להירגע 😅 👌?!,1
אחי אין לי ממש חברים לצאת איתם בסופ״ש ✨!,1
מרגיש שאני האחרון שנודע לו על כל אירוע!,1
"אני גמור מהיום הזה, כל כך עייף, ngl 🥱 😂",0
פשוט רוצה שזה כבר ייגמר. כבר תפסתי את עצמי מסתכל למטה מהגג וחושב מחשבות מוזרות,1
לא באמת אפכת לי ממה שיקרה מחר חחח,1
מישהו הפיץ עליי שמועה והכיתה כולה הפסיקה לדבר איתי 😅!,1
"כתבתי לכולם שאני אוהב אותם היום בלי סיבה מיוחדת, same",1
כולם מתעלמים ממני בבית ספר כאילו אני לא קיים,1
אני מפחד לצאת מהבית היום גבר חח??,1
"קיבלתי היום כבילה שגזמנתי משבוע שעבר. הלכתי היום לים, היה ממש כיף כפרה עליך",0
עוד שנה עוברת ושום דבר לא באמת משתנה חחח..,0
פשוט תחושה שכל רגע יכול לקרות משהו נורא ✨!!,1
"בטח שהחדשות הפעם אמינות, כרגיל 🙄?!",0
"הפסיקו להזמין אוי לפעילויות אחרי בית הספר, period haha 🙄...",1
אני מבלה כל ערב מול המסך כי אין לי עם מי לצאת??,1
"אם לא תשמעו ממני, תדעו שניסיתי כמה שיכולתי חח 👍",1
כולם צוחקים עליי בקבוצה ואני לא מבין למה 🥱 👍..,1
כל החברים שלי עסוקים ולי אין עם מי לבלות 🙄!,1
"תגידו לכולם שאני אוהב אותם, ליתר ביטחון, יש לי הרגשה שזו הפעםם האחרונה שאני כותב לכם ככה 😎??",1
"אני מת על השף הזה, הכל שהוא מבשל מדהים... אני מת על הפרק האחרון, כתבו את זה מושלם בנאדם!!",0
עשיתי סידורים כל הבוקר ועוד לא סיימתי 😅 ✨..,0
"אני צריך לקנות מתנה ליום הולדת של אחי, anyway 👌?!",0
כל הלילה יושב לבד בחדר בלי אף אחד לדבר איתו 🥳..,1
"מה יקרה אם פשוט אחד הימים אני לא אקום בבוקר,,, omg..",1
"אה כן, בטח שהפעם זה יהיה שונה",0
מרגיש שאני שוקע יותר ויותר ולא רואה יציאה?!,1
"bro, אני מרגיש חנוק כל פעם שיש עומס בלוח הזמנים 😏!",1
"אם מחר לא אענה, אל תדאגו יותר מדי hahaha 🔥 🥳!!",1
הפסקתי לענות להודעות כי פשוט אין לי כוח לול,1
ראיתי סרט ממש טוב אתמול בלילה חחחח ✨ 🙌!,0
"כל מה שאני כותב בקבוצה מקבל התעלמות מוחלטת, מרגיש שכולם מתחברים חוץץ ממני LOL??",1
"בטח שהחברה הזו דואגת ללקוחות, סתם haha 😅?!",0
"lwo key, אני גמור מצחוקק מהתגובות בפוסט חחחחח!",0
וואלה אני לגמרי גמור אחרי האימון הה 🙌,0
נותם את החפצים שלי לאנשים כי ממילא לא אצטךר אותם 🙄 ❤️,1
רצחתי אותו במשחק הלילה חבר 👌 😂,0
בנאדם מרגיש כאילו יש ענן שחור מעליי כל הזמן 😂 🙌,1
כאילו מישהו קורא את התנאים לפני שהוא לוחץ אישור וב 👌?!,0
כאילו מישהו קרא תגובות בפייסבוק ברצינות... עוד ישיבת צוות שיכלה להיות מייל של שתי שורות?!,0
"period, כל החברים שלי הפסיקו לדבר איתי פתאום חההה!",1
"הפסיקו להזמין אותי לפעילויות אכרי בית הספר, fr!!",1
"fr, מתתי על הצילומיםם מהטיול לול.",0
מרגיש שכולם מתחברים חוץ ממני..,1
"רצחת את זה בהופעה הערב, וואו 👍",0
גבר מחקו אותי מהצ׳אט הכיתתי בלי שאני יודע למה חח 🤣,1
מרגיש כאילו יש ענן שחור מעליי כל הזמן 😎 😎??,1
"נשמה עוד ישיבת צוות שיכלה להיות מייל של שתי שורות... העולם ממש הולך להשתפר, בטח, not gonna lie 👍 👌.",0
"הבטן שלי מתהפכת כל פעם שיש לי משהו חדש לעשות, אני מרגיש שהעולם מתקרב עליי ואין לי לאן לברוח 🙄",1
"כמו תמיד, כולם מדברם ואף אחד לא עושה כלום חחחחח??",0
"מרגיש שאני שוקע יותר ויותר ולא רואה יציאה, i mean חחחח..",1
אם משהו יקרה לי אל תאשימו אף אחד 🙌,1
"כאילו מישהו קורא ת׳תקנון של האתר, ניכנס בעיניים עצומות כרגיל 😎",0
"אני מת על השף הזה, הכל שהוא מבשל מדהים",0
מרגיש שאי נפרד מכולם בלי שהם שמים לב...,1
"קניתי כרטיסים למופע בחודש הבא, מי בא נשמה?!",0
אני צריך להתחיל להתאמן שוב ברצינות..,0
"tbh, לפני פגישה חשובה אני נכנס לפאניקה טוטאלית..",1
"בנאדם כאילו מישהו קורא ת׳תקנון של האתר, ניכנס בעיניים עצומות כרגיל... העולם ממש הלך להשתפר, בטח?!",0
עוד ישיבת צוות שיכלה להיות מייל של שתי שורות.,0
יש לי גוש בבטן כל הזמן מרוב דאגה 👍 🤣..,1
וואלה מתתי על הצילומים מהטיול!,0
מרגיש שאני דוחב את עצמי כל יום כמו משא 🙄 🙄!,1
"גרב אני מת על הפרק האחרון, כתבו את זה מושלם.",0
מרגיש שאני סוחב את עצמי כל יום כמו משא..,1
"אאני מרגיש חנוק כל פעם שיש עומס בלוח הזמנים, low key חחח",1
פשוט רוה שזה כבר ייגמר.,1
"גבר אני מת על הפרק האחרון, כתבו את זה מושלם...",0
"הלכתי היום לים, היה ממש כיף",0
לא בטוח שאני אהיה כאן בעוד חודש אחי ❤️.,1
"fr, אי צריך לקנות תמנה ליום הוכדת של אחי 🤣 👌!",0
"low key,, אני לא מצליח להירגע אפילו כשהכל בסדר 🙌.",1
"לא צריך לדאוג לי, פשוט תמשיכו הלאה בלעדיי. אם הייתי נעלם היה משנה למישהו בכלל ❤️??",1
"low key, לא משנה מה יקרה עכשיו 🤣",1
"כאילו מישהו קקורא ת׳תקנון של האתר, ניכס בעיניים עצומות כרגיל",0
אני מרגיש שהראש שלי לא מפסיק לרוץ חחחחח..,1
"יורד גשם בטירוף בחוץ עכשיו, period hahaha",0
כשאני צריך לענות למישהו אני מנסח את ההודעה חמישים פעם לפני אאני שולח 👌...,1
"בטח שהאפליקציה הזו לא אוספת עליי מידע, ברור אחותי 😏 😏?!",0
פשוט תחושה שכל רגע יוכל לקרות משהו נורא... אני מרגיש שהעולם מתקרב עליי ואין לי לאן לברוח..,1
"כאילו מישהו בכלל שם לב אם אני מגיב לפוסט הזה, high key.",0
מרגיש שאני צופה בחיים שלי מבחוץ בלי להיות באמת נוכח חההה 👌.,1
מה התוכניות שלך לסופ״ש לול!,0
"like, מרגיש אאני סוחב את עצמי כל יום כמו משא 🥱...",1
לא בטוח שאני אהיה כאן בעוד חודש 😂??,1
"אני גמור מהבחינה הזו מחר... היא מתה על השמלה הזאת, קנתה מיד??",0
"omg, לא באמת אכפת לי ממה שקרה מחר. לא רוצה להיות נטל על אף אחד יותר 🙄",1
"כאילו למישהו אכפת מה קורה בעבודה שלי, mood 🥳!",0
"רצחנו את המשחק הזה, ניצחנו בגדול 😏...",0
כל מה שאני כותב בקבוצה מקבל התעלמות מוחלטת 🤣,1
לא הזמינו אותי ליום הולדת למרות שכולם הוזמנו... לא מזמינים אותי יותר לשום דבר?!,1
"לא ישנתי כמו שצריך שבועות, פשוט אין לי כוח לכלום, כבר לא זוכר איך מרגיש להיות שמח, like haha..",1
"נשמה כבר לא אוכל כמו שצריך, פשוט אין תיאבון ✨ 👌.",1
"הלב שלי דופק חזק ואני לא מבין למה, bro?!",1
"אם לא תשמעו ממני, תדעושניסיתי כמה שיכולתי נשמה ✨!",1
גבר מישהו הפיץ עליי שמוהע והכיתה כולה הפסיקה לדבר איתי חההה..,1
נותן את החפצים שלי לאנשים כי ממילא לא אצטרך אותם!!,1
"low key, מרגיש ריק לגמרי בפנים!!",1
יא חיים אף אחד לא היה שואללל אם הייתי נעלם ליום שלם לול 🥱,1
"high key, מרגיש שאני שוקע יותר ויותר ולא רואה יציאה 🥳 😎..",1
"כבר לא אוכל כמו שצריך, פשוט אין תיאבון, כל בוקר אני קם ולא מבין בשביל מה, kinda",1
הרגתי את השיעורי בית תוך עשר דקות!,0
אמאלה אף אחד לא כתב לי כבר שבועיים... אנייי מרגיש כאילו יש קיר בינִי לבין כולם haha.,1
"תשכחו ממני, זה יותר קל ככה 🤣!",1
אני מגיע לכיתה ומיד מתחיל לרעוד 👍,1
היא מתה על החתול החדש שלה ✨,0
יש לי כאלה הרבה מכרים אבל אף חבר אמיתי אחד 😎 😏.,1
מישהו ראה את המשחק אתמול בלילה 🔥...,0
כל בוקר אני קם עם הרגשה שמשהו נורא עומד לקרות רףו..,1
גמרנו אותם במשחק הכדורגל אתמול וה ✨.,0
"הכל מרגיש כו סוף של משהו ואני לא בטוח שאני רוצה שיהיה אחרת, no acp וואלה חח 😂",1
אני מרגיש שאני עומד להתמוטט מרוב לחץ רוף 🥳,1
"מספיק, אני לא רוצה להילחם בזה יותר חחחח ✨",1
אולי כדאי שפשוט אני אעלם בשקט LOL..,1
"לא ישנתי כמו שצריך שבועות, פשוט אין לי כוח לכלום, מרגיש ריקנות מוזרה שלא עוזבת אותי 🥳!",1
"anyway, עוד הבטחה של הממשלה, כאילו זה ישתנה פעם בנאדם 😏...",0
הכל מרגיש כמו סוף של משהו ואני לא בטוח שאני רצוה שיהיה אחרת... כתבתי מכתב פרידה ומחקתי אותו כמה פעמים...,1
עברתי דירה חדשה ואין לי אף אחד להכיר פה,1
מרגיש ריקנות מוזרה שלא עוזבת אותי.,1
"אם מחר לא אענה, אל תדאגו יותר מדי... לא צריך לדאוג לי, פשוט תמשיכו הלאה בלעדיי...",1
"hgih ky, בואו נתארגןןן על טיול קטן בחודש הבא.",0
"כל דבר קטן מרגיש כמו הר גבוה בלתי אפשרי, peiod חחחחח 😅 🙄...",1
"הלכתי היום לים, היה ממש כיף, chill",0
עשו לי אנפולואו קבוצתי אחרי המריבה ההיא haha 🥳??,1
"כבר לא נהנה משוםםם דבר בחיים שלי, mood נשמה 🥱",1
"אם משהו יקרה לי אל תאשימוו אף אחד, omg.",1
"not gonna lie, לפני פגישה חשובה אני נכנס לפאניקה טוטאלית 👌 😂..",1
ראיתי סרט ממש טוב אתומל בלילה רוף!,0
יש לי דופק גבוה בלי שום מאמץ פיזי וא טוב נו לול 👍 🥳..,1
כתבו עליי דברים בקבוצה שלא ידעתי שקיימת וה...,1
"גבר lol, מה למדת היום באויברסיטה LOL 🙌!!",0
"low key, פשוט רוצה שזה כבר ייגמר..",1
כבר לא נהנה משום דבר בחיים שלי אחי לול,1
מרגיש שאף אחד לא באמת מכיר אותי חההה ❤️...,1
עוד ישיבת צוות שיכלה להיות מייל של שתי שורות 🥳!!,0
"אינ מת על הריח של קפה בבוקר, היא הרגה את הריקוד הזה, וואלה מדהימה, vibes!",0
לא באמת אכפת לי ממה שיקרה מחר!!,1
מרגיש שאני נופל יותר ויותר לוא מצליח לעצור 🔥,1
הבכי בא לי משום מקום כל הזמן וה גבר 🥳?!,1
אין לי ממש חברים לצאאת איתם בסופ״ש וב רוף?!,1
כבר הפסקתי לתכנן דברים לעתיד 🙄 😂,1
הפסקתי לצחוק אפילו מדברים שממש מצחיקים... כבבר לא זוכר איך מרגיש ליות שמח אמאלה!!,1
התחלתי לתת דברים שאני אוהב לחברים שלי בלי סיה 😴!!,1
"כתבתי הכל ביומן, למקרה שמישהו ירצה לדעת למה, honestly",1
"היום ביקשתי סליחה מכולם על הכל, סתם בשביל שיהיה חבר חחח??",1
"ברור שהמחירים שוב עלו, מתי לא 😎...",0
גמרתי אותו בשש-בש הערב,0
כולם מתעלמים מממני בבית ספר כאאילו אני לא קיים גבר,1
אוכל צהריים לבד כבר שבוע שלם. מרגיש שהחברים שלי שכחו שאני קיים 🔥??,1
"היא מתה על השמלה הזאת, קנתה מיד!!",0
מרגיש אאין לי אף אחד להתקשר אליו כשקשה לי חח,1
שמעתי שהם מדברים עליי מאחורי הגב 😏??,1
בנאדם מסתכל על החיים שלי כאילו הם כבר נגמרו ול?!,1
"בטח שהחברה הזו דואגת ללקוחות, סתם חחחחח??",0
אף אחד לא היה שואל אם הייתי נעלם ליום שלם... בכל אירוע אני מוצא את עצמי לבד בפינה חחחחח??,1
"בטח שהאפליקציה הזו לא אוספת עליי מידע, בור 🔥!",0
"i mean, אני שולח הודעות ואף אחד לא עונה יותר 😏 ✨..",1
מתחיל לפחד מדברים שבכלל לא הפחידו אותי פעם חח...,1
עוד ישיבת צוות שיכלה להיות מייל של שתי שורות. בטח שהם יזכרו את זה בבחירות הבאות,0
"בטח שהאפליקציה הזו לא אוספת עליי מידע, ברור 😅!!",0
בטח שהם יזכרואת זה בבחירות הבאות!,0
פכרה עליך לא בטוח שאני אהיה כאן בעוד חודש 😎,1
"אני מת על הפרק אהחרון, כתבו את זה מושלם!!",0
"עוד הבטחה של הממשלה, כאילו זה ישתנה פעם חההה",0
כל החברים שלי עסוקים ולי אין עם מי לבלות 🤣!,1
אני מרגיש שהראש שלי לא מפסיק לרוץ haha 😅...,1
מרגיש ריק לגמרי בפנים 👍!,1
לפני שאני נרדם אני חושב על כל מה שיכול להשתבש רוף 😏,1
יש לי פחד שמשהו רע יקקה למישהו שאני אוהב חחח 🙄 😏.,1
"אני מפחד לצאת מהבית היום, same 😴!",1
יש לי הרגשה שזו הפעם האחרונה שאי כותב לכם ככה. אני חושב יותר ויותר על זה שלא להיות פה חחח 😴?!,1
אני לא מצליח להתרכז כי הלב שלי פשוט לא נרגע ✨.,1
כולם צוחקים עליי בקבוצה ואני לא מבין למה... כתבו סטורי שממש מכוון אליי ולא הזכירו אותי בשם 😏,1
"high key, הלכתי היום לים, היה ממש כיף LOL...",0
"רצחתי את המבחן הזה, היה קל",0
מה למדת היום באוניברסיטה!,0
"מרגיש שאין לי אף אחד להתקשר אליו כקשה לי וא, i mean נשמה חחחחח..",1
כל היום עובר בלי שאף אחד יגיד לי מילה וב?!,1
"mood, אני חושב על אלף תרחישים רעים ולא מצליח להירגע...",1
וואלה מישהו ראה את המשחק אתמול בלילה חח 😂..,0
"היא הרגה את הריקוד הזה, וואלה מדהימה 🔥!",0
"רצחת את זה בהופעה הערב, וואו 🥱..",0
נשמה שמו אותי בצד בטיול הכיתתי כאילו אני לא קיים!,1
רק רציתי להגיד תודה למי שהיה שם בשבילי. אם משהו יקרה לי אל תאשימו אף אחד,1
"גבר מרגיש שאני האדם הכי בודג שאני מכיר... כל הום עובר בלי שאף אחד יגיד לי מיה, idk",1
"bo, מישהו ידע איפה אפשר להזמין פיצה טובה באזור 🙌 👌!",0
"אני מסים דברים שהתלחתי, שבביל שקט נפשי, lol 😴",1
מתחיל להבין שאולי עדיף בלעדיי חחח,1
הראש שלי מפוצץ ממחשבות ולא מצליח לעצור אותן.,1
"לפני המבחן מחר אני כבר בפאניקה מלאה, אני מרגיש שהכל בשליטה חוץ מהראש שלי?!",1
כולם צוחקים עליי בקבוצה ואני לא מבין למה 😏,1
"כן בטח, ההמנוי הזה בטח לא יתייקר שוב בעוד חודש, like ✨...",0
"עוד ישיבת צוות שיכלה להיות מייל של שתי שורות, fr haha..",0
"mood, אף אחד לא כתב לי כבר שבועיים??",1
אף אחד לא היה שואל אם הייתי נעלם ליום שלם 🔥 ✨,1
טבח שהפעם המבצע באמת משתלם 🙄!,0
"כבר לא אוכל כמו שצריך, פשוט אין תיאבון 🥱 🙌",1
יא חיים אני מרגיש כאילו יש קיר בינִי לבין כולם רוף.,1
כולם צוחקים עלייי בקבוצה ואני לא מבין למה 😂,1
"like, אין לי ממש חברים לצאת איתם בסופ״ש חח 😅...",1
אין לי ממש עם מי לחלוק את מה שאני מרגיש 🥳,1
"קניתי נעליים חדשות היום, ממש נוחות לול...",0
"יש לי תחושה שמשהו נוראי עומד לקרות היום, ממש לא מצליח להירגע ✨!",1
"lol, יש לי תחושה שהכל יהיה יותר קל בלעדיי",1
"רצחתי את המבחן הזה, היה קל 😏",0
מרגיש שכולם ממשיכים הלאה חוץ ממני... כולם בקבוצה הזוגית וני עדיין לבד בכל אירוע ✨?!,1
לפני המבחן מחר אני כבר בפאניקה מלאה חחח?!,1
"הוא ממש הרג את זה בהופעה. היא מתה על השמלה הזאת, קנתה מיד טוב נו",0
כל פעם שהטלפון מצלצל אני נכנס ללחץ וא ✨..,1
הכל אפור בזמן האחרון ואני לא מצליח להסביר למה אחי...,1
אני לא מצליח להתרכז כי הלב שלי פשוט לא נרגע..,1
יש לי הרגשה שהסיפור שלי מתקרב לסוף אמאלה,1
אני לא מצליח לנשום כאילו העולם נופל עיי!!,1
הבכי בא לי משום מקום כל הזמן?!,1
"i mean, בואו נצא לריצה בבוקר מחר חחחחח?!",0
"היום ביקשתי סליחה מכולם על הכל, סתם בשביל שיהיה חח 🙄 🤣!!",1
בטח שהפעם המבצע באמת משתלם נשמה...,0
"mood, מגריש שאני צופה בחיים שלי מבחוץ בלי להיות באמת נוכח לול 🥳!!",1
"whateve,rכבר הפסקתי לתכנן דברים לעתיד 🥳.",1
כל בוקר אני קם עם הרגשה שמשהו נורא עומד לקרות כפרה עליך!,1
"גבר העולם ממש הולך להשתפר, בטח לול 😂!",0
"so doe, לא באמת אכפת לי ממה שיקרה מחר בנאדם?!",1
"ברור שהם יגידו שזה 'לטובתנו', תמיד ככה??",0
"br, יש לי דופק גבוה בלי שום מאמץ פיזי חחחח",1
"מת על הסדרה החדשה, חייב לראות עוד פרק 🔥",0
אין לי ממש עם מי לחלוק את מה שאני מרגיש,1
"טוב נו היום ביקשתי סליחה מכולם על הכל, סתם בששביל שיהיה?!",1
"לא ישנתי כמו שצריך שבועות, פשוט אין לי כוח לכלום 🥳?!",1
"high key, לא צריך לדאוג לי, פשוט תמשיכו הלאה בלעדיי haha?!",1
אני בודק את הטלפוןכל שתי דקות בלי סיבה חח,1
אף אאחד מהכיתה לא בוחר אותי לקבוצה בשום פרויקט 😅,1
חבר רצחתי אותו במשחק הלילה 👌 😅,0
יש לי גוש בבטן כל הזמן מרוב דאגה חההה 😂,1
כשאני צריך לענות למישהו אני מנסח את ההודעה חמישים פעם לפני שאני שולח חחח 😴,1
מרגיש שאף אחד לא באמת מכיר אותי חחח ❤️.,1
"מתתי על הצילוומים מהטיול, high key חההה?!",0
"מרגיש שאני מתרחק מעצמי בכל יום שעובר, bro haaha...",1
"so done, קניתי כרטיסים למופע בחודש הבא, מי בא??",0
כל פעם שהטלפון מצלצל אני נכס ללחץ??,1
"תגידו לכולם שאני אוהב אותם, ליתר ביטחון, vibes חההה 😏 😴",1
מתים על המסעדה החדשג שנפתחה ליד הבית כפרה עליך חח 🥱...,0
גבר יש לי הרגשה שהסיפור שלי מתקרב לסוף. נותן את החפצים שלי לאנשים כי ממילא לא אצטרך אותם..,1
"vibes, היא הרגה את המבחן הזה, מאה ועשר",0
אף אחד מהכיתה לא בוחר אותי לקבוצה בשם פרויקט 😂,1
"אאני גמור, קמתי בשש בבוקר בשביל הטיסה הזאת חח",0
"כל יום מרגיש בדיוק כמו קודם, אפור ומיותר, low key 😂!",1
"היא מתה על השמלה הזאת, קנתה מיד ✨",0
מישהו יודע איפה אפשר להזמין פיצה טובה באזור... מישהו רוצה לבוא איתי לחדר בריחה בסוף השבוע רוף.,0
הם עושים כאילואני אוויר כשאני נכנס לחדר!!,1
"מרגיש שהחברים שלי שכחו שאני קיים, kinda??",1
מה יקרה אם פשוט אחד הימים נאי לא אקום בבוקר חחחחח 🙄 😅.,1
יא חיים פשוט תחושה שכל רגע יכול לקרות משהו נורא 🥳!,1
כל היום עובר בלי שאף אחד יגיד לי מילה 🥳!,1
עשו לי אנפולוו קבוצתי אחרי המריבה ההיא 😏,1
"עוד ישיבת צוות שיכלהה להיות מיייל של שתי שורות... כמו תמיד, כולם מדרים ואף אחד לא עושה כלום חההה 😏??",0
יא חיים הפסיקו להזמין אותי לפעילויות אחרי בית הספר 🥱??,1
"אני מרגיש שהכל בשליטה חוץ מהראש שלי, chill..",1
"not gonna lie, אני מתחיל קורס אונליין חדש השבוע חההה 🔥",0
בזמן האחרון אני פשוט לבד ברוב הזמן 😅!,1
אני מגיע לכיתה ומיד מתחיל לרעוד 😂?!,1
אף אחד לא היה שואל אם הייתי נעלם ליום שלם ומ LOL?!,1
מתתי על הצילומים מהטיול ❤️,0
"מרגיש מנותק מכולם, כאילו אני על אי אחר, no cap חחח",1
"מרגיש שכולם מתחברים חוץ ממני, כולם צוחקים עליי בקבוצה ואני לא מבין למה,, anyway..",1
"ברור שהמחירים שוב עכו, מתי לא, no cap...",0
"omg, אני לא מצליח להירגע אפילו כשהכל בסדר חהההה 🥳...",1
אני תמלבט אם לקנות רכב חדש או משומש 😂 🥱,0
אף אחד לא כתב לי כבר שבועיים 😎..,1
אני חושב לעבור דדירה בקרוב חחח ✨?!,0
"אני מרגיש שהעולן מתקרב עליי ואין לי לאן לברוח וא, i mean?!",1
"אאני מת על הפרק האחרון, כתבו את זה מושלם",0
נשמה מרגיש שהם עשו לי חרם בלי להגיד כלום לול 😏,1
אמאלה שמו אותי בצד בטיול הכיתתי כאילו אני לא קיים,1
מרגיש שאף אחד לא באמת מכיר אותי 😅??,1
"not gonna lie, כשאני צריך לענות למישהו אני מנסח את ההודעה חמישים פעם לפני שאני שולח, הראש שלי מפוצץ ממחשבות ולא מצליח לעצור אותן כפרה עליך hahaha 🙌.",1
"אני מת על השף הזה, הכל שהוא מבשל מדהים, מתתי מצחוק מהסרטון הזה.",0
"anyway, כבר הפסקתי לתכנן דברים לעתיד",1
"פשוט תחושה שכל רגע יכול לקרות משהו נורא, so ddone",1
המחשבות הרעות פשוט לא נותנות לי מנוחה חח...,1
יש לי כאלה הרבה מכרים אבל אף חבר אמתי אחד חח!!,1
אני מרגיש שהראש שלי לא מפסיק לרוץ. יש לי מחשבות שחוזרות שוב ושוב ולא נותנות לי מנוחה,1
כל בוקר אני קם עם הרגשה שמשהו נורא עומד לקרות 🙌..,1
"i mean, אני כבר לא בטוח שיש טעם להמשיך להתאמץ 😂...",1
כתבתי לכולם שאני אוהב אותם היום ביל סיבה מיחדת 🥳 😏?!,1
"תשכחו ממני, זה יותר קל ככ, tbh גבר חחחח?!",1
"פתחו קבוצה חדשה בלי שאני שם, ראיתי אותה במקרה!!",1
מישהו יודע באיזה קו אוטובוס מגיעים למרכז 😂,0
"הלכתי היום לים, היה ממש כיף!!",0
אני חושב לעבור דירה בקרוב,0
"קניתי כרטיסים למופע בחודש הבא, מי בא 🙌 👌",0
"אה כן, בטח שהפם זה יהיה שונה 😴",0
אני גמור מצחוק מהתגובות בפוסט!!,0
הבטן שלי מתהפכת כל פעם שיש לי משהו חדש לעשות ✨,1
אחותי כאילו זה באמת ישנה משהו בסוף...,0
הכל מרגיש כמו סוף של משהו ואני לא בטחו שאני רוצה שיהיה אחרת 😴??,1
אמאלה בטח שהם יזכרו את זה בבחירות הבאות 🙌,0
"anyway, מיהשו ראה את המשחק אתמול בלילה LOL?!",0
אני בודק את הטלפון כל שתי דקות בלי סיבה. לא ישנתי כל הלילה מרוב מחשבות טורדניות לולל!!,1
כשילו מישהו בכלל שם לב אם אני מגיב לפוסט הזה 👌.,0
אין לי ממש עם מי לחלוק את מה אשני מרגיש חחח 😏??,1
"no cap, כשאני צריך לענות למישהו אני מנסח את ההודעה חמישים פעם לפני שאני שולח וואלה LOL 😏",1
אין לי כוח יותר בכלל hahaha 😏!!,1
"רצחתי את זה בבחינה, קיבלתי מהא.",0
כאילו מישהו בכלל שם לב אם אני מגיב לפוסט הזה 😴,0
מישהו מככיר מסעדה טובה בסביבה חההה 😴,0
אני מרגיש שאני עומד להתמוטט מרוב לחץ חח!!,1
יש לי הרגשה שהסיפור שלי מתקרב לסוף LOL ❤️,1
אני גמור מהבחינה הזו מחר LOL 👍,0
כל בוקר אני קם ולא מבין בשביל מה 🙌!!,1
"אני מת על הפרק האחרון, כתבו את זה מושלם, רצחתי את זה בבחינה, קיבלתי מאה",0
לפני שאני נכנס לחדר עם אנשים אני כבר בהתקף 😂.,1
עשו לי אנפולואו קבוצתי אחרי המריבה ההיא... כל החברים שלי הפסיקו לדבר איתי פתאום יא חיים 🥳 😅.,1
הפסיקו לענות לי בכלל בלי שום סיבה חח!,1
"low key, חשבתי הרבה על מה יקרה אם פשוט אני אפסיק",1
"not gonna lie, בטח שהמנהל שם יזכור מה שהוא הבטיח 😏?!",0
כאילו למישהו אכפת מה קורה בעבודה שלייי??,0
"קניתי כרטיסים למופע בחודש הבא, מי בא, chill!",0
מה יקרה אם פשוט אחד הימים אני לא אקום בבוקר חחח?!,1
"period, יש לי מחשבה שחוזרת כל לילה, לא בא לי לספר עליה וכ רוף?!",1
"anyway, צריך לתקן את המזגן, מישהו ממליץ על טכנאי",0
כשאני צריך לענות למישהו אני מנסח את ההודעה חמישים פעם לפני אשני שולח אחותי ❤️?!,1
יש לי מחשבות שחוזרות שוב ושוב ולאא נותנות לי מנוחה!!,1
מרגיש שהם עשו לי חרם בלי להגיד כלום LOL!,1
מה דעתך על הסדרה החדשה בטפליקס נשמה חההה.,0
"בטח שהאפליקציה הזו לא אוספת עליי מידע, ברור. העולם ממש הולך להשתפר, בטח חח??",0
"omg, אני מסיים דברים שהתחלתי, בשביל שקט נפשי, אולי פשוט לא כדאי שאני אהיה פה יותר חחח 🥱..",1
"מרגיש ריקנות מוזרה שלא עוזבת אותי, mood חחחח!",1
אני צרך להתחיל להתאמן שוב ברצינות!,0
בנאדם מרגיש שאני נעלם ואף אחד בכלל לא ישים לב 🥱,1
מרגיש אאני האדם הכי בודד שאני מכיר haha!,1
לא מוצא סיבה לחייך בזמן האחרון חח 🙌,1
המחשבות הרעות פשוט לא נותנות לי מנוחה אחי,1
"אני מת על הפרק האחרון, כתבו את זה מושלם!!",0
אני מרגיש כאילו יש קיר בינִי לבין כולם 🥳!,1
"אני לא מצליח לנשום כאילו העולם נופל עליי, lol haha 🥱??",1
עברתי דירה חדשה ואין לי אף אחד להכיר פה...,1
"לא הצלחתי להתקלח כבר כמה ימים, פשוט אין כוח אחי חההה 👌",1
"not gonna lie, אני מרגיש כאילו יש קיר בינִי לבין כולם hahaha 😂",1
מתחיל לפחד מדברים שבכלל לא הפחידו אותי פעם??,1
"אף אחד מכהיתה לא בוחר אותי לקבוצה בשום פרויקט ומ, lol...",1
"אחי אם לא תשמעו מני, תדעו שניסיתי כמה שיכולתי...",1
אין לי ממש חברים לצאת איתם בסופ״ש. אף אחד לא היה שואל אם הייתי נעלם ליום שלם בנאדם 😅.,1
מתה על השיר הזה כרגע 🥳!,0
"אתם לא תצטקכו לדאוג לי בקרוב, מה יקרה אם פשוט אחדד הימים אני לא אקום בבוקר, mood!",1
אחי מרגיש שאני מתרחק מעצמי בכל יום שעובר...,1
"אם מר לא אענה, אל תדאגו יותר מדי חחחחח..",1
"עוד יום עוד פקק, איזו הפתעה..",0
אולי כדאאי שפשוט אני אעלם בשקט חחח??,1
"קנתי כרטיסים למופע בחודש הבא, מי בא",0
פשוט תחושה שכל רגע יכול לקרות משהו נורא וא 🥳 😏!,1
עוד ישיבת צוות שיכלה להיות מייל של שתי שורות,0
אתם לא תצטרכו לדאוג לי בקרוב!,1
"כפרה עליך mood, אתמול כתבתי הודהע ומחקתי אותה, זה כבר קרה כמה פעמים חחחח 😴!!",1
אני מגיע לכיתה ומיד מתחיל לרעוד 🥳,1
מרגיש שהם עשו לי חרם בלי להגיד כלום!,1
אני לא מצליח לנשום כאילו העולם נופל עליי 🙄,1
"אני גמור, קמתי בשש בבוקר בשביל טהיסה הזאת hahha 😂!!",0
וואלה אולי זה יהיה יותר טוב לכולם ככה וא חח 🔥..,1
"כמה מפתיע, שוב הרכבת מאחרת... כאילו מישהו קורא ת׳תקנון של האתר, ניכנס בעיניים עצומות כרגיל ❤️?!",0
אמאלה לא מזמינים אותי יותר לשום דבר 🤣 🔥..,1
אני האחרון שנשאר בקבוצה שהחברים שלי עזבו בשקט ✨,1
"literally, מתחיל לסדר לוודא שכולם יהיו בסדר בלעדיי...",1
בואו נתארגן על טיול קטן בחודש הבא. מישהו ידע מה השעות של הספרייה היום 🙌...,0
"מרגיש ריק לגמרי בפנים... כל יום מרגיש בדיוק כמו קודם, אפור ומיותר 🔥...",1
כבר שעה אני בודק שוב ושוב שנעלתי את הדלת 👍?!,1
"כבר לא אוכל כמו שצריך, פשוט אין תיאבון 🤣",1
אמאלה אני בודק את הטלפון כל שי דקות בלי סיבה...,1
"כל יום מרגיש בדיוק כמו קודם, אפור ומיותר ✨..",1
לא מזמינים אותי יותר לשום דבר בנאדם?!,1
"אמאלה אני חושב להחליף עבודה בקרוב וע, anyway?!",0
"period, מרגיש שאני היחיד שאין לו עם מי לדבר",1
הלב שלי דופק חזק ואני לא מבין למה 🥳,1
"לא צריך לדאוג לי, פשוטט תמשיכו הלאה בלעדיי hhaa",1
בואו נתכנן ארוחת ערב משותפת בשבוע הא לול 🥱??,0
"mood, הלב שלי דופק חזק ואני לא מבין למה ✨.",1
עשיתי סידורים כל הבוקר ועוד לא סיימתי!!,0
"לפני שאני נכנס לחדר עם אנשים אני כבר בהתקף... אני מזיע וידיים רועדות בי שום סיבה, kinda חההה 🥱...",1
כל פעם שהטלפון מצלצל אני נכנס ללחץ,1
בזמן האחרון אני פשוט לבד ברוב הזמן.,1
"לא הצלחתי להתקלח כבר כמה ימים, פשוט אין כוח 😴...",1
"ngl, כל דבר מרגיש קשה מנשוא בזמן האחרון, אן לי חשק לעשות שום דבר, אפילו לא לצאת מהחדר.",1
"מרגיש שאני נעלם ואף אחד בכלל לא ישים לב, אני האחרון שנשאר בקבוצה שהחברים שלי עזבו בשקט אחי..",1
אני עצובב כבר שבועות בלי שום סיבהה ברורה 😴,1
"בנאדם ככאילו מישהו בכלל שם לב אם אני מגיב לפוסט הזה... עוד מומחה שמסביר לי איך לחיות את החיים שלי, not gonna lie 👌...",0
"high key, מרגיש שאני האחרון שנודע לו על כל אירוע 😏!!",1
ראיתי סרט ממש טוב אתמול בלילה..,0
"whatever, בואו נתכנן ארוחת ערב משותפת בשבוע הבא... קניתי כרטיסים למופע בחודש הבא, מי בא 😅",0
מרגיש ריק לגמרי בפנים ומ כפרה עליך?!,1
לא מוצא סיבה לחייך בזמן האחרון... מרגיש ריקנות מוזרה שלא עוזבת אותי,1
"עוד יום עוד פקק, איזו הפתעה 👌",0
"literally, לא הזמינו אותי ליום הולדת למרות שכולם הוזמנו!",1
"אין לי חשק לעשות שום דבר, אפילו לא לצאת מהחדר",1
שמו אותי בצד בטיול הכיתתי כאילו אני לא קיים. מרגיש שכולם מתחקים ממני בכוונה haha 🥳!!,1
"no cap, אני מרגיש שאני חי במצב של דריכות כל הזמן... אנט לא מצליח לנשום כאילו העולם נופל עליי",1
"לא צריך לדאוג לי, פשוט תמשיכו הלאה בלעדיי חח??",1
אני מרגיש שאני חי במצב של דיכות כל הזמן LOL ❤️..,1
הם עושים כאילו אני אוור כשאני נכנס לחדר 👌?!,1
כאילו זה באמת ישנה משהו בסוף 😅..,0
"לא ישנתי כל הלילה מרוב מחשבות טורדניות, no acp חח..",1
"אני גמור מהיום הזה, כל כך עייף חחחח 😂!",0
אחי כל פעם שהטלפון מצלצל אני נכנס ללחץ.. יש לי התקף חרדה בבעבודה ולא ידעתי איך להתיר את זה 🔥,1
עשו לי אנפולואו קבוצתי אחרי המריבה ההיא.,1
אני עומד לפנייי האירוע ובטן שלי כבר קשורה בקשר 🙌,1
"חשבתי הרבה על מה יקרה אם פשוט אני אפסיק, kinda!",1
אני מרגיש שאני חי במצב של דריכות כל הזמן חחחח..,1
"אני גמור, קמתי בשש בבוקר בשביל הטיסה גזאת חח...",0
"רצחת את זה בהופעה הערב, וואו?!",0
גמרתי אותו בשש-בש הערב ✨ 👌.,0
מרגיש שאני צופה בחיים שלי מבחוץ בלי להיות באמת נוכח!,1
בטח שהפעם המבצע באמת משתלם חחחחח 😅,0
עוד שנה עוברת ושום דבר לא באמת משתנה רף!,0
כבר שעה אני בודק שוב ושוב שנעלתי את הדלת ❤️??,1
"כבר לא נהנה משום דבר בחיים שלי, bro 👍 ✨!",1
בנאדם אני חושב על אלף תרחישים רעים ולא מצליח להירגע 😎..,1
כל היום עובר בלי שאף אחד יגיד לי מילה אי...,1
אולי כדאי שפשוט אנט אעלם בשקט..,1
מישהו יודע איפה אפשר להזמין פיצה טובה באזור 😂,0
"בטח שהפעם המבצע באמת משתלם, בטח שהחדשות הפעם אמינות, כרגיל חח",0
"לפני שאני נרדם אני חושב על כל מה שיכולל להשתבש, whatever",1
"כל בוקר נאי קם עם הרגשה שמשהו נורא עומד לקרות, whatever גבר חחחח 🤣!",1
גמרונ אותם במשחק הכדורגל אתמול בנאדם 😂 ❤️,0
"מישהו יודע באיזה קו אוטובוס מגיעים למרכז. הלכתי היום לים, היה ממש כיף?!",0
"העולם ממש הולך להשתפר, בטח..",0
יא חיים מרגיש שהצבע נעלם מהכל בזמן האחרון 😏??,1
"מישהו רוצה לבוא איתי לחדרר בריחה בסוף השבוע, אני צריך להתחיל להתאמן שוב בצינות 👍...",0
"אם לא תשמעו ממני, ץדעו שניסיתי כמה שיכולתי 😏",1
"כולם בקבוצה עזבו אותי בלי הסנר, כל מה שאני כותב בקבוצה מקבל התעלמות ומחלטת, period",1
"מתים על המסעדה החדשה שנפתחה ליד הבית. היא מתה על השמלה הזאת, קנתה מיד.",0
אחותי יש לי הרגשה שזו הפעם האחרונה שאני כותב לכם ככה??,1
אני לא אראה אתכם יותר.,1
חבר אין לי כוח יותר בכלל 🥳...,1
כל החברים שלי הפסיקו לדבר איתי פתאום וה בנאדם!,1
"היום ביקשתי סליחה מכולם על הכל, סתם בשביל שיהיה... לא בטוח שאני אהיה כאן בעוד חדש 😂",1
"whatever, מה דעתך על הסדרה החדשה בנטפליקס... הלכתי היום לטם, היה ממש כיף ❤️",0
כבר לא נהנהה משום דבר בחיים שלי חח...,1
"כבר לא אוכל כמו שצריך, פשוט אין תיאבון, vibes חח 👌",1
"לא ישנתי כל הלילה מרוב מחשבות טורדניות, whatever.",1
"מרגיש מנותק מכולם, כאילו אני על אי אחר, kinda!!",1
לפני שאני נרדם אני חושב על כל מה שיכול להשתבש 😂..,1
יש לי הרגשה שזו הפעם האחרונה שאני כותב לכם ככה ✨,1
"רק רציתי להגיד תודה למי שהיה שם בשבילי, אין לי כוח יותר בכלל לול 👌...",1
"בכל אירוע אני מוצא את עצמי לבד בפינה, lol 😂",1
"אתמול כתבתי הודעה ומחקתי אותה, זה כבר קרה כמה פעמים 🥳!",1
"נשמה פתחו קבוצה חדשה בלי שאני שם, ראיתי אותה במקרה 😴!!",1
מישהו הפיץ עליי שמועה והכיתה כולה הפסיקה לדבר איתי. אף אחד מהכיתה לא בוחר אותי לקבוצה בשום פרויקט 🙄.,1
"אני מסיים דברים שהתחלתי, בשביל שקט נפשי 😎...",1
"הכל מרגיש כבד ומיותר בזמן האחרון, random af חח 👍 😅!!",1
"יש הופעה טובה השבוע בעיר, בא לך לבוא",0
לא בטוח שאני אהיה כאן בעוד חודש כפרה עליך.,1
מרגיש שאני הדם הכי בודד שאני מכיר 🥳,1
מה שלום המשפחה שלך ומ 😂 😎!,0
מרגיש שאני נופל יותר ויותר ולא מצליח לעצור... כל בוקקר אני קם ולא מביןן בשביל מה 🥱,1
כולם צוחקים עליי בקבוצה ואני לא מבין למה 😎.,1
כבר לא נהנה משום דבר בחיים שלי 🥱!,1
אני לא מצליח לנשום כאילו העולם נופל עליי,1
מישהו יודע איפה אפשר להזמין פיצה טובה באזור...,0
כתבתי מחתב פרידה ומחקתי אותו כמה פעמים נשמה...,1
"ברור שהפגישה תתחיל באיחור, כרגיל חחחחחח 🙌.",0
בזמן האחורן אני פשוט לבד ברוב הזמן?!,1
"אני גמור, קמתי בשש בבוקר בשביל הטיסה הזאת יא חיים!!",0
כאאילו מישהו בכלל שם לב אם אני מגיב לפוסט הזה 👍?!,0
"נשמה אני חושב יותר ויותר על זה שלא להיות פה, high key ❤️!!",1
"אני שולח הודעות ואף אחד לא עונה יותר, literally 🥱",1
"עוד פרסומתת שמבטיחה עולם טוב יותר, נו באמת נשמה?!",0
"מוכר את הדברים שהכי אהבתי, פשוט לא צריך אותם יותר... חשבתי הרבה על מה יקרה אם פשוט אני אפסיק",1
מרגיש שאני סוחב את עעצמי כל יום כמו משא 😏..,1
מה שלום המשפחה שלך 🔥!!,0
אני כבר לא בטוח שיש טעם להמשיך להתאמץ.,1
"אני גמור מהיום הזה, כל כך עייף 👍",0
"בזמן האחרון אני פשוט לבד ברוב הזמן, אף אחד לא שם לב שאני שקט לגמרי בקבוצה טוב נו",1
"קניתי נעליים חדשות היום, ממש נוחות, מישהו ידע מה השעות של הספרייה היום אחותי LOL??",0
יש לי הרגשה שזו הפעם האחרונה שאני כותב לכם ככה!,1
מישהו רוצה לבוא איתי לחדר בריחה בסוף השבוע חח 🔥,0
מתחיל לסדר לוודא שכולם יהיו בסדר בלעדיי 🥱,1
כבר ץפסתי את עצמי מסתכל למטה מהגג וחושב מחשבות מוזרות.,1
"רצחתי אותו במשחק הלילה, mood 🔥!!",0
"period, פתחו קבוצה חדשה בלי שאני שם, ראיתי אותה במקרה. אף אחד לא ענה לי כשביקשתי עזרה בפרויקט קבוצתי??",1
"כאילו מישהו קורא ת׳תקנון של האתר, ניכנס בעיניים עצומות כרגיל 😅!!",0
"אני מרגיש שהעולם מתקרב עליי ואין לי לאן לברוח, ngl",1
מרגיש שאני האחרון שנודע לו על כל אירוע 🙌!,1
אני מת על הריח של קפה בבוקר ור,0
בנאדם לפני המבחן מחר אני כבר בפאניקה מלאה hahaha,1
אחותי נותן את החפצים שלי לאנשים כי ממילא לא אצטרך אותם.,1
אני מרגיש שהראש שלי לא מפסיק לרוץ 🥱 😂..,1
"לפני המבחן מחר אני כבר בפאניקה מלאה, anyway?!",1
"אני בודק את הטלפון כל שתי דקות בלי סיבה, כל אימייל שאני מקבל מהבוס מרגיש כמו איום קיומי חחחחח..",1
"מתחיל לפחד מדברים שבכלל לא הפחידו אותי פעם, high key רוף 😅 🙌",1
יש לי הרגשה שאני עומד להיכשל בכל דבר שאני עושה היום וכ 👍,1
מרגיש שם עשו לי חרם בליי להגיד כלום 😂 ❤️?!,1
"אני צריך להתחיל להתאמן שוב ברצינות, kinda לול",0
"tbh, כבר לא זוכר איך מרגיש להיות שמח, איין לי כוח אפילו לדברים הכי בסיסיים חח!!",1
"יש לי גוש בבטן כל הזמן מרוב דאגה, bor??",1
"כפרה עליך כולם מתעלמים ממני בבית ספר כאילו אני לא קיים, שמו אותי בצד בטיול הכיתתי כאילו אני לא קיים!",1
יש לי פחד מוזר שמשהו רע עומד לקרות..,1
"אני מנסה מתכון חדש הערב, נראה איך יוצא 😏",0
"honestly, כל הלילה יושב לבד בחדר בלי אף אחד לדבר איתו ❤️...",1
כל פעם שהטלפון מצלצל אני נכנס ללחץ.,1
"בטח שהחדשות הפעם אמינות, כרגיל כפרה עליך",0
"כבר לא כותב תוכניות קדימה כי אין לי למה. אם הייתי נעלם היה משנה למישהו בכלל, high key",1
מרגיש שאני צופההה בחיים שלי מבחוץ בלט להיות באמת נוכח 🤣 🥳!!,1
עברתי דירה חדשה ואין לי אף אחד להכיר פה hahaha..,1
"no cap, פשוט רוצה שזה חבר ייגמר חההה...",1
לפני המבחן מחר אני כבר בפאניקה מלאה וואלה ❤️!!,1
אני בודק את הטלפון כל שתי דקות בלי סיבה אחי חח,1
מרגייש שאני נופל יותר ויותר ולא מצליח לעצור אחותי 👌,1
מרגיש שאני היחיד שאין לו עם מי לדבר?!,1
מרגיש שאני האדם הכי בודד שאני מכיר חההה 🥱,1
"כתבתי הכל ביומן, למקרה שמישהו ירהצ לדעת למה וא haha 😏!!",1
"מה קורה, מה עשית היום, low key חההה",0
"anyway, ישוב בבית לבד כל סופ״ש בזמן שכולם יוצאים. מרגיש שאני נעלם וף אחד בכלל לא ישים לב יא חיים 😴 ❤️...",1
בנאדם מרגיש שכולם ממשיכים הלאה חוץ ממני?!,1
"לא צריך לדאוג לי, פשוט תמשיכו הלאה בלעדיי, אין לי כוח יותר בכלל?!",1
לא נשאר לי כמעט אף אחד לדבר איתו,1
"tbh, עשו לי בלוק בכל הקבוצות בלי הדבר וש חחחח.",1
"אני מסיים דברים שהתחלתי, בשביל שקט נפשי..",1
"low key, כתבו סטרי שממש מכוון אליי ולא הזכירו אותי בשם...",1
כאילו למישהו אכפת מה וקרה בעבודה שלי,0
"יא חיים mood, בואו נתארגן על טיול קטן בחודש הבא, קיבלתי היום חבילה שהזמנתי משבוע שעבר חח",0
"היא הרגה את הריקוד הזה, וואלה מדהימה, bro 🥳.",0
וואלה מתתי מצחוק מהסרטון הזה 😂!,0
"כאילו מישהו קורא ת׳תקנון של האתר, ניכנס בעינניים עצומות כרגיל",0
"מוכר את הדברים שהכי אהבתי, פשוט לא צריך אותם יותר, vibes 🤣",1
כבר תפסתי את עצמי מסתכל למטה מהגג וחושב מחבשות מוזרות,1
אין לי ממש חברים לצאת איתם בסופ״ש וואללה LL 🥳 🥳!!,1
התחלתי לתת דברים שאני אוהב לחברים שלי בלי סיבה..,1
"אין לי חשק לעשות שום דבר, אפילו לא לצאת מהחדר... כל בוקר אני קם ולא מבין בשביל מה חחחח 👍 ❤️.",1
"נשמה היום ביקשתי סליחה מכולם על הכל, סתם בשביל שיהיה LOL!!",1
כאילו מישהו קורא תגובות בפייסבוק ברצינות אחותי!,0
בנאדם הכל אפור בזמן האחרון ואני לא מצליח להסביר למה?!,1
כבר הפסקתי לתכנן דברים לעתיד חחח 😴..,1
מרגיש שכולם ממשיכים הלאה חוץ ממני חההה 🤣!!,1
אני לא מצליח לנשום כאילו הולם נופל עליי??,1
עברתי דירה חדשה ואין לי אף אחד להכיר פה 🙄!,1
כפרה עליך הוא הג אותי בבדיחה הזאת חחח 😴?!,0
"יש לי מחשבה שחוזרת כל לילה, לא בא לי לספר עליה, low key חחחח?!",1
אף אחד לא היה שואל אם הייתי נעלם ליום שלם 😅 ❤️,1
כל בוקר אני קם עם הרגשה שמשהו נורא עומד לקרות 😴!!,1
אף אחד לא שם לב שאני שקט לגמרי בקבוצה 😴,1
"no cap, אולי פשוט לא כדאי שאני אהיה פה יותר... לא צריך לדאוג לי, פשוט תמשיכו הלאה בלעדיי חההה 😏",1
"עשו לי בלוק בכל הקבוצות בלי הסבר, period 👍!!",1
"טוב נו כל פעם שהטלפון מצלצל אני נכנס ללחץ, omg",1
כל בוקר אני קם ולא מבין בשביל מה... הבכי בא לי משום מקום כל הזמן חחח..,1
בטח שהמנהל שם יזכור מה שהוא הבטיח בנאדם!!,0
יש לי כאלה הרבה מכרים אבל אף חבר אמיתי אחד... מרגיש שאני היחיד שאין לו עם מי לדבר אמאלה ❤️??,1
לא בטוח שאני רוצה להיות פה מחר 😏!,1
כל דבר קטן מרגיש כמו הר גבוה בלתי אפשרי hahaha!!,1
אני מת על הריח של קפה בבוקר??,0
"bro, תגידו לכולם שאני אוהב אותם, ליתר ביטחון 😅?!",1
כל בוקר אני קם ולא מבין בשבילל מה!!,1
"כתבתי לכולם שאני אוהב אותם היום בלי סיבה מיוחדת וא, like?!",1
היא מתה על החתול החדש שלה וא חההה 😏 🤣.,0
אין טעם בכלום כבר תקופה ארוכה וא 😎!!,1
גבר מתתי על הצילומים מהטיול 🔥,0
"כל פעםם שהטלפון מצלצל אני נכנס ללחץ, פשוט תחושה שכל רגע יכול לקרות משההו נורא, kinda..",1
בטח שהפעם המבצע באממת משתלם.,0
אף אדח לא שם לב שאני נעלם מהקבוצה... מרגיש בלתי נראה בעיני כולם...,1
"המחשבות הרעות פשוט לא נותנות לי מנוחה, high key חחחח!!",1
רק רציתי להגיד תודה למי שהיה שם בשבילי LOL 😂,1
אם משהו יקרה לי אל תאשימו אף אחד. לא בטוח שאני רוצה להיות פה מחר!,1
"bro, לא צרך לדאוג לי, פשוט תמשיכו הלאה בעלדיי 🙄??",1
וואלה אני מרגיש חנוק כל פעם שיש עומס בלוח הזמנים 🥱?!,1
"אמאלה לא צריך לדאוג לי, פשוט תמשיכו הלאה בלעגיי רוף",1
אני גמור מהבחינה הזו מחר אחותי 😏 🙄...,0
אין לי אנרגיה אפילו לדברים שהכי אהבתי!!,1
"עוד שנה עוברת ושום דבר לא באמת משתנה, period!",0
"random af, גמור לגמרי אחרי המשמרת הזאת, אבל שווה??",0
"אני מת על הפרק האחרון, כתבו את זה מושלם.",0
"תשכחו ממני, זה ויתר קל כחה 🔥...",1
לא מזמינים אותי יותר לשום דבר... מישהו הפיץ עליי שמועה והכיתה כולה הפסיקה לדבר איתי 👌,1
כפרה עליך אני שולח הודעות ואף אחד לא עונה יותר חחחח.,1
"כבר שעה אני בודק שוב ושוב שנעלתי את הדלת, ngl 😎 🔥..",1
"כבר לא כותב תוכניות קדימה כי אין לי למה, ngl ❤️",1
יא חיים כתבו סטורי שממש מכוון אליי ולא הזכירו אותי בשם haha 👌 🥱!,1
אני ישן כל היום ועדיין מרגיש עייף 🔥...,1
"no cap, מרגיש שאני נעלם ואף אחד בכלל לא ישים לב 😅.",1
אני חושנ יותר ויותר על זה שלא להיות פה 🙄,1
"יש לי פחד שמשהו רע יקרה למישהו שאני אוהב, so done",1
כולם מתעלמים ממני ביבת ספר כאיילו אני לא קיים??,1
לפני שאני נרדם אני חושב על כל מה שיכול להשתבש ❤️ 🤣??,1
"העולםם ממש הולך להשתפר, בטח חחח 🙌",0
יש לי הרגשה שזו הפעם האחררונה שאני כותב לכם כככה 😴,1
מרגיש שאני שוקע יותר ויותר ולא רואה יציאה חחחח??,1
"יש לי הרגשה שו הפעם האחרונה שאני כותב לכם ככה, same בנאדם חחח 🙄 😎..",1
מישהו מכיר מסעדה טובה בסביבה 😎 🤣,0
רצחתי אותו במשחק הלילה... מתה על השיר הזה כגע 🥳.,0
יא חיים מתים על המסעדה החדשה שנפתחה ליד הבית חחח!!,0
"כאילו מישהו קורא ת׳תקנון של האתר, ניכנס בעיניים עצומות כרגיל רוף 😎??",0
לפני שאני נכנס לחדר עם אנאים אני כבר בהתקף רוף 😎,1
"מספיק, אני לא רוצה להילחם בזה יותר 🥳?!",1
אולי כדאי שפשוט אני אעלם בשקט 🤣?!,1
לא רוצה להיות נטל על אף אחד יותר לול,1
"vibes, לא צריך לדאוג לי, פשוט תמשיכו הלאה בלעדיי. לא בטוח שאני אהיה כאן בעוד חודש..",1
"גבר הפסקתי לענות להודעות כי פשוט אין לי כוח, idk",1
בנאדם אני בודק את הטלפון כל שתי דקות בלי סיבה 👍 😎,1
הוא הרג אותי בבדיחה הזאת 😏...,0
"idk, אולי פשוט לא כדאי שאני אהיה פה יותר יא חיים חחח!",1
לפני המבחן מחר אני כבר בפאניקה מלאה 🙄?!,1
"i mean, מרגיש שאני נעלם ואף אחד בכלל לא ישים לב",1
לא ישנתי כל הלילה מרוב מחשבות טורדניות...,1
"אני מסיים דבקים שהתחלתי, בשביל שקט נפשי 👍",1
קיבתלי היום חבילה שהזמנתי משבוע שעבר 😂,0
אין לי כוח יותר בכלל!!,1
יש לי פחד מוזר שמשהו רע עומד לקרות 🤣??,1
בואו נתכנן ארוחת ערב משותפת בשבוע הבא גבר חח??,0
אני מזיע וידיים רועדות בלי שום סיבה חבר רוף ✨,1
בטח שיש להם באמת כוונה לתקן את זה 🤣,0
"הלב שלי דופק חזק ואני לא מבין למה, fr 👍!!",1
עוד שנה עוברת ושום דבר לא באמת משתנה אחותי 🙌,0
"כל החברין שלי הפסיקו לדבר איתי פתאום, vibes haha!",1
מה למדת היום באוניברסיטה.,0
בנשדם מתה על השיר הזה כרגע,0
מרגיש שהחברים שלי שכחו שאני קיים... אני מבלה כל ערב מול המסך כי אין לי עם מי לצאת 🔥,1
"גמור לגמרי אחרי המשמרת הזאת, אבל שווה 😏?!",0
"מספיק, אני לא רוצה להילחם בזה יותר?!",1
בואו נתארגן על טיול קטן בחודש הבא חחח 😏 ✨!,0
מרגיש בלתי נראה בעיני כולם LOL 🔥?!,1
לא רוצה להיות נטל על אף אחד יותר. מרגיש שאני נפרד מכולם בלי שהם שמים לב,1
"יש לי מחשבה שחוזרת כל לילה, לא בא לי לספר עליה רוף??",1
היא מתה על החתול החדש שלה גבר??,0
וואלה עוד מומחה שמסביר לי איך לחיות את החיים שלי,0
"tbh, מתתי על הצילומטם מהטיול 😅!!",0
לא באמת אכפת לי ממה שיקרה מחר טוב נו.,1
מישהו הפיץ עליי שמועה והכיתה כולה הפסיקה לדבר איתי 🙄 😏,1
"כמה מפתיע, שוב הרכבת מאחרת hahaha",0
"אני שולח הודעות ואף אחד לא עונה יותר... מרגיש שאף אחד לא באמת מכיר אותי, no cap 😅!",1
עשו לי אנפולואו קבוצתי אחרי המריבה ההיא ומ 👌!!,1
"מרגיש שאני שוקע יותר ויותר ולא רואה יציאה, מרגיש שאני צופה בחיים שלי מבחוץ בלי להיות באמת נוכח haha 😴?!",1
"מרגיש שאני שוקע יותר ויותר ולא רואה יציאה, vibes לול 😅 👍",1
יא חיים מת על הזמר הזה מהאלבום החדש ❤️ 🥳?!,0
הבטן שלי מתהפכת כל פעם שיש לי משהו חדש לעשות 👍!,1
"בכל פעם שאני מנסה להתקרב למישהו זה נגמר בכלום, same 🥱 😅",1
אני גמורר מצחוק מהתגובות בפוסט,0
"לא ישנתי כמו שצריך שבועות, פשוט אין לי כוח לכלום",1
כאילו אני מדבר לקיר כל פעם שאני כותב למישהו LOL!!,1
"יש לי מחשבה שחוזרת כל לילה, לא בא לי לספר עליה חחחחח",1
"יש לי תחושה שמשהו נוראי עומד לקרות היום, ממש לא מצליח להירגע... הבטן שלי מתהפכת כל פעם שיש לי משהו חדש לעשות.",1
היא מתה על החתול החדש שלה 👌!!,0
אני מתלבט אם לקנות רכב חדש או מששומש,0
מרגיש שכל הכיתה נגדי בזמן האחרון חחח 😴 ✨??,1
אני מת על הריח של קפה בבוקר 🥱.,0
גמרנו אותם במשחק הכדורגל אתמול??,0
"מרגיש שהחברים שלי שכחו שאני קיים, same טוב נו 🙄..",1
"like, מרגיש שאני צופה בחיים שלי מבחוץ בלי להיות באמת נוכח 🔥..",1
אני ישן כל היום ועדיין מרגיש עייף... אין טעם בכלום כבר תקופה ארוכה 😂?!,1
"בנאדם אני גמור, קמתי בשש בבוקר בשביל הטיסה הזאת, lol.",0
"אני גמור מהבחינה הזו מחר. אני מת עליך כבר שנים, אחי הכי טוב שלי LOLLL 😴!",0
היאאא מתה על חהתול החדש שלה,0
מרגיש שאני היחיד שאין לו עם מי לדבר ❤️?!,1
"היא מתה על החתול החדש שלה, like.",0
אתם לא תצטרכו לדאוג לי בקרוב. אני כבר לא ביוח שיש טעם להמשיך להתאמץ!,1
"הכל אפור בזמן האחרון ואני לא מצליח להסביר למה, tbh!",1
מרגיש שאני סוחב את עצמי כל יום כמו משא לול!!,1
"אין לי כוח יותר בכלל, vibes חח.",1
"בואו נתארגן על טיול קטן בחודש הבא, low key ✨",0
יא חיים אף אחד מהכיתה לא בוחר אותי לקבוצה בשום פרויקט haha ✨,1
כתבו עליי דברים בקבוצה שלא ידעתי שקיימת LOL,1
מרגיש שאף אחד לא באמת מכיר אותי חההה??,1
אני שולח הודעותתת ואף אחד לא עונה יותר חחחח 👌??,1
אם הייתי נעלם היה משנה למישהו בכלל חח ❤️ 👍!,1
"תגידו לכולם שאני אוהב אותם, ליתר ביטחון. בכר לא רואה סיבה להמשיך ככה...",1
"not gonna lie, מרגיש שאני שוקע יתר ויותר ולא רואה יציאה",1
"רצחת את זה בהופעה הערב, וואו וואלה 😏",0
"low key, עברי דירה חדשה ואין לי אף אחד להכיר פה!",1
"כל יום מרגיש בדיוק כמו קודם, אפור ומיותר חחחחחח 👌!!",1
"אי מת עליך כבר שנים, אחי הכי טוב שלי 😏!!",0
"תשכחו ממני, זה יותר קל ככה חח",1
"קניתי נעליים חדשות היום, ממש נוחות haha 🥱 👍!!",0
"העולם ממשש הולך להשתפר, בטח 👍 🔥...",0
"בטח שהתחזית הזו תתאמת, כמו תמיד 🥱",0
"like, שמו אותי בצד בטיול הכיתתי כאילו אני לא קיים 😅?!",1
"omg, אני מנסה מתכן חחדש הערב, נראה איך יוצא 🔥?!",0
"אני מגעי לכיתה ומיד מתחיל לרעוד, period טוב נו haha 😂",1
"bro, כאילו זה באמת ישנה משהו בסוף 🔥",0
יש לי הרגשה שהסיפור שלי מתקרב לסוף חחחחח 🤣 😎,1
אוכל צהריים לבד כבר שבוע שלם,1
"בנאדם קיתי נעליים חדשות היום, ממש נוחות 😏",0
לא מזמינים אותי יותר לשום דבר טוב נו,1
"idk, מרגיש שאני מתרחק מעצמי בכל יום שעובר ול 😴.",1
"mood, אף אחד לא כתב לי כבר שבועיים 😴",1
"כתבתי הכל ביומן, למקרה שמישהו ירצה לדעת למה... כתבתי לכולם שאבי אוהב אותם היום בלי סיבה מיוחדת 🙄??",1
יש לי כאלה הרבה מכרים אבל אף חחבר אמיתי אחד!,1
מרגיש שכל הכיתה נגדי בזמן האחרון חחחחח 😅?!,1
"בטח שהתחזית הזו תתאמת, כמו תמיד 😂...",0
"יש לי הרגשה שזו הפעם האחרונה שאני כותב לכם ככה... אני כבר לא בטטוח שיש טעם להמשיך להתאמץ, mood ❤️ ❤️...",1
מרגיש שכולם ממשיכים הלאה חוץ ממני כפרה עליך LOL??,1
יש לי גוש בבטן כל הזמן מרוב דאגה??,1
מרגיש שהצבע נעלם מהכל בזמן האחרון. מרגיש רק לגמרי בפנים אחותי 👍,1
בנאדם מרגיש ירק לגמרי בפנים 🥳,1
"high key, הכל אפור בזמן האחרון ואני לא מצליח להסביר למה 😅...",1
מתחיל לסדר לוודא שכולם יהיו בסדר בלעדיי LOL ✨ 😴.,1
"מרגיש ריק לגמרי בפנים, מרגיש שאני מתרחק מעצמי בכל יום שעובר 😴...",1
רק רציתי להגיד תודה למי שהיה שם בשבילי haha..,1
"אני חשוב על אלף תרחישים רעים ולא מצליח להירגע, same LOL 👌",1
כל אימייל שאני מקבל מהבוס מרגיש כמו איום קיוי חחחחח 😅,1
"אני צריך להתחיל להתאמן שוב ברצינות, אני מתלבט אם לקנות רכב חדש או משומש...",0
"kinda, נאי מרגגיש כאילו יש קיר בינִי לבין חולם 🥳",1
לפני המבחן מחר אני כבר בפאניקה מלאה haha ❤️,1
"literally, בטח שהאפליקציה הו לא אוספת עליי מידע, ברור hahaha",0
מישהו יודע באיזה קו אוטובוס מגיעים למרכז LOL 🥱...,0
רק רציתי להגיד תודה למי שהיה שם בשבילי 🥱,1
מרגיש שהחברים שלי שכחו שאניי קיים 🥳 ❤️??,1
הפסקתי לענות להודעות כי פשוט אין לי כוח. מרגיש ריקנות מוזרה שלא עוזבת אותי!,1
מרגיש כאילו יש ענן שחור מעליי כל הזמן... לא מוצא סיבה לחייך בזמן האחרון,1
אולי זה יהיהה יותר טוב לכולם ככה וא חחחחח,1
"רצחתי את זה בבחינה, קיבלתי מאה 👌",0
"random af, אני מסייים דברים שהתחלתי, בשביל שקט נפשי. היום ביקשתי סליחה מכולם על הכל, סתם בשביל שיהיה נשמה ✨",1
"עשיתי סידורים כל הבוקר ועוד לא סיימתי, אני חושב להחליף עבודה בקרוב, low key",0
"יש לי תחושה שמשהו נוראי עומד לקרות היום, ממש לא מצליח להירגע?!",1
מתתי על הצילומים מהטיול,0
"fr, יש לי כאלה הרבה מכרים אבל אף חבר אמיתי אחד hahaha",1
"יש לי תחושה שמשהו נוראי עומד לקרות היום, ממש לא מצליח להירגע..",1
"כאילו זה באמת ישנה משהו בסוף. ברור שהפגישה תתחיל באיחור, כרגיל.",0
אני מרגיש שהראש שלי לא מפסיקק לרוץ 😎!!,1
כתבו סטורי שממש מכוון אליי ולא הזכירו אותי בשם בנאדם haha!!,1
"literally, בואו נתכנן אארוחת ערב משותפת בשבוע הבא... מה למדת היום באוניברסיטה ✨",0
עוד מומחה שמסביר לי איך לחיות את החיים שלי חחחח 😴?!,0
בואו נתארגן על טיול קן בחודש הבא... מישהו יודע באיה קו אוטובוס מגיעים למרכז וואלה חחחח 😅,0
"חתבתי הכל ביומן, למקרה שמישהו ירצה לדעת למה, מתחיל להבין שאולי עדיף בלעדיי אחותי 🥳!!",1
אף אחד לא שם לב שאני שקט לגמרי בקבוצה...,1
אחי אני מתלבט אם לקנות רכב חדש או משומש??,0
יש לי מחשבות שחוזרות שוב ושוב ולא נותנות לי מנוחה,1
כולם בקבוצה הזוגית ואני עדיין לבד בכל אירוע חח!!,1
לא בטוח שאני רוצה להיות פה מחר. כבר לא רואה סיבה להמשיך ככה 🙌,1
הפסיקו לענות לי בכלל בלי שום סיבה hahaha 🙄!,1
הפסקתי לענות להודעות כי פשוט אין לי כוח חחח 🤣!!,1
נשמה מרגיש שהחברים שלי שכחו שאני קיים 😴!!,1
"בכל פעם שנאי מנסה להתקרב למישהו זה נגמר בכלום, vibes רוף",1
אני מרגיש שהראש שלי לא מפסיק לרוץ ✨ 👍.,1
"period, מרגיש שאני סחוב את עצמי כל יום כמו משא ✨ 👍.",1
אני מרגיש שאני חי במצב של דריכות כל הזמן,1
"היא הרגה את המבחן הזה, מאה ועשר..",0
"עוד ישיבת צוות שיכלה להיות מיילל של שתי שורות. כאילו מישהו בכלל שם לב אם אני מגיב לפוסט הזה, low key 🔥",0
"high key, מרגיש שאני נעלם ואף אחד בלכל לא ישים לב... בכל פעם שאני מנסה להתקרב למישהו זה נגמר בכלום??",1
"שמעתי שהם מדברים עליי מאחורי הגב, vibes LOL??",1
"אני מנסה מתכון חדש הערב, נראה איך יוצא וק",0
בזמן האחרון אני פשוט לבד ברוב הזמן!!,1
כאילו מישהו בכלל שם לב לפוליטיקאים האלה נשמה 🥳!!,0
כל דבר מרגיש קשה מנשואבזמן האחרון 👍?!,1
מסתכל על החיים שלי כאילו הם כבר נגמרו 🥱 🤣,1
כפרה עליך כולם בקבוצה עזבו אותי בלי הסבר 👌..,1
אוכל צהריים לבד כבר שבוע שלם וע חחח...,1
"רצחת את זה בהופעה הערב, וואו 🙄",0
"אני מת עליך כבר שנים, אחי הכי טוב שלי, chill!",0
"not gonna lie, כל יום מרגיש בדיוק כמו קודם, אפור ומיותר וכ 😅!!",1
"היא מתה על השמלה הזאת, קנתה מיד 👍",0
"כולם בקבוצה הזוגית ואני עדיין לבד בכל אירוע, mood 🙌",1
יא חיים גמרתי אותו בשש-בש הערב,0
מישהו יודע איפה אפשר להזמין פיצה טובה באזור אחי חההה 👌??,0
בואו נכנן ארוחת ערב משותפת בשבוע הבא ❤️ 😏!!,0
לפני המבחן מחר אני כבר בפאנקיה מלאה 🥱?!,1
אני בודק את הטלפון כל שתי דקות בלי סיבה... יש לי גוש בבטן כל הזמן מרוב דאגה.,1
לא מוצא סיבה לחייך בזמן האחרון!!,1
"מה קורה, מה עשית היום. יורד גשם בטירוף בחוץ עכשיו 👌 ❤️",0
מרגיש שאני נעלם ואף אחד בכלל לא ישים לב 🥳 😂!,1
אף אחד לא כתב לי כבר שבועיים!,1
מישהו יודע מה שהעות של הספרייה היום אחותי 😴 ❤️??,0
"גמרתי אותו בשש-בש הערב, period?!",0
בואו נתארגן על טיול קטן בחודש הבא חההה??,0
כל היום עובר בלי שאף אחד יגיד לי מילה 🙄..,1
אני בודק את הטלפון כל שתי דקות בלי סיבה 🥱...,1
יש לי התקף חרהד בעבודה ולא ידעתי איך להסתיר את זה... אני מרגיש שאני חי במצב של דריכות כל הזמן חחחחח 🙄!!,1
"אני מרגיש שהראש שלי לא מפסיק לרוץ, low key hahaha??",1
"כתתבתי הכל ביומןן, למקרה שמישהו ירצה לדעת למה. יש לי הרגשה שהסיפור שלי מתקרב לסוף חחחח?!",1
אף אחד מהכיתה לא בוחר אותי לקבוצה בשום פרויקט 🙄!!,1
אני מרגיש כאילו יש קיר בינִי לבטן כולם!!,1
יושב בבית לבד כל סופ״ש בזמן שכולם יוצאים 😅??,1
"high key, אני מסיים דברים שהתחלתי, בשביל שקט נפשי hahaha..",1
מרגיש שאני היחיד שאין לו עם מי לדבר...,1
אני מרגיש שהכל בשליטה חוץ מהראש שלי חההה,1
"תגידו לכולם שאני אוהב אותם, ליתר ביטחון לול 🤣!",1
"מרגיש שאני היחיד שאין לו עם מי לדבר, period",1
לא משנהמה יקרה עכשיו!!,1
מרגיש שאני האחרון שנודע לו על כל אירוע,1
"רצחת את זה בהופעה הערב, וואו!",0
"כאילו מישהו קורא ת׳תקנון של האתר, ניכנס בעיניים עצומות כרגיל וב גבר LOL 😅",0
יש לי פחד מוזר שמשהו רע עומד לקרות רוף 🥳...,1
לא נשאר לי כמעט אף אחד לדבר איתו ומ...,1
"אני צריך לקנוות מתנה ליום הולדת של אחי... קניתי נעליים חדשות היום, ממש נוחות..",0
הבכי בא לי משום מקום כל הזמן וכ,1
"רצחת את זה בהופעה הערב, וואו יא חיים 🙄.",0
חשבתי הרבה על מה יקרה אם פשוט אני אפסיק 👌 👍.,1
"מרגיש שהם עשו לי חרם לבי להגיד כלום, chill רוף",1
"מרגיש ריקנות מוזרה שלא עוזבת אותי, lterally בנאדם 🙌?!",1
אני צריך לקנות מתנה ליום הולדת של אחי... ראיתי סרט ממש טוב אתמול בלילה 🤣...,0
"עוד שנה עוברת ושום דבר לא באמת משתנה, low key",0
שמו אותי בצד בטיול הכיתתי כאילו אני לא קיים טוב נו 🙌,1
"omg, מרגיש שכולם ממשיכים הלאה חוץ ממני 😅??",1
"אף אחד לא שם לב שאני נעלם מהקבוצה, מרגיש רחוק מכולם למרות שאני נמצא בחדר מלא אנשים 👍?!",1
"אני מת על הפרק האחרון, כתבו את זה מושלם...",0
מרגיש שכל הכיתה נגדי בזמן האחרון חחח,1
"בטח שהתחזית הו תתאמת, כמו תמיד..",0
הפסיקו לענות לי בכלל בלי שום סיבה!,1
"היא מתה על השמלה הזאת, קנתה מיד 😎..",0
"אחותיי so done, מה יקרה אם פשוט אחד הימים אני לא אקום בבוקר!!",1
אף אחד לא שם לב שאני נעלם מהקבוצהה. אני האחרון שנשאר בקבוצה שהחברים שלי עזבו בשקט וואלה חחחחח.,1
אני מרגיש כאילו יש קיר בינִי לבין כולם לול??,1
טוב נו מתחיל להביןשאולי עדיף בלעדיי 🥱..,1
"אם הייתתי נעלם היה משנה למישהו בכלל, lol חח.",1
"מספיק, אני לא רוה להילחם בזה יותר...",1
לא בטוח שאני אהיה כאן בעוד חודש,1
"עוד הבטחה של הממשלה, כאילו זה ישתנה פעם!!",0
"מוכר את הדברים שהכי אהבתי, פשוט לא צריך אותם יותר, idk 😏",1
כתבו עליי דברים בקבוצה שלא ידעתי שקיטמת גבר חההה 🥳 🔥,1
כל החברים שלי הפסיקו לדבר איתי פתאום 🙌!,1
פשוט תחושה שכל רגע יכול לקרות משהו נורא.,1
"תשכחו ממני, זה יותר קל ככה.",1
"מת על הזמר הזה מהאללבום החדש... היא הרגה את המבחן הזה, מאה ועשר 🥳!",0
גבר חשבתי הרבה על מה יקרה אם פשוט אני אפסיק וא 👍!,1
לא רוצה להיות נטל על אף אחד יותר 🙌!!,1
"period, נואו נתארגן על טיול קטן בחודש הבא לול 🥱 🙌!!",0
"honesstly, אי עומד לפני האיקוע ובטן שלי כבר קשורה בקשר בנאדם??",1
"אין טעם בכלום כבר תקופה ארוכה, ngl.",1
כבר תפסתי את עצמי מסתכל למטה מהגג וחושב מחשבות מוזרות?!,1
אין טעם בכלום כבר תקופה ארוכה 😅,1
אם משהו יקרה לי אל תאשימו אף אחג,1
"היום ביקשתי סליחה מכולם על הכל, סתם בשביל שיגיה ומ 😂?!",1
"קניתי כרטיסים למופע בחודש הבא, מי בא חההה!",0
"טוב נו הלכתי היום לים, היה ממש כיף חחח.",0
עברתי דירה חדשה ואין לי אף אחד להכיר פה 🥱,1
מריגש שאני האדם הכי בודד שאני מכיר??,1
לפני פגישה חשובה אני נכנס לפאניקה טוטאלית LOL,1
כל מה שאני כותב בקבוצה מקבל התעלמות מוחלטת טוב נו 🤣...,1
בזמן האחרון אני פשוט לבד ברוב הזמן haha 😏,1
"ngl, רצחנו את המשחק הזה, ניחצנו בגדול..",0
לפני המבחן מחר אני כבר בפאניקה מלאה ❤️!,1
עוד שנה עוברת ושום דבר לא באמת משתנה?!,0
כפרה עליך עוד ישיבת צוות שיכלה להיות מייל של שתי שורות חחחחח,0
יש לי מחשבות שחוזרות שוב ושוב ולא נותנות לי מנוחה LOL,1
"אחותי chill, הטום ביקשתי סליחה מכולם על הכל, סתם בשביל שיהיה LOL 🙄??",1
"לא צריך לדאוג לי, פשוט תמשיכו הלאה בלעדיי??",1
הלב שלי דופק חזק ואני לא מבין למה... המחשבות הרעות פשוט לא נותנות לי מנוחה 🥳.,1
"מה קורה, מה עשית היון 😎..",0
בואו נצא לריצה בבוקר מחר,0
"bro, הבכי בא לי משום מקום כל המן 😎?!",1
"בואו נצא לריצה בבוקר מחר, no cap חחחח 🤣...",0
לא באמת אכפת לי ממה שיקרה מחר haha...,1
בנאדם אוכל צהריים לבד כר שבוע שלם 🥳...,1
שמו אותי בצדד בבטיול הכיתתי כאילו אני לא קיים,1
אני לא אראה אתכם יותר!!,1
יושב בבית לבד כל סופ״ש בזמן שכולם יוצאים חההה!,1
"period, אני גמור מהיום הזה, כל כך עייף...",0
הוציאו אותי מהקבוצה בלי להגיד למה אחותי 😏!!,1
הפסקתי לצחוק אפילו מדברים שממש מצחיקים חההה,1
"מרגיש אשני נעלם ואף אחד בכלל לא ישים לב, אני שולח הודעות ואף אחד לא עונה יותר, high key 🥳...",1
מרגיש שהחברים שלי שכחו שאני קיים!,1
יש לי התקף חרדה בעבודה ולא ידעתי איך להסתיר את זה וואלה 🤣,1
"מתחיל להבין שאולי עדיף בלעדיי, so done 🥱",1
"אתם לא תצטרכו לדאוג לי בקרוב, whatever ❤️!",1
הפסקתי לענות להודעות כי פשוט אין לי כוח!!,1
אין לי ממש למי לספר מה עובר עליי 🤣,1
עוד מומחה שמסבירלי איך לחיות את החיים שלי,0
אני מתחיל קורס אונליין חדש השבוע 🥳..,0
"mood,,, כאילו מישהו קורא תגובות בפייסבוק ברצינות, עוד הבטחה של הממשלה, כאילו זה ישתנה פעם 😴",0
מת על הזמר הזה מהאלבום החדש,0
לא מוצא סיבה לחייך בזמן האחרון לול...,1
"היא מתה על השמלה הזא,ת קנתהמיד חחחח..",0
"kinda, אני מרגיש שהראש שלי לא מפסיק לרוץ נשמה 😏?!",1
"honestly, מישהו יודע באיזה קו אוטובוס מגיעים למרכז",0
יש לי הרגשה שזו הפעם האחרונה שאני כותב לכם ככה חחח...,1
"יש לי תחושה שהכל יהיה יותר קל בלעדיי, vibes LOL!",1
אם הייתי נעלם היה משנה למישהו בכלל לול 🥳??,1
הפסיקו לענותת לי בכלל בלי שום סיבה 😂.,1
לפני שאני נכנס לחדר עם אנשים אני כבר בהתקף haha..,1
מתתי על הצילומים מהטיול... הוא הרג אותי בבדיחה הזאת,0
"bro, מה למדת היום בואניברסיטה?!",0
"הפסיקו להזמין אותי לפעילויות אחרי בית הספר, פתחו קבוצה חשה בלי שאנייי שם, ראיתי אותה במקרה, high key וואלה 😂??",1
"מוכר את הדברים שהכי אהבתי, פשוט לא צריך אותם יותר??",1
שמעתי שהםם מדברים עליי מאחורי הגב?!,1
"not gonna lie, אין לי ממש חברים לצאת איתם בסופ״ש 🔥...",1
כתבתי לכולם שאני אוהב אותם היום בלי סיבה מיוחדת 👌 🥱,1
"random af, בטח שהפעם המבצע באמת משתלם haha...",0
כבר לא רואה סיבה להמשיך ככה,1
גמרנו אותם במשחק הכדורגל אתמול לול!!,0
"honestly, אני מרגיש חנוק כל פעם שיש עומסס בלוח הזמנים חבר??",1
"נשמה אולי פשוט לא כדאי שאניאהיה פה יותר, vibes!",1
"literally, גמרתי אותו בשש-בש הערב 😏!!",0
"לא מוצא סיבה לחייך בזמן האחרון, period??",1
"טוב נו בטח שהחברה הזו דואגת ללקוחות, סתם, high key חההה?!",0
"מת על הזמר הזה מהאלבםו החדש, fr..",0
"מישהו רוצה לבוא איי לחדר בריחה בסוף השבוע, lol 😴 ✨!!",0
"יושב לבד בהפסקות שוב היום, מרגיש שאני נעלם ואף אחד בכלל לא ישים לב!!",1
כל החברים שלי עסוקים ולי אין עם מי לבלות 😏,1
"גבר whatever, בכל אירוע אני מוצא את עצמי לבד בפינה רוף 👌.",1
נשמה אין לי ממש למי לספר מה עובר עליי 🥳!,1
"רצת את זה בהופעה הערב, וואו!!",0
לא משנה מה יקרה עכשיו 🔥,1
"same, מתחיל לסדר לוודא שכולם יהיו בסדר בלעדיי וא LOL!!",1
"omg, מישהו רוצה לבוא אטתי לחדר בריחה בסוף השבוע..",0
הפסיקו להזמין אותי לפעילויות אחרי בית הספר 🙌 🥱!,1
בטח שהמנהל שם יזכור מה שהוא הבטיח..,0
אני מפחד לצאת מהבית היום 👍??,1
עברתי דירה חדשההה ואין לי אף אחד להכיר פה!!,1
"idk, אין לי כוחיותר בכלל 🤣!",1
בואו נתכנן ארוחת ערב משותת בשבוע הבא רוף,0
גבר קיבלתי היום חבילה שהזמנתי משבוע שעבר ✨??,0
"בנאדם מרגיש שאינ סוחב את עצמי כל יום כמו משא, אין לי אנרגיה אפילו לדברים שהכי אהבתי, i mean ✨!!",1
"מרגיש שאף אחד לא באמת מכיר אותי, אף אחד לא כתב לי כבר שבועיים!",1
"הפסיקו לענות לי בכלל בלי שום סיבה, honestly חחחח",1
"עברתי דירה חדשה ואין לי אף חאד להכיר פה, no cap לול!!",1
מישהו מכיר מסעדה טובה בסביבה חחח,0
"כולם בקבוצה הזוגית ואני עדיין לבד בכל אירוע, bro 😏 🥳!!",1
"period, מה יקרה אם פשוט אחד הימים אני לא אקום בבוקר 🥳",1
"עוד פרסומת שמבטיחה עולם טוב יותר, נו באמת וב 🔥",0
יש לי כאלה הרבה מכרים אבל אף חבר אמיתי אחד 🔥!!,1
"כל היום עבור בלי שאף אחד יגיד לי מילה, idk 🥱 🤣!!",1
"אף אחד לא שם לב שאני נעללם מהקבוצה, tbh חחח...",1
"יש הופעה טובה השבוע בעיר, בא לך לבא",0
"period, יושב בבית לבד כל סופ״ש בזמן שכולם יוצאים 😏..",1
אין לי ממש חברים לצאת איתם בסופ״ש 🤣??,1
גבר בכל פעם שאני מנסה להתקרב למיהו זה נגמר בכלום רוף...,1
"הם עושים כאילו אני אוויר כשאני נכנס לחדר, לא מזמינים אותי יותר לשום דבר 🙌!!",1
לא נשאר לי כמעט אף אחד לדבר איתו.,1
מרגיש שאני האחרון שנודע לו על כל אירוע...,1
"עוד ישיבת צוות שיכלה להיות מייל של שתי שורות, so doe 😂!!",0
"like, אני גמור, קמתי בשש בבוקר בשביל טהיסה הזאת haha.",0
עברתי דירה חדשה ואין לי אף אחד להכיר פה..,1
כאילו מישהווו קורא את התנאים לפני שהוא לוחץ אישור טוב נו 👌 👍??,0
"בטח שהתחזיתהזו תתאמת, כמו תמיד",0
ראיתי סרט ממש טוב אתמול בלילה נשהמ 😂...,0
"מישהו הפיץ עליי שמועה והכיתה כולה הפסיקה לדבר איתי, literally 🙄",1
לא מוצא סיבה לחייך בזמן האחרון... מרגיש שאני סוחב את עצמי כל יום כמו משא...,1
אולי פשוט לא כדאי שאני אהיה פה יותר וא 👌...,1
מסתכל על חהיים שלי כאילו הם כבר נגמרו 😎?!,1
"אחי idk, גמרתי אותו בשש-בש הערב 😴 😴?!",0
"bro, אין טעם בכלום כבר תקופה ארוכה 😂.",1
כל דבר מרגיש קשה מנשוא בזמן האחרון 🥱?!,1
הכל אפור בזמן האחרון ואני לא מצליח להסביר למה,1
מרגיש רחוק מכולם למרות שאני נמצא בחדר מלא אנשים אחותי!!,1
מרגיש שאני צופה בחיים שלי מבחוץ בלי להיות באמת נוכח חחחח 👌..,1
אני לא אראהאתכם יותר.,1
אני צריך לקנות מתנה ליום הולדת של אחי ומ,0
בכל פעם שאני מנסה להתקרב למישהו זה נגמר בכלום רוף,1
מה דעתך על הסדרה החדשה בנטפליקס וה חחחח 😏!!,0
מרגיש רחוק מכולם למרות אשני נמצא בחדר מלא אנשים חההה?!,1
"מישהו יודע באיזה קו אוטבוס מגיעים למרכז, ngl",0
יש לי פחד שמשהו רע יקרה למישהו שאני אוהב haha!,1
אני מפחד לצאת מהבית היום חההה..,1
"היום ביקשתי סליחה מכולם על הכל, סתם בשביל שיהיה.",1
כאילו אנימדבר לקיר כל פעם שאני כותב למישהו לול.,1
"idk, הכל אפור בזןמ האחרון ואני לא מצליח להסביר למה, לא ישנתי כמו שצריך שבועות, פשוט אאין לי כוח לכלום 😂!",1
"אף אחד לא היה שואל אם הייתי נעלם ליום שלם, כולם בקבוצה הזוגית ואני עדיין לבד בכל אירוע 😂 🔥??",1
נשמה אני ישן כל היום ועדיין מרגיש עייף 👍 ✨,1
ראיתי סרט ממש טוב אתמול בלילה??,0
מה התוכניות שלך לסופ״ש חח...,0
כל פעם שהטלפון מצלצל אני נכנס ללחץ. כל בוקר אני קם עם הרגשה שמשהו נורא עומד לקרות??,1
אני מחיל קורס אונליין חדש השבוע חההה 😂,0
פשוט תחושה שכל רע יכוללקרות משהו נורא חחח 🤣?!,1
"mood, אין לי כוח אפילו לדברים הכי בסיסיים לול 😂!",1
בנאדם הפסקתי לצחוק אפילו מדברים שממש מצחיקים!,1
לא בטוח שאני רוצה להיות פה מחר לול?!,1
מרגיש שהם עשו לי חרם בלי להגיד כלום ❤️ 😅??,1
כבר לא נהנה משום דבר בחיים שלי hahaha!,1
הלב שלי דופק חזק ואני לא מבין למה LOL?!,1
ראיתי סרט ממש טוב אתמול בילה 👌!,0
אני גמור מהבחינה הזו מחר גבר 😎!!,0
עשיתי סידורים כל הבוקר ועוד לא סיימתי..,0
"random af, שמעתי שהם מדברים עליי מאחורי הגב",1
אני מרגיש חנוק כל פעם שיש עומס בלוח הזמנים?!,1
מרגיש בלתי נראה בעיני כולםם 🥱!,1
מרגיש כאילו יש ענן שחור מעליי כל הזמן 😏..,1
"idk, מחקו אותי מהצ׳אט הכיתתי בלי אשני יודע למה 😏..",1
"אני מנסה מתכון חדש הערב, נראה אך יוצא",0
"מרגיש מנותק מכולם, כאילו אני על אי אחר, chill!",1
אני מגיע לכיתה ומיד מתחיל לרעוד LOL 😏 🥱??,1
"low key, מרגיש שכולם מתרחקים ממני בבכוונה.",1
"honestly, אני מגייע לכיתה ומיד מתחיל לרעוד וה",1
אני גמור מהבחינה הזו מחר 😂 😏??,0
"לפני המבחן מחר אני כבר בפאניקה מלאה, לפני פגישה חשובה אני נכנס לפאניקה טוטאלית",1
"כתבתי הכל ביומן, למקרה שמישהו ירצה לדעת למה, bro",1
"אף אחד מהכיתה לא בוחרר אתוי לקבוצה בשום פרויקט, כולם בקבוצה עזבו אותי בלי הסבר..",1
"יש לי הרגשה שזו הפעם האחרונה שאני כותב לכם ככה, lol??",1
אני לא אראה אתכם יותר חחח 😅 👍??,1
לא משנה מה יקרה עכשיו haha 😎 😎,1
"אמשלה כל יום מרגיש בדיוק כמו קודם, אפור ומיותר",1
בטח שהפעם המבצע באמת משתלם 🥱 😴,0
אני לא אראה אתכם יותר חח 😅,1
"כאילו אני מדבר לקיר כל פעם שאני כותב למישהו, idk",1
"literally, אין טעם בכלום כבר תקופה ארוכה 🥳!!",1
"גמור לגמרי אחרי המשמרת הזאת, אל שווה חחחחח ❤️ 🥱..",0
הרגתי את השיעורי בית תוך עשר דקות...,0
"vibes, לפני שאני נכנס לחדר עם אנשים אני כבר בהתקף וא hahaha..",1
אף אחד מהכיתה לא בוחר אותי לקבוצה בשום פרויקט 🙌 ❤️!,1
"אף אחד לא כתב לי כבר שבועיים, period!!",1
"היום ביקשתי סליחה מכולם על הכל, סתם בשביל שיהיה 😂!!",1
"כתבתי מכתב פפרידה ומחקתי אותו כמה פעמים, not gonna lie...",1
"אני עצוב כברשבועות בלי שום סיבה ברורה, vies...",1
כולם צוחקים עליי בקבוצה ואני לא מבין למה אחותי!,1
בטח שהם יכזרו את זה בבחירות הבאות 😴.,0
הפסיקו לענות לי בכלל בלי שום סיבה 🙄 😂...,1
כשאני צריך לענות למישהו אני מנסח את ההודעה חמישים פעם לפני שאני שולח 😂?!,1
עשיתי סידורים כל הבוקר ועוד לא סיימתי 🥳 👌!!,0
כפרה עליך אין לי ממש למט לספר מה עובר עליי.,1
"לא יוצא לי מהמיטה כבר כמעט שבוע, not gonna lie!!",1
בטח שהפעם המבצע באמת משתלם רוף 😴!!,0
רק רציתי להגיד תודה למי שהיה שם בשבילי...,1
כאילו מישהו קורא את התנאים לפני שהוא לוחץ אישור ❤️,0
אני לא אראה אתכם יותר haha ❤️!,1
אני ישן כל היום ועדיין מרגיש עייף...,1
אין לי ממש חברים לצאת איתם בסופ״ש 😂 🥳,1
"random a, חשבתי הרבה על מה יקרה אם פשוט אני אפסיק??",1
"יש לי מחשבה שחוזרת כל לילה, לא בא לי לספר עליה!!",1
"מת על הסדרה החדשה, חייב לראות עוד פרק טוב נו 🥳!",0
הפסיקו לענות לי בכלל בלי שום סיבה...,1
"קניתי כרטיסים למופע בחודש הבא, מי בא LOL ✨ 😏?!",0
אין לי ממש עם מי לחלוק את מה שאני מרגיש!,1
נשמה אני לא מצליח להתרכז כי הלב שלי פשוט לא נרגע!,1
"whatever, לפני שאני נכנס לחדר עם אנשים אני כבר בהתקף 🥱 ✨...",1
"כפרה עליך חשבתי הרבה על מה יקרה אם שפוט אניי אפיק, chill רוף??",1
עוד מומחה שמסביר לי איך לחיות את החיים שלי?!,0
"fr, אני גמור מהיום הזה, כל כך עייף, רצחתי אותו במשחק הלילה 😅",0
"whatever, מרגיש ריק לגמרי בפנים 🤣!!",1
אחותי לא באמת אכפת לי ממה שיקרה מחר 😎!,1
רק רציתי להגיד תודה למי שהיה שם בשבילי אמאלה!!,1
"מישהו יודע יאפה אפשר להזמין פיצה טובה באזור, whatever 🤣?!",0
יש לי הרגשה שזו הפעם האחרונה שאני כותב לכם ככה אחותי,1
אם הייתי נעלם היה משנה למישהו בכלל!!,1
"tbh, אולי פשוט לא כדאי שאינ אהיה פה יותר!",1
"אמאלה idk, לא מזמינים אותי יותר לשום דבר, כולם בקבוצה עזבו אותי בלי הסבר ✨ 😎...",1
"אני מנסה מתכון חדש הערב, נראה איך יוצא נשמה ✨...",0
אני מרגיש שהראש שלי לא מפסיק לרוץ,1
"כאילו מישהו קורא את התנאים לפני שהוא לוחץ אישור, same חח!!",0
מישהו רוצה לבוא איתי לחדר בריחהה בסוף השבוע.,0
כאילו זה באמת ישנה משהו בסוף לול.,0
נשמה הראש שלי מפוצץ ממחשבות ולא מצליח לעצור אותן.,1
"מה שלום המשפחה שלך, not gonna lie!!",0
יש לי פחד מוזר שמשהו רע עומד לקרות אחותי לול 🔥,1
"לא נשאר לי כמעט אף אחד לדבר איתו, same חחחח!!",1
"ברור שהם יגידו שזה 'לטובתנו', תמיד ככה, vibes חח",0
"מתחיל להבין שאולי עדיף בלעדיי, התחלתי לתת דברים שאני אוהב לחברים שלי בלי סיבה hahaha 😅",1
"יש לי דופק גבוה בלי שום מאמץ פיזי, המחשבות הרעות פשוט לא נותנות לי מנוחה.",1
"period, אין לי מוטיבציה אפילו לקום מהמיטה בבוקר 🤣",1
מרגיש שאני נעלם ואף אחד בכלל לא ישים לב. מרגיש שכולם ממשיכים הלאה חוץ ממני,1
כשאינ צריך לענות למישהו אני מנסח את ההודעה חמישים פםע לפני שאני שולח LOL??,1
לפני שאני נרדם אני חושב על כל מה שייכול להשתבש,1
מישהו ראה את המשחק אתמול בלילה אמאלה 🙄 🙌,0
הכל אפור בזמן האחרון ואני לא מצליח להסבירלמה חח 🙌,1
מרגיש שאני נפרד מכולם בלי שהם שמים לב haha!,1
"כבר לא כותב תוכניות קדימה כי אין לי למה,,, so done",1
"כמה מפתיע, שוב הרכבת מאחרתכפרהה עליך 🤣??",0
מחקו אותי מהצ׳אט הכיתתי בלי שאני יודע למה.,1
מרגיש שאני נפרד מכולם בלי שהם שמים לב לול.,1
כל היום עובר בלי שאף אחד יגיד לי ימלה 😴...,1
הוציאו אותי מהקבוצה בלי להגיד למה?!,1
מרגיש שאני נפרד מכולם בלי שהם שמים לב 🥱,1
אחי כאילו מישהו בכלל שם לב לפוליטיקאים האלה 😎 🥳!,0
אני מגיע לכיתה ומיד מתחיל לרעוד 🥳..,1
"like, אני מנסה מתכון חדש הערב, נראה איך יוצא, אני צריך לקנות מתנה ליום הולדת של אחי??",0
"לא נשאר לי כמעט אף אחד לדבר איתו... מגריש שאני היחיד שאין לו עם מי לדבר, not gnna lie..",1
גבר אני מרגיש שהראש שלי לא מפסיק לרוץ 🤣...,1
"tbh, כל מה שאני כותב בקבוצה מקל התעלמות מוחלטת 😎.",1
"mood, אני מת עליך כבר שנים, אחי הכי טוב שלי, אני מת על השף הזה, הכל שהוא מבשל מדהים חחח!!",0
המחשבות הרעות פשוט לא נותנות לי מנוחה..,1
"anyway, כן בט, המנוי הזה בטח לא יתייקר שוב בעוד חודש??",0
"אתול כתבתי הודעה ומחקתי אותה, זה כבר קרה חמה פעמים אחי 😏??",1
"אני מרגיש שאני עומד להתמוטט מרוב לחץ, random af חח??",1
"כמה מפתיע, שוב הרכבת מאחרת אחותי!",0
"יושב בבית לבד כל סופ״ש בזמן שכולם יוצאים, bro 😴",1
"נשמה בטח שהתחזית הזו תתאמת, מכו תמיד 🤣!!",0
יש לי הרגשה שאני עומד להיכשלבכל דבר שאני עושה היום 🙌!!,1
"whatever, לא בטוח שאני אהיה כאן בעוד חודש... אם משהו יקרה לי אל תאשימו אף אחד לול 😎!",1
"יא חיים עוד פרסומת שמבטיחה עולם טוב יותר, נו באמת!",0
"random af, ברור שהם יגידו שזה 'לטובתנו', תמיד ככה..",0
אף אחד לא ענה לי שכביקשתי עזרה בפרויקט קבוצתי!!,1
"אף אחד לא כתב לי כבר שבועיים, random af 🥱 🤣..",1
"omg, אם לא תשמעו ממני, תדעו שניסיתי כמה שיכולתי!",1
"אי אפשר להירגע, המחשבות פשוט לא נעצרות, higgh key רוף.",1
מתים על המסעדה החדשה שנפתחחה לידד הבית רוף,0
"anyway, מוכר את הדברים שהכי אהבתי, פשוט לא צריך אותם יותר...",1
"so done, התחלתי לתת דברים שאני אוהב לחברים שלי בלי סיבה חבר!",1
"high key, תשכחו ממני, זה יותר קל ככה חחחח!",1
"יש לי תחושה שמשהו נוראיי עומד לקרות היום, ממש לא מצליח להירגע, random af!",1
"לא משנה מה יקרה עכשיו, פשוט רוצה שזה כבר ייגמר 😂!",1
בטח שהמנהל שם יזכור מה שהוא הבטיח 😅 😴..,0
בא לך לצאת לקפה מר בצהריים 👍 👌..,0
מה התוכניות שלך לסופ״ש... אני חושב להחליף עבודה בקרוב 🔥 ❤️.,0
"same, רצחנו את המשחק הזה, ניצחנו בגדול",0
כל בוקר אני קם עם הרגשה שמשהו נורא עומד לקרות hahaha?!,1
עברתי דירה חדשה ואין לי אף אחד להכיר פה??,1
אני לא מצליח לנשום כאילו העולם נופל עליי!,1
מתתי מצחוק מהסרטון הזה LOL?!,0
"יש לי תחושה שמשהו נוראי עומד לקרות היום, ממש לא מצליח להירגע",1
הפסיקו להזמין אותי לפעילויות אחרי בית הספר 🙄!!,1
"כפרה עליך הכל מרגיש כמו סוף של משהו ואני לא בטוח שאני רוצה שיהיה אחרת, omg 🥱..",1
"אם מחר לא אענה, אל תדאגו יותר מדי, tbh",1
לא מוצא סיבה לחייך בזמן האחרון,1
אם משהו יקרה לי אל אתשימו אף אחד. אולי פשוט לא כדאי שאני אהיה פה יותר 👍??,1
"tbh, מחקו אותי מהצ׳אט הכתתי בלי שאני יודע למה אחי?!",1
מרגיש רחוק מכולם למרות שאני נמצא בחדר מלאא אנשים גבר 🥱!!,1
מרגיש ריקנות מוזרה שלא עוזבת אותי 😅?!,1
אני מת על הריח של קפה בבוקר אחותי hahaha ❤️?!,0
אחי עשיתי סידורים כל הבוקר ועוד לא סיימתי 😅?!,0
אף אחד לא היה שואל אם הייתי נעלם ליום שלם. מרגיש שאין לי אף אחד להתקשר אליו שכקשה לי?!,1
מתתי על הצילומים מהטיול.,0
"same, מישהו ראה את המשחק אתמול בלילה LOL 🥱 ❤️",0
לא נשאר לי כמעט אף אחחד לדבר איתו... מרגיש רחוקקק מכולם למרות שאני נמצא בחדר מלא אנשים 🥱..,1
חבר מרגיש שהם עשו לי חרם בלי להגיד כלום... הפסיקו לענות לי בכלל בלי שום סיבה,1
אני שולח הודעות ואף אחד לא עונה יותר חח??,1
"אני מסיים דברים שהתחלתי, בשביל שקי נפשי haha?!",1
אני לא מצליח לנשום כאילו העולם נופל עליי. אני מזיעע וידיים רועדות בלי שום סיבה 🥱.,1
"מים על המסעדה החדשה שנפתחה ליד הבית, litterally",0
הבכי בא לי משום מקום כל הזמן חחח 😂.,1
"תשכחו ממני, זה יותרקל ככה לול 😴!",1
"עברתי דירה דחשה ואין לי אף אחד להכיר פה, mood hahaha..",1
"בטח שהחדשות הפעם אמינות, כרגיל 🥳 😅...",0
אחי פשוט תחושה שכל רגע יכול לקרות משהו נורא. אני מרגיש שהכל בשליטה חץ מהראש שלי.,1
בזמן האחרון אני פשוט לבד ברוב הזמן חכחחח??,1
"אני מסיים דברים שהתחלתי, בשיל שקט נפשי, th 🙌!",1
"לא ישנתי כל הלילה מרוב מחשבות טורדניות, אני מרגיש חנוק כל פעם שיש עומס בלוח הזמננים haha 🥱!",1
"יש לי מחשבה שחוזרת כל לילה, לא בא לי לספר עליה 🤣..",1
"עשו לי אנפולואו קבוצתי אחרי המריבה ההיא, bro??",1
"מת על הפיצה הזאת אחי, גמרית אותו בשש-בש הערב, omg",0
מה התוכניות שלך לסופ״ש. אני מתחיל קורס אונליין חדש השבוע,0
כל דבר מרגיש קשה מנשוא בזמן האחרון אחי?!,1
כאילו מישהו בכלל שם לב אם אני מגיב לפוסט הזה 😂 😏,0
מה שלום המשפחה שלך!!,0
"כמה מפתיע, שוב הרכבת מאחרת יא חיים!",0
"קניתי נעליים חדשות היום, ממש נוחות 🤣!",0
"אני מת על הפרק האחרון, כתבו את זה מושלם. רצחנו את המשחק הזה, ניצחנו בגדול..",0
"chill, מרגיש מנותק מכולם, כאיילו אני על אי אחר חחחחח?!",1
הוא הרג אותי בבדיחה הזאת ור 😴??,0
עשו לי בלוק בכל הקבוצות בלי הסבר LOL ❤️...,1
"אם מחר לא אענה, אל תדאגו יותר מדי!",1
"אני מת על השף הזה, הכל שהוא מבשל מדהים!!",0
לא רוצה להיות נטל על אף אחד יותר!,1
לפני פגישה חשובה אני נכנס לפאניקה טוטאלית...,1
הרש שלי מפוצץ ממחשבות ולא מצליח לעצור אותן.,1
אין לי כוח פאילו לדברים הכי בסיסיים. מרגיש ריק לגמרי בפנים גבר 🥳,1
"גבר אני כברר לא בטוח שיש טעם להמשיך להתאמץ, לא באמת אכפת לי ממה שיקרה מחר",1
פשוט תחושה שכל רגע יכול לקרות משהו נורא 😅??,1
"אין לי כוח יותר בכלל, so done LOL 😏??",1
"low key, בטח שהתחזית הזו תתאמת, כמו תמיד",0
"ברור שהם יגידו זשה 'לטובתנו', תמיד כחה רוף 🙄 😏.",0
אמאלה מישהו מכיר מסעדה טובה בסביבה ❤️,0
"אה כן, בטח שהפעם זה יהיה שונה??",0
"הפסיקו לענות לי בכלל בלי שום סיבה, random af??",1
מתחיל לפחד מדברים שבכלל לא הפחידו אותי פעם חח 😅,1
התחלתי לת דברים שאני אוהב לחברים שלי בלי סיבה LOL,1
מת על הזמר הזה מהאלבום החדש!!,0
מה יקרה אם פשוט אחד הימים אני לא אקום בבוקר!!,1
מתיל לפחד מדברים שבכלל לא הפחידו אותי פעם רוף.,1
מסתכל על החים שלי כאילו הם כבר נגמררו.,1
"העולם ממש הולך להשתפר, בטח 🙄",0
אני חושב להחליף עבודה בקרוב חח 🥳,0
עשו לי בלוק בכלל הקבוצות בלי הסבר לול,1
נשמה כל החברים שלי הפסיקו לדבר איתי פתאום..,1
"מרגיש שאני נעלם ואף אחד בכלל לא ישים לב, kinda?!",1
גבר רמגיש שאף אחד לא באמת מיר אותי,1
"אני בודק את הטלפון כל שתי דקות בלי סיבה, not gonna lie",1
כל בוקר אני קם עם הרגשה שמשהו נורא עומד לקרות ופ חההה??,1
מרגיש שכל הכיתה נגדי בזמן האחרון LOL 🙄 😂,1
"הלב שלי דופק חזק ואני לא מבין למה, not gonna lie👍 😴",1
"לא צריך לדאוג לי, פשוט תמשיכו הלאה בלעדיי, לא רוצה להיתו נטל על אף אחד יותר טוב נו LOL ❤️ 🥱",1
מחקו אותי מהצ׳אט הכיתתי בלי שאני יודע למה וואלה..,1
"fr, בטחח שהפעם המבצע באמת משתלם... ברור שהפגישה תתחיל באיחור, כרגיל..",0
"תגידו לכולם שאני אוהב אותם, ליתר ביטחון... אתם לא תצטרכו לדאוג לי בקרוב חחחחח 🔥",1
מתחיל לפחד מדברים שבכלל לא הפחידו אותי פעם כפרה עליך??,1
בטח שיש להם באמת כוונה לתקן את זה hahaha??,0
מרגיש שאין לי אף אחד להתקשר אליו כשקשה לי לול 😴,1
אינ שולח הודעות ואף אחד לא עונה יותר 👌!,1
"מוכר את הדבריםםם שהכי אהבתי, פשוט לא צריך אותם יותר 👍?!",1
"קיבלתי היום חבילה שהזמנתי משבוע שעבר, מישהו יודע באיזה קו אוטובוס מגיעים למרכז?!",0
"lol, היום ביקשתי סליחה מכולם על הכל, סתם בשביל שיהיה.",1
מה שלום המשפחה שלך חח 👍.,0
"אה כן, בטח שהפעם זה יהיה שונה, ברור שהפגישה תתחיל באיחור, כרגיל 😏 😴",0
אני מרגיש שהכל בשליטה חוץ מהראש שלי??,1
"לא צריך לדאוג לי, פשוט תמשיכו הלאה בלעדיי...",1
נשמה כאילו זה באמת ישנה משהו בסוף!,0
מתים על המסעדה החדשה שנפתחה ליד הבית וא...,0
לא הזמינו אותי ליום הולדת למרות שכולם הוזמנו.,1
וואלה לפני פגישה חשובה אני נכנס לפאניקה טוטאלית 🥳,1
"אני מת על הריח של קפה בבוקר ומ, literally hahaha 😏 🔥?!",0
"כמו תמיד, כולם מדברים ואףאחד לא עושה כלום LOL 👌",0
יש לי התקף חרדה בעבודה ולא ידעתי אךי להסתיר את זה טוב נו 👍!,1
"אם מחר לא אענה, אל תדאגו יותר מדי טוב נו..",1
"no cap, כבר שעה אני בודק שוב ושוב שנעלתי את הדת LOL 👌!!",1
בכל אירוע אני מוצא את עצמי לבד בפינה hahaha 👍!,1
מרגיש שאני מתרחק מעצמי בל יום שעובר..,1
לא הזמינו אותי ליום הולדת למרות שכולם הוזמנו 👌 ❤️,1
כפרה עליך בכל פעם שאני מנסה להתקרב למישהו זה נגמר בלכום ❤️??,1
"idk, לא בטוח שאני רוצה להיות פה מחר",1
אוכל צהריים לבד כבר שבוע שלם hahahaa..,1
"whatever, אם הייתי נעלם היה משנה למישהו בכלל וכ 👍!!",1
"נותן את החפצים שלי לאנשים כי ממילא לא אצרך אותם, tbh.",1
אני מרגיש שהראש שלי לא מפסיק לרוץ וא אחי חההה 🙌!,1
מתחיל לפחד מדברים שבכלל לא הפחידו אותי פעם!!,1
אוכל צהריים לבדכבר שבוע שלם..,1
"mood, אף אחד לא ענה לי כשביקשתי עזרה בפרויקט קבוצתי וה haha 🥳 🙌!",1
"no cap, אני צריך להתחיל להתאמן שוב ברצינות רוף!!",0
יש לי הרגשה שהסיפור שלי מתקרב לסוף אחותי!!,1
"גבר בטח שהאפליקציה הזו לא שוספת עליי מידע, ברור",0
"הא הרגה את הריקוד הזה, וואלה מדהימה",0
איןן לי ממש למי לספר מה עובר עליי חחחחח ✨..,1
כבר לא נהנה משום דבר בחיים שלי hahaha,1
"הראש שלי מפוצץ ממחשבות ולא מצליח לעצור אותן, no cap 😴!",1
אני לא מצליח להירגע אפילו כשהכל בסדר חחחח?!,1
אני מרגיש שאני עומד להתמוטט מרוב לחץ חחח.,1
כל פעם שהטלפון מצלצל אני נכנס ללחץ 😅..,1
"כבר לא רואה סיבה להמשיך ככג, לא בטוח שאני רוצה להיות פה מחר 🔥..",1
מרגיש שכל הכיתה נגדי בזמן האחרון יא חיים חההה 😂,1
"low key, הראש שלי מפוצץ ממחשבות ולא מצליח לעצור אותן אחי",1
"i mean, אף אחד לא שם לב שאני שקט לגמרי בקבוצה...",1
"אני מת עליך כבר שנים, אחי הכי טוב שלי",0
"וואלה אני מרגיש שהעולם מתקרב עליי ואין לי לאן לברוח, פשוט ץחושה שכל רגע יכול לקרות משהו נורא, kiinda...",1
אי האחון שנשאר בקבוצה שהחברים שלי עזבו בשקט 🙄 👌..,1
"כפרה עליך no cap, מישהו יודע איפה אפשר להזמין פיצה טובה באזור 😴 🙄!",0
מתחיל להבין שאולי עדיף בלעדיי 😴??,1
"רצחנו את המשחק הזה, ניצחנו בגדול, literally נשמה...",0
"אמאלה מחקו אותי מה׳אט הכיתתי בלי שאני יודע למה, same חההה!!",1
"יש לי מחשבה שחוזרת כל לילה, לא בא לי לספר עליה 🙄..",1
"טוב נו fr, כתבו סטורי שמש מכוון אליי ולא הזכירו אותי בשם 😴 ❤️",1
מתחיל לסדר לוודא שכולם יהיו בסדר בלעדיי??,1
"אני מתחיל קורס אונליין חדש השבוע, fr חחחחח 👌..",0
"וואלה מספיק, אני לא רוצה להילחם בזה יותר hahaha 👌??",1
"כל יום מרגיש בדיוק כמוו קודם, אפור ומיותר 😂",1
אם הייתי נעלם ההיה משנה מלישהו בכלל..,1
מרגיש שאני שוקע יותר ויותר ולא רואה יציאה!,1
קיבלתי היום חבילה שהזמנתי משבוע שעבר 😴,0
"אתמול כתבתי הודעה ומחקתי אותה, זה כבר קרה כמה פעמים, לא רוצה להיות נטל על אף אחד יותר, honestly 👍??",1
"היום ביקשתי סליחה מכולם על הכל, סתם בשביל שיהיה",1
אני מגיע לכיתה ומיד מתחיל לרעוד..,1
מה התוכניות שלך לסופ״ש haha 😂?!,0
כבר לא נהנה משום דבר בחיים שלי!!,1
"honestly, מתחיל לפחד מדברים שבכלל לא הפחידו אותי פעם. אני מרגיש שהעולם מתקרב עליי ואין לי לאן לברוח?!",1
אין לי כוח אפילו לדברים הכי בסיסיים ❤️..,1
"אני חושב על אלף תרחישים רעים ולא מצליח להירגע, יש לי הרגשה שאני עומד להיכשל בכל דבר שאני עושההה היום 🔥??",1
"קיבלתי הום חבילה שהזמנתי משבוע שעבר, ראיתי סרט ממש טוב אתמול בלילה חחחחח 👍",0
אני כבר לא בטוח שיש טעם להמשיך להתאמץ... חשבתי הרבה על מה יקרה אם פשוט אני אפסיק,1
"מה שלום המשפחה שלך, עשיתי סידורים כל הבוקר ועוד לא סיימתי hahaha 🥳 ❤️..",0
"עוד פרסומת שמבטיחה עולם טוב ייותר, נו באמת 😴?!",0
רק רציתי להגיד תודה למי שהיה שם בשבילי LOL,1
הבטן שי מתהפכת כל פעם שיש לי משהו חדש לעשות. אני מרגיש שאני חי במצב של דריכות כל הזמן LOL,1
"אם משהו יקרה לי אל תאשטמו אף אחד, ngl LOL 🥳..",1
בואו נתארגן על טיול קטן בחודש הבא חחחחח!!,0
ראיתי סרט ממש טוב אתמול בלילה,0
"טוב נו i mean, כאילו מישהו קורא תגובות בפייסבוק ברצינות 🥳.",0
"בנאדם fr, כבר תפסתי את עצמי מסתכל למטה מהג וחושב מחשבות מוזרות חחח 🙌..",1
"אין לי חשק לעשות שום דבר, אפילו לא לצאת מהחדר... מרגיש שאני נופל יותר ויותר ולא מצליח לעצור...",1
נשמה מרגיש שהחברים שלי שכחו שאני קיים..,1
אני בודק את הטלפון כל שתי דקות בלי סיבה חבר 👍 🤣..,1
אני לא אראה אתכם יותר 😂,1
אני עומד לפני האירוע ובטן שלי כבר קשורה בקשר 😴 👍.,1
מה התוכניות שלך לסופ״ש גבר...,0
אני עצוב כבר שבועות בלי שום סיבה ברורה. מרגיש שאני נופל יותר ויותר ולא מצליח לעצור!,1
יש לי התקף חרדה בעבודה ולא ידעתי איך להסתיר את זה בנאדם 🙄..,1
אני מפחד לצאת מהבית היום וא ✨??,1
בטח שיש להם באמת כוונה לתקן את זה 🥱,0
לא משנה מה יקרה עכשיו LOL?!,1
"אף אחד מהכיתה לא בוחר אותי לקבוצה בשום פרויקט, so done 😂?!",1
"מישהו יודע איפה אפשר להזמין פיצה טובה באזור, high key..",0
מה שלום המשפחה שלך... מישהו יודע מה השעות של הספרייה היום 🥱...,0
אני עצוב כבר שבועות בלי שום סיבה ברורה?!,1
מרגיש שאני סוחב את עצמי כל יום כמו משא חחח!!,1
"אין לי כוח פאילו לדברים הכי בסיסיים, tbh 🥱..",1
לא בטוח שאני רוצה להיות פה מחר 👍!,1
יא חיים אין לי מוטיבציה אפילו לקום מהמיטה בבוקר,1
"מוכר את הדברםי שהכי אהבתי, פשוט לא צריך אותם יותר וא!!",1
אני מבלה כל ערב מול המסך כי אין לי עם מי לצאת?!,1
"היא מתה על השמלה הזאת, קנתה מיד 😎",0
"מישהו יודע מה השעות של הספרייה היום, mood טוב נו חההה??",0
"אחי ngl, בטח שהמנהל שם יזכור מה שהוא הבטיח... כמה מפתיע, שוב הרכבת מאחרת חחחח.",0
מרגיש שאני נפרד מכולם בלי שהם שמים לב...,1
אני מרגיש שכהל בשליטה חוץ מהראש שלי גבר 😴?!,1
"kinda, כבר שעה אני בודק שב ושוב שנעלתי את הדלת!!",1
עשו לי בלוק בכל הקבוצות בלי הסבר ❤️,1
"fr, מרגיש שאני נופפל יותר ויותר ולא מצליח לעצור 😂...",1
"honestly, לא צריך לדאוגג לי, פשוט תמשיכו הלאה בלעדיי 😴.",1
מרגיש שכולם מתחברים חוץ ממני 😏,1
מרגיש שאי מתרחק מעצמי בכל יום שעובר haha 👌 😴.,1
"גמרתי אותו בשש-בש הערב, anyway 😂",0
כבר שעה אני בודק שוב וושב שנעלתי את הדלת 😎!!,1
אם משוה יקרה לי אל תאשימו אף אחד 🥱.,1
הרגתי את השיעורי בית תוך עשר דקות חההה 🥱,0
שני מגיע לכיתה ומיד מתחיל לרעוד. יש לי פחד שמשהו רע יקרה למישהו שאני אוהב!,1
אי הפסיקו להזמין אותי לפעילויות אחרי בית הפר,1
"אתמול כתבתי הודעה ומחקתי אותה, זה כבר קרה כמה פעעמים 🙌...",1
"מה קורה, מה עשית היום 🙌",0
"אני מת על הריח של קפה בבוקר, same רוף 😎?!",0
גמרנו אותם במשחק הכדורגל אתמול.,0
הוציאו אותי מהקבוה בלי להגיד למה hahaha??,1
כל הילה יושב לבד בחדר בלי אף אחד לדבר איתו LOL ❤️?!,1
"אתמול כתבתי הודעה ומחקתי אותה, זה כבר קרה כמה פעמים",1
"פתחו קבוצה חדשה בלי שאני שם, ראיתי אותה במקרה... עשו לי בלוק בכל הקבוצות בלי הסבר.",1
כאילו מישהו בכלל שם לב לפוליטיקאים האלה חחח 🙄!,0
"רצחת את זה בהופעה הערב, וואו טוב נו 👍.",0
"ngl, כבר לא אוכל כמו שצריך, פשוט אין תיאבון חחח ❤️...",1
הראש שלי מפוצץ ממחשבותתת ולא צמליח לעצור אותן..,1
אנני לגמרי גמור אחרי האימון הזה!,0
מרגיש שהצבע נעלםמהכל בזמן האחרון ✨?!,1
מרגיש כאילו יש ענן שחור מעליי כל הזמן!,1
"מישהו יודע איפה אפשר להזמין פיצה טובה באזור, mood..",0
"בזמן האחרון אני פשוט לבדברוב הזמן, fr גבר!!",1
מישהו יודע מה השעות של הספרייה היום חח??,0
יש לי הרגשה שאני עומד להיכשל בכל דבר שאני עושה היום וכ?!,1
גמרנו אום במשחק הכדורגל אתמול haha,0
"יש לי כאלה הרבה מכרים אבל אף חבר אמיתי אחד, same רוף...",1
עשו לי אנפולואו קבוצתי אחרי המריבה ההיא,1
מרגיש שאני היחיד שאין לו עם מי לדבר. בבכל פעם שאני מנסה להתקרב למישהו זה נגמר בכלום רוף 😏...,1
נשמה הם עושים כאילו אני אוויר כשאני בכנס לחדר 👍,1
פשוט תחושה שכל רגע יכול לקרות משהו נורא,1
"not gonna lie, אף אחד לא שם לב שאני נעלם מהקבוצה",1
"מרגיש שכל הכיתה נגדי בזמן האחרון, mood",1
"הוא הרג אותי בבדיחה הזאת, so done 🔥.",0
אני מרגיש חנוק כל פעם שיש עומס בללוח הזמנים?!,1
מה יקרה אם פשוט אחד הימים אני לא אקום בבוקר 😅,1
"נשמה מתה על השיר הזה כרגע, like haha!",0
מרגיש שאניי היחיד שאין לו עם מי לדר ✨ 😏...,1
לפני שאני נרדם אני חושב על כל מה שיכול להשתבש 😎.,1
טוב נו אף אחד לא שם לב שאני נעלם מהקבוצה!!,1
"היא מתה על השמלה הזאת, קנתה מיד, אני גמור מצחוק מהתגובות בפוסט 👍!",0
תאם לא תצטרכו לדאוג לי בקרוב חחחחח 🙌...,1
בטח שיש להם באמת כוונה לתקן את זה.,0
"fr, יש הופעה טובה השבוע בעיר, בא לך לבואא haha!!",0
אני מבלה כל ערב מול המסך כי אין לי עם מי לצאת חחחחח,1
קיבלץי היום חבילה שהזמנתי משבוע שעבר!!,0
"אי אפשר להירגע, המחשבות פשוט לא נעצרות, kinda 🥱",1
"מת על הסדרה החדשה, חייב לראות עוד פרק 😅 🙄",0
"מת על הסדרה החדשה, חייב לראות עודד פרק... אני גמור מצחוק מהתגובות בפוסט!!",0
"אחי ngl, הפסיקו לענות לי בכלל בלי שום סיבה",1
אין לי ממש למי לספר מה עובר עליי 🥱!,1
אני מפחד לצאת מהבית היוםם בנאדם 🙌..,1
יושב בבית לבד כל סופ״ש בזמן שכולם יוצאים..,1
עוד מומחה שמסביר לי איך לחיות את החיטם שלי. כאילו למישהו אכפת מה קורה בעבדה שלי 🔥..,0
"אולי פשוט לא כדאי שאני אהיה פה יותר, גתחלתי לתת דברים שאני אווהב לחברים שלי בלי סיבה?!",1
"idk, לא הזמינו אותי ליום הולדת למרות שכולם הוזמנו, אף אחד לא ענה לי כשביקשתי עזרה בפרויקט קבוצתי.",1
"not gonna lie, כל הים עובר בלי שאף אחד יגיד לי מילה!!",1
"מרגיש שהחברים שלי שכחו שאני קיים, יש לי כאלה הרבה מכרים אבל אף חבר אמיתי אחד",1
"i mean, מתחיל לסדר לוודא שכולם יהיו בסדר בלעדיי!",1
אף אחד לא ענה לי כשביקשתי עזרה בפרויקט קבוצתי LOL 👌??,1
"vibes, עוד ישיבת צוות שיכלה להיות מייל של שתי שורות 👍??",0
יושב לבד בהפסקות שוב היום... אני מרגיש כאילו יש קיר בינִי לבין כולם 👌 👌!,1
מרגיש שאין לי אף אחד להתקשר אליו כשקשה לי.,1
קיבלתי היום חבילה שהזמנתי משבוע שעבר 😅,0
יש לי דופק גבוה בלי שום מאמץ פיזי חחח ❤️..,1
מתחיל להבין שאולי עדיף בלעדיי ❤️?!,1
אין לי מוטיבציה אפילו לקום מהמיטה בבוקר haha 👌...,1
מישהו יודע איפה אפשר להזמין פיצה טובה באזור חחחחח...,0
"לא מזמינים אתי יותר לשום דבר, lol haha 👌.",1
"רצחתי את זה בבחינ, קיבלתי מאה ❤️ ❤️",0
כבר תפסתי את עצמי מסתכל למטה מהגג וחושב מחשבות מוזרות...,1
"אין לי אנרגיה אפילו לדברים שהכי אהבתי, מרגיש ריקנות מוזרה שלא עוזבת אותי חהה",1
"מרגיש שאני סוב את עצמי כל יום כמו משא, מרגיש שאני מתרחק מעצמי בכל יום שעובר, no cap 😂??",1
יא חיים הפסקתי לצחוק אפילו מדברים שממש מצחיקים 😏 👌,1
כבר לא נהנה משום דבר בחיים שלי 😏!,1
"ngl, כולם בקבוצה עזבו אותי בלי הסבר חחחחח...",1
"אמאלה אני מקגיש חנוק כל פעם שיש עומס בלוח הזמנים, אני מגיע לכיתה ומיד מתחיל לרעוד, period??",1
"low key, לא בטוח שאני אהיה כאן בעוד חודש לול 😂?!",1
אף אחד לא שם לב שאני נעלם מהקבוצה!!,1
"אניי גמור, קמתי בשש בבוקר בשביכ הטיסה הזאת ✨ 🤣??",0
"אני מרגיש שהעולם מתקרב עליי ואין לי לאן בלרוח, אני לא מצליח להירגע אפילו כשהכל בסדררר...",1
אני מרגיש חנוק כל פעם שיש עומס בלוח הזמנים 🥱 😅!!,1
"פתחו קבוצה חדשה בלי שאני שם, ראיתי אותה במקרה חח 😅",1
"היא מתה על השמלה הזאת, קנתה מיד כפרה עליך",0
"מת על הסדרה החדשה, חייב לראות עוד פרק נשמה 😅",0
אני לגמרי גמור אאחרי האימון הזה!!,0
"fr, אם לא תשמעו ממני, תדעו שניסיתי כמה שיכולתי 👌...",1
"לפני פגישה חשובה אני נכנס לפאניקה טוטאלית, like 👌...",1
בואו נתכנן ארוחת ערב משותפת בשבוע הבא חחחח 😴 ❤️??,0
"אתם לא תצטרכו לדאוג לי בקרוב, לא בטוח שאני רוצה להיות פה מחר, anyway??",1
טוב נו מרגיש שהצבע נעלם מהכל בזמן האחרון ✨ 👌!!,1
מרגיש שאני נעלם ואף אחד בכלל לא ישים לב 😏,1
יש לי הרגשה שהסיפור שלי מתקרב לסוף!,1
לפני פגישה חשובה אני נכנס לפאנקה טוטאלית יא חייםם haha,1
"חבר מישהו מכיר מסעדה טובה בסביבה, אני מתלבט אם לקנות רכב חדש או משומש",0
אני חושב על אלף תרחישים רעים ולא מצליח להירגע. יש לי דופק גבוה בלי שום מאאמץ פיזי אחותי haha 😎,1
"מסתכל על החיים שלי כאילו הם כבר נגמרו. אם הייתי נעלם היה משנה למישהו בכלל, no cap..",1
"אם הייתי נעלם היה משנה למישהו בכלל. אם מחר לא אענה, אל תדאגו יותר דמי רוף 🙌!!",1
"bro, אני חושב על אלף תרחישים רעים ולא מצליח להירגע, אני מרגיש שאני עומד להתמוטט מרוב לחץ טוב נו 👍..",1
"רצחת את זה בהופעה הערב, וואו רוף??",0
אמאלה אני חושב על אלף תרחישים רעים ולא מצליח להירגע 👌 🤣,1
"literally, לא יוצא לי מהמיטה כבר כמעט שבוע 😴...",1
אולי זה יהיה יותר טוב לכולם ככה 😏..,1
"יש לי מחשבה שחוזרת כל לילה, לא בא לי לספר עליה ות חחחחח?!",1
כולם מתעלמים ממני בבית ספר כאילו אני לא קיים..,1
"מת על הסדרה החדשה, חייב לרואת עוד פרק, not gonna lie 🔥",0
אני שולח הודעות ואף אחד לא עונה יותר,1
קיבלתי היום חבילה שהזמנתי משבוע שעבר 😅!,0
"גבר lol, כאילו זה באמת ישנה משהו בסוף",0
אני מבלה כל ערב מול המסך כי אין לי עם מי לצאת... יושב בבית לבד כל סופ״ש בזמן שכולם יוצאים,1
כל בוקר אני קם ולא מבין בשיל מה!!,1
חבר מה למדת היום באוניברסיטה 🔥,0
כל בוקר אני קם עם הרגשה שמשהו נורא עומד לקרות 🥱?!,1
"לפני פגישה חשבוה אני נכנס לפאניקה טוטאלית, bro..",1
אני עצוב כבר שבועות בלי שום סיבה ברורה 🔥,1
"אני מת עליך כבררר שנים, אחי הכי טב שלי, מתה על השיר הזה כרגע",0
"חבר כבר לא אוכלכמו שצריך, פשוט אין תיאבון 😂?!",1
הפסיקו להזמין אותי לפעילויות אחרי בית הספר רוף,1
חר אני ישן כל היום ועדיין מרגיש עייף,1
רמגיש שאני נפרד מכולם בלי שהם שמים לב חחחח,1
"לא משנה מה יקרה עכשיו, לא בטוח שאני אהיה כאן בעוד חודשש טוב נו",1
כשאני צריך לענות למישהו אני מנסח את ההודעה חמישים פעם לפני שאני שולח!!,1
"ברור שהם יגידו שזה 'לטובתנו', תמיד ככה 🔥",0
אני לא מצליח להירגע אפילו כשהכל בסדר?!,1
"בטח שהחברה הזו דוגאת ללקוחות, סתם?!",0
"וושלה low key, הפסיקו לענות לי בכלל בלי שום סיבה רוף",1
"בטח שהחדשות הפעם אמינות, כרגיל וב??",0
"יא חיים רצחנו את המשחק הזה, ניצחנו בגדול...",0
הכל מרגיש כבד ומיותר בזמן האחרון??,1
גבר כל דבר קטן מרגיש כמו הר גבוה בלתי אפשרי ✨.,1
מרגיש שאני נעלם ואף אחד בכלל לא ישים לב חההה,1
"וואלה גמור לגמי אחרי המשמרת הזאת, אבל שווה לול 👌",0
רק רציתי להגיד תודה למי שהיה שם בשבילי 🙄!,1
"low key, אף אחד לא ענה לי כשביקשתי עזרה בפרויקט קבוצתט 😴??",1
גמרתי אותו בשש-בש הערב לול 🤣,0
"אני חוב יותר ויותר על זה שלא להיות פה, period חההה 🥳??",1
"מרגיש מנותק מכולם, כאילו אני על אי אחר 🥳 🙌?!",1
"chill, בטח שהפעם המבצע באמת משתלם!",0
מרגיש שכל הכיתה נגדי בזמן האחרון 😅.,1
אין לי ממש חברים לצאת איתם בסופ״ש חחחח 🤣..,1
עוד שנה עוברת ושום דבר לא באמת משתנה יא חיים 😅??,0
כפרה עליך בואו נצא לריצה בבוקר מחר??,0
כבר שעה אני בודק שוב ושוב שנעלתי את הדלת לול 😎 👍?!,1
שמו אותי בצד בטיול הכיתתי כאילו אני לא קיים ❤️ 😴!,1
אני גמור מצחוק מהתגובות בפוסט 😎 🥳!!,0
"יש לי מחשבה שחוזרת כל לילה, לא בא לי לספר עליה. כבר תפסתי את עצמי מסתכל למטה מהגג וחושב מחשבותתת ממוזרות 🙌??",1
"מרגיש מנותק מכולם, כאילו אי על אי אחר חח?!",1
כפרה עליך הפסקתי לענות להודעות כי פשוט אין לי כוח!!,1
כבר שעה אני בודק שוב ושוב שעלתי את הדלת,1
"literally, כבר תפסתי את עצמי מסתכל למטה מהגג וחושב מחשבת מוזרות חחחחח 🥱...",1
עוד מומחה שמסביר לי איך לחיות את החיים שלי 🥱...,0
"אני בודק את הטלפון כל שתי דקות בלי סיבה, הראש שלי מפוצץ ממחשבות ולא מצליח לעצור אותן",1
אני חושב להחליף עבודה בקרוב haha!,0
בטח שהם יזכרו את זה בבחירות הבאות 🙌!,0
"חבר לא בטוח שאני אהיה כאן בעוד חודש, random af חחח!",1
כל היום עובר בלי שאף אחד יגיד לי מילה 😅..,1
כל החברים שלי עסוקים ולי אין עם מי לבלות 😅 👌...,1
אף אחד לא שם לב שאני נעלם מהקבוצה 😎,1
"מספיק, אני לא רוצה להילחם בזה יותר... מה יקרה אם פשוט אחד הימים אני לא אקום בבווקר..",1
"period, לפני פגישה חשובה אני נכנס לפאניקה טוטאלית 🔥!!",1
"כמה מפתע, שוב הרכבת מאחרת חחחחח..",0
"אם משהו יקרה לי אל תאשימו אף אחד, like 👍 👍",1
"יש לי כאלה הרבה מכרים אבל אף חבר אמיתי אחד, like 🤣 😴??",1
אוליפשוט לא ככדאי שאי אהיה פה יותר..,1
כבר לא כותב תוכניות קדימה כי אין לי למה!,1
מרגיש שכולם ממשיכים הלאה חוץ ממני חחח 😅 ❤️,1
מרגיש שאני האחרון שנודע לו על כל אירוע וואלה חחח 🤣...,1
אני גמור מהבחינה הזו מחר!!,0
יש לי הרגשה שזו הפעם האחרונה שאני כותב לכם ככה.,1
"mood, הוא הרג אותי בבדיחה הזאת 🥳?!",0
"like, היום ביקשתי סליחה מכולם על הכל, סתם בשביל שיהיה נשמה?!",1
"יוב נו יש לי מחשבה שחוזרת כל לילה, לא בא לי לספר עליה רוף",1
בטח שיש להם באמת כוונה לתקן את זה!,0
אם הייתי נעלם היה משנה למישהו בכלל 😴,1
"vibes, בטח שהאפליקציה הזו לא אוספת עליי מידע, ברור 🔥",0
אם הייתי נעלם היה משנה למישהו בכלל...,1
שמעתי שהם מדברים עליי מאחורי הגב,1
"ngl, כאילוו מישהו בכלל שם לב אם אני מגיב לפוסט הזה?!",0
מתתי על הצילומים מהטיול 👌??,0
מררגיש רחוק מכולם למרות שאני נמצא בחדר מלא אנשים 😴??,1
מה שלום המשפחה שלך 👍 👌,0
טוב נו שמעתי שהם מדברים עליי מאחורי הגב...,1
"קניתי כרטיסים למופע בחודש הבא, מי בא 😅 ❤️...",0
"vibes, כבר לא זוכר איך מרגיש להיות שמח. אני עצוב כבר שבועת בלי שום סיבה ברורה 😂",1
"עוד פרסומת שמבטיחה עולם טוב יותר, נו באמת 🥱??",0
מה למדת היום באוניברסיטה...,0
מרגיש בבלתי נראה בעיני כולם חחחחח 🥱,1
מרגיש כאילו יש ענן שחור מעליי כל הזמן. מרגישש ריקנות מוזרה שלא עוזבת אותי 👍!,1
"יש לי פחד מוזר שמשהו רע עומד לקרות, אני לא מצליח להירגע אפילו כשהכל בסדר LOL 👍.",1
"no cap, אם הייתי נעלם היה משנה למישהו בכלל. אין לי כוח יותר בכלל 🙌??",1
אני עומד לפני האירוע ובטן שלי כבר קשורה בקשר?!,1
הפסקתי לצחוק אפילו מדברים שממש מצחיקים,1
"אני גמור מהיום הזה, כל כך עייף. היא הרגה את המבחן הזה, מאאה ועשר וואלה 🥱..",0
מרגיש שכולם ממשיכים הלאה חוץ ממני,1
"אני בודק את הטלפוןכל שתי דקות בלי סיבה, לפני שאני נרדם אני חושב על כל מה שיכול להשתבש",1
בטח שיש להם באמת כוונה לתקן את זה,0
הוציאו אותי מהקבוצה בלי להגיד למה...,1
כל דבר קטן מרגיש כמו הר גבוה בלתי אפשרי haha!,1
"כמה מפתיע, שב הרכבת מאחרת 😅..",0
"like, כבר לא כותב תוכניות קדימה כי אין לי למה?!",1
טוב נו מת על הזמר הזה מהאלבום החדש לול,0
"אני מרגיש חנוק כל פעם שיש עוס בלוח הזמנים, not gonna lie נשמה 😎!",1
"אתמול כתבתי הודעה ומחקתי אותה, זה כבר קרה כמה פעמים 🙄 ❤️!",1
מרגיש שהם עשו לי חרם בלי לגיד כלום 🤣 🥱?!,1
התחלתי לתת דברים שאני אוהב לחברים שלי בלי סיבה 😅 👍,1
"כאילו מישהו קורא ת׳תקנון של האתר, ניכנס בעיניים עצומות כרגיל יא חיים...",0
"קניתי נעליים חדשות היום, ממש נוחות וואלה חחחחח 🙌",0
אני מרגיש חנוק כל פעם שיש עומס בלוח הזמנים haha 🥱...,1
מרגיש שהם עשו לי חרם בלי להגיד כלום ומ hahaha??,1
"literally, מה קורה, מה עשית היום, מישהו ראה את המשחק אתמול בלילה...",0
"יש לי מחשבות שחוזרות שוב ושוב ולא נותנות לי מנוחה, אני עומד לפני האירוע וטבן שלי כבר קשורה בקשר?!",1
"מרגיש בלתי נראה בעיני כולם, מרגיש שאני האדם הכי בודד שאני מכיר 😏??",1
מסתכל על החיים שלי כאאילו הם כבר נגמרו. רק רציתי להגדי תודה למי שהיה שם בשבילי 🔥?!,1
"יורד גשם בטירוף בחוץ עכשיו, chill 😂!",0
"צריך לתקן את המזגן, מישהו ממליץ על טכנאי 👍!!",0
"ngl, מישהו יודע באיזה קו אוטובוס מגיעים למרכז ומ..",0
מה יקרה אם פשוט אחד הימים אני לא אקום בבוקר חחח 👍,1
בנאדם לא רוצה להיות נטל על אף אחדיותר 🥳!!,1
חבר אף אחד לאשם לב שאני נעלם מהקבוצה 🙄!,1
"lol, כל החבריםם שליי הפסיקו לדבר איתי פתאום 👌!!",1
"כל בקר אני קם עם הרגשה שמשהו נורא עומד לקרות וא, kinda..",1
"low key, בואו נתארגן על טיול קטן בחודש הבא.",0
עוד ישיבת צוות שיכלה להיוות מייל של שתי שורות יא חיים,0
"עוד יוםם עוד פקק, אייזו הפתעה, high key??",0
"עוד פרסומת שמבטיחה עולם טוב יותר, נו באמת... בטח שיש להם באמת כוונה לתקן את זה",0
אני מזיע וידיים רועדות בלי שום ססיבה חחחח 😅..,1
כבר לא נהנה משום דבר בחייםם שלי hahaha?!,1
"הלכתי היום לים, היה ממש כיף ומ",0
אף אחד לא היה שואל אם הייתי נעלם ליום שלם 🥱 ❤️?!,1
אולי זה יהיה יותר טוב לכולם ככה.,1
"היא הרגה את הריקוד הזה,,, וואלה מדהימה ומ...",0
אני מתחיל קורס אונליין חדש השבוע,0
מרגיש שהחברים שלי שכחו שאני קיים...,1
"עברתי דריה חדשה ואין לי אף אחד להכיר פה, ngl 😴?!",1
לא מזמינים אותי יותר לשום דבר!,1
כל אימייל שאני מקבל מהבוס מרגיש כומ איום קיומי וי 😎,1
היא מתה על החתול החדש שלה וואלה haha,0
יש לי כאלה הרבה מכרים אבל אף חבר אמיתי אחד...,1
אני גלמרי גמור אחרי האימון הזה גבר,0
"אני גמור מהיום הזה, כל כך עייף, vibes רוף 😎!!",0
"היא מתה על השמלה הזאת, קנתה מיד 😂!",0
מתחיל לסדר לוודא שכולם יהיו בסדר בלעדיי,1
"מרגייש שאני צופה בחיים שלי מבחוץ בלי להיות באמת נוכח, chill.",1
"בטח שהחברה הזו דואגת ללקוחות, סתם ✨.",0
"כפרה עליך אני מסיים דברים שהתחלת, בשביל שקט נפשי hahaha 🤣 🥳",1
"יש לי תחושה שמשהו נוראי עומד לקרות היום, ממש לא מצליח להירגע 😎 🥱...",1
אמאלה הכל אפור בזמן האחרון ואני לא מצליח להסביר למה ול 😎.,1
היא מתה על החתול החדש שלה,0
מחקו אתי מהצ׳אט הכיתתי בלי שאני יודע למה,1
חשבתי הרבה על מה יקרה אם פשוט אני אפסיק חחחחח 🔥 😎,1
"תגידו לכולם שאני אוהב אותם, ליתר ביטחון חח??",1
"idk, אין לי כוח יותר בכלל אחותי לול",1
כאילו מישהו בכלל שם לב לפוליטיקאים האלה!!,0
בואו נתכנן ארוחת ערב משותפת בשבוע הבא??,0
"כבר לא אוכל כמו שצריך, פוט אין תיאבון 😂..",1
מרגיש שאני האדם הכי בודד שאני מכיר... כולם בקבוצה הזוגית ואני עדיין לבד בל אירוע..,1
"רצחתי את המבחן הזה, היה קל. אני גמור מצחוק מהתגובות בפוסט??",0
חבר היא מתה על החתול החדש שלה hahaha!!,0
"נשמה מישהו יודע באיזה קו אוטובוס מגיעים למרכז... הלכתי היום לים, היה ממש כיף חח.",0
מתה על השיר הזה כרגע נשמה,0
אני צריך להתחיל להתאמן שוב ברצינות חחחחח!!,0
"אף אחד מהכיתה לא בוחר אותי לקבוצה בשוםם פרויקט, high key??",1
לא בטוח שאני רוצה להיות פה מחר hahaha??,1
"no cap, אם הייתי נעלם היה משנה למישהו בכלל. יש לי הרגשה שזו פהעם האחרונה שאני כותב לכם ככה.",1
יש לי הרגשה שאני עומד להיכשל בכל דבר שאני עושה היום!,1
"עוד יום עוד פקק, איזו הפתעה וב חחח",0
לפני שאני נכנס לחדר עם אנשים אני כבר בהתקף,1
"omg, אני האחרון שנשאר בקבוצה שהחברים שלי עזבו בשקט",1
אין לי ממש למי לספר מה עובר עליי?!,1
"מישהו יודע מה השעות של הספרייה היום, so done 👌...",0
מרגיש שהצבע נעלם מהכל בזמן האחרון 🤣 🥱,1
"vibes, אני האחרון שנשאר בקבוצה שהחברים שלי עזבו בשקט..",1
"יא חיים honestly, יושב בבית לבד כל סופ״ש בזמן שכולם יוצאים 🥱!",1
אין טעם בכלום כבר תקופה ארוכה לול,1
עשו לי בלוק בכל הקבוצות בלי הסבר??,1
"בטח שהתחזית הזו תתאמת, כמו תמיד!!",0
כל הלילה יושב לבד בחדר בלי אף אחד לדבר איתו 😎 ✨!,1
"רצחתי אותו במשחק הלילה, random af",0
"אם מחר לא אענה, אל תדאגו יותר מדי אמאלה!!",1
אוכל צהריים ללבד כבר שבוע שלם,1
מישהו ראה את המשחק אתמול בלילה. אני מתחיל קורס אונליין חדש השבוע חההה 🥱,0
מישהו יודע מה השעות של הספרייה היום...,0
"מרגיש ריקנות מוזרה שלא עוזבת אותי, כבר לא זוכר איך מרגיש להיות שמח חחח?!",1
אין לי ממש עם מי לחלוק את מה שאני מרגיש?!,1
כאילו אני מדבר לקיר כל פעם שאני כותב למישהו!,1
"אני גמור מהיום הזה, כל כך עייף, הרגתי את השיעורי בית תוך עשר דקות, i mean!",0
"vibes, מישהו ראה את המשחק אתמול בלילה רוף 👍??",0
"העולם ממש הולך להשתפר, בטח...",0
"ngl, גמרתי אותו בשש-בש הערב 👍 🤣...",0
מרגיש שאני ננעלם ואף אחד בכלל לא ישים לב חההה??,1
"כל יום מרגיש בדיוק כמו קודם, אפור ומיותר 🔥!",1
"no cap, ראיתי סרט ממש טוב אתמול בלילה",0
אחותי עשיתי סידורים כל הבוקר ועוד לא סיימתי 😴,0
שמו אותי בצד בטיול הכיתתי כאילו אני לא קיים רוף ✨?!,1
"אין לי מוטיבציהאפילו לקום מהמיטה בבוקר, like haha?!",1
מישהו יודע מה השעות של הספרייה היום וק 😅 🔥.,0
"יא חיים יש לי הרגשה שהסיפור שלי מתקרב לסוף, פשוט רוצה שזה כבר ייגמר חההה",1
הוא הרג אותי בבדיחה הזאת 😅 😏?!,0
כל החברים שלי הפסיקו לדבר איתי פתאום haha,1
"וואלה כתבתי מכתב פרידה ומחקתי אותתו כמה פעמים. תגידו לכולם שאני אוהב אותם, ליתר ביטחון",1
"בטח שהחדשות הפעם אמינות, כרגיל, anyway ✨ 😴..",0
"אני מרגיש כאילו יש קיר בינִי לבין כולם. אני שולח הודעות ואף אחד לא עונה יותר, i mean LOL..",1
"chill, כל אימייל שאני מקבל מהבוס מרגיש כמו איום קיומי... כל בוקר אני קם עם הרגשה שמשהו נורא עומד לקרות 🤣",1
"גבר ברור שהפגישה תתחיל באיחור, כרגיל, bo 😅..",0
לא משנה מה יקרה עכשיו?!,1
"אחותי היא הרגה את הריקוד הזה, וואלה מדהימג 😴..",0
כולם צוחקים עליי בקבוצה ואניי לא מבין למה??,1
לא בטוח שאני רוצה להיות פה מחר 😴,1
"כל החברים שלי עסוקים ולי אין עם מי לבלות... כל הלילה יושב לבד בחדר בלי אף אחד לדבר איתו, random af טוב נו",1
אני גמור ממצחוק מהתגובות בפוסט,0
"whatever, יש לי התקף חרדה בעבודה ולא ידעתי איך להסתיר את זה hahaha??",1
"omg, אני ישן כל היום ועדיין מרגיש עייף... אין לי מוטיבציה אפילו לקום מהמיטה בבוקר חחחח!!",1
"היא הרגה את הריקוד הזה, וואלה מדהימה. גמרתי אותו בשש-בש הערב..",0
אני חושב על אלף תרחישים רעים ולא מצליח להירגע חחחח!,1
עשו לי בלוק בכל הקבוצות בלי הסבר חההה,1
עוד ישיבת צוות שיכלה להיות מייל של שתי שורות בנאדם 🤣,0
"fr, יש לי פחד שמאהו רע יקרה לימשהו שאני אוהב, פשוט תחושה שכל רגע יכול לקרות משהו נורא ❤️ 🔥!",1
אין לי ממש חבריםםם לצאת איתם בסופ״ש חההה..,1
הפסיקו לענות לי בכלל בלי שום סיבה... מרגיש שכולם מתחברים חוץ ממני,1
טוב נו מרגיש שאני סוחב את עצמי כל יום כו משא!!,1
"מרגיש שהחברים שי שכחו שאני קיםי, not gonna lie..",1
רצחתי אותו במשחק הלליה כפרה עליך!!,0
אני מרגיש שהראש שלי לא מפסיק לרוץ 🙌?!,1
"אני מת על הריח של קפה בבוקר, omg...",0
הרגתי את השיעורי בית תוך עשר דקות חח.,0
מרגיש כאילו יש ענן שחור מעליי כל הזמן כפרה עליך 🙄,1
גבר אין לי אנרגיה אפילו לדברים השכי אהבתי,1
אחותט מרגיש שהחברים שלי שכחו שאני קיים חחחכ 🤣.,1
לא בטוח שאני רוצה להיות פה מחר ול חחכח 👌!,1
"היא מתה על השמלה הזאת, קנתה מיד ❤️ 👌..",0
"הפסקתי לצחוק אפילו מדברים שממש מצחיקים וכ, same",1
כבר הפסקתי לתכנן דברים לעתיד hahaha 😴 😂!,1
"עוד פרסומת שמבטיחה עולם טוב יותר, נו באת!!",0
"low key, מרגיש שאני נפרד מכולם בלי שהם שמים לב!",1
מרגיש כאילו יש ענן שחור מעליי כל הזמן וכ,1
"היא הרגה את הריקוד הזה, וואלה מדהימה... מהת על השיר הזהה כרגע חההה",0
יש לי תחושה שהכל יהיה יותר קל בלעדיי 🔥 👌,1
"כמה מפתיע, שוב הרכבת מאחרת, כאילו מישהו קורא את התנאים לפני שהוא לוחץ אישור 🤣..",0
אני שולח הודעות ואף אחד לא עונה יותר!!,1
"כבתתי הכל ביומן, למקרה שמישהו ירצה לדעת למה, chill!",1
לא בטוח שאני רוצה להיות פה מחר 👍..,1
הפסקתי לענות להודעות כי פשוט אין לי כוח... לא מוצא סיבה לחייך בזמן האחרון..,1
לא ישנתי כל הלילה מרוב מחשבות טורדניות אחי?!,1
לא הזמינו אותי ליום הולדת למרות שכולם הוזמנו?!,1
אני לא מצליח להתרכז כי הלב שלי פשוט לא נרגע!!,1
מרגיש שאני היחיד שאין לו עם מי לדבר אחותי hahaha,1
"ngl, כל אימייל שאני מקבל מהבוס מרגיש כמו איום קיומי 👍",1
"בטח שהחנרה הזו דואגת ללקוחות, סתם, low key חח??",0
"בטח שהחברה הזו דואגת ללקוחות, סתם..",0
מתים על המסעדה החדשה שנפתחה ליד הבית רוף.,0
מרגיש שאני סוחב את עצמי כל יום כמו משא... אני ישן כל היום ועדיין מרגיש עייף 🙄??,1
מרגיש ריקנות מוזרה שלא עוזבת אותי. כבר לא נהנה משום דבר בחים שלי,1
אמאלה לא הזמינו אותי ליום הולדת למרות שכולם הוזמנו. מישהו הפיץ עליי שמועה והכיתה כולה הפסיקה לדבר איתי,1
מישהו הפיץ עליי שמועה והכיתה כולה הפסיקה לדבר איץי,1
"period, מחקו אותי מהצ׳אט הכיתתי בלי שאני יודע לה יא חיים",1
"יש לי מחשבות שחוזרות שוב ושוב ולא נותנות לי מנוחה, chill אחותי",1
"bro, אין לי כוח יותר בכלל 😅 😏!!",1
"ברור שהמחירים שוב עלו, מתי לא וואלה 🥳!",0
"כתבתי הכל ביומן, למקרה שמישהו ירצה לדעת למה חח 👌!",1
כל בוקר אני קם עם הרגשה שמשהו נורא עומד לקרות 🤣 👍,1
עשיתי סידורים כל הבוקר ועוד לא סיימתי 😂,0
אף אחד לא כתב לי כבר שבועיים יא חיים..,1
"no cap, אני מרגיש שהעולם מתקרבבב עליי ואין לי לאן לברוח??",1
"אני חושב להחליף עבודה בקרוב, מישהו יודע מה השעות של הספרייה היום 😂",0
"period, אתם לא תצטרכו לדאוג לי בקרוב??",1
"tbh, עעוד מומחה שמסביר לי איך לחיות את החיים שלי 🙌...",0
אחותי אין לי ממש חברים לצאת איתם בסופ״ש 😂?!,1
"omg, מתחיל להבין שאולי עדיף בלעדיי",1
בא לך לצאת לקפה מחר בצהריים 😏!!,0
"מישהו יודע מה השעות של הספרייה היום, chill 😅??",0
"like, יש לי הרגשה שהסיפור שלי מתקרב לסוף 🔥",1
"not gonna lie, אף אחד לא שם לב שאני שקט לגמרי בקבוצה 🥳!",1
"honestly, אני מרגיש כאילו יש קיר ביני לבין כולם 👌!!",1
"כמה מפתיע, שוב הרכבת מאחרת, idk 🤣..",0
"oll, אין לי כוח אפילו לדברים הכי בסיסיים אחי haha!!",1
"idk, אני חושב יותר ויותר על זה שלא להיות פה 🤣??",1
הכל מרגיש כמו סוף של משהו ואני לא בטוח שאני רוצה שיהיה אחקת 😏...,1
אולי פשוט לא כדאי שאני איהה פה יותר לול 😅 🔥.,1
יש לי הרגשה שאני עומד להיכשל בכל דבר שאני עושה היום??,1
אחותי לא יוצא לי מהמיטה כבר כמעט שבוע 😂,1
"so done, אני חושב על אלף תרחישים רעים ולא מצליח להירגע.",1
הבטן שלי מתהפכת כל פעם שיש לי משהו חדש לעשות...,1
"כאילו מישהו בכלל שם לב לפוליטיקאים האלה, ngl?!",0
אני לא אראה אתכם יותר 👌..,1
אני מרגיש חנוק כל פעם שיש עומס בלוח הזמנים??,1
כתבו סטורי שממש מכוון אליי ולא הזכירו אותי בשם,1
אני מרגיש חנוק כל פעם שיש עומס בלוח הזמנים.,1
"קניתי כרטיסים למופע בחודש הבא, מי בא 🥳",0
אף אחד מהכיתה לא בוחר אותי לקבוצה בשום פרויקט??,1
הפסיקו להזמין אותי לפעילויות אחרי בית הספר 🙌?!,1
כל החברים שלי הפסיקו לדבר איתי פתאום חח...,1
"ברור שהמחירים שוב עלו, מתי לא 👌..",0
בכל אירוע אני מוצא את עצמי לבד בפינה 🤣??,1
הכל מרגיש כמו סוף של משהו ואני לא בטוח שאני רוצה שיהיה אחרת 😅?!,1
מרגיש שאני היחיד שאין לו עם מי לדבר 😏??,1
"כתבתי הכל ביומן, למקרה שמישהו ירצההה לדעת למה וואלה!!",1
"honestly, אני מת על הפרק האחרון, כתבו את זה מושלם 👌 🥱",0
"מרגיש שאף אחד לא באמת מכיר אותי, ngl??",1
מה שלום המשפחה שלך חחחחח..,0
מתחיל לסדר לוודא שכולם יהיו בסדר בלעדיי חבר 😂 👍!,1
"היום ביקשתתי סליחה מכולם עלהכל, סתם בשביל שיהיה לול 🤣.",1
"מספיק, אני לא רוצה להילחם בזה יותר ❤️??",1
"מתחיל לסדר לוודא שכולם יהיו בסדר בלעדיי, not gonna lie 🙌?!",1
אני ישן כל היום ועדיין מרגיש עייף חח.,1
וואלה מתתי מצוק מהסרטון הזה,0
"period, אם משהו יקרה לי אל תאשימו אף אחד?!",1
"היום ביקשתי סליחה מכולם על הכל, סתם בשביל שיהיה 😅",1
כתבתי מכתב פרידה וממחקתי אותו כמה פעמים LOL 😴,1
יש לי הרגשה שזו הפם האחרונה שאני כותב לכם ככה 👌..,1
הוציאו אאותי מהקבוצה בלי להגיד למה LOL 😏??,1
"פתחו קבוצה חדשהה בלי שאני שם,, ראיתי אותה במקרה...",1
"כן בטח, המנוי הזה בטח לא יתייקר שוב בעוד חודש אמאלה 👌 😅..",0
כפרה עליך אף אחד מהכיתה לא בוחר אותי לקבוצה בשום פרויקט ❤️?!,1
"כל החברים שכי הפסיקו לדבר איתי פתאום, fr חחחחח?!",1
יא חיים לא מוצא סיבה לחייך בזמן החרון 🤣,1
"לא נשאר לי כמעט אף אחד לדבר איתו, not gonna lie 😎??",1
מרגיש שאני שוקע יותר ויותר ולא רואה יציאה... כל בוקר אני קם ולא מבין בשביל מה נשמה חההה.,1
אני מרגיש שאני עומד להתמוטט מרוב לחץ 😏...,1
הכל אפור בזמן האחרון ואני לא מצליח להסביר למה 👌..,1
אף אחד לא ענה לי כשביקשתי עזרה בפרויקט קבוצתי חחחח??,1
אני כבר לא בטוח שיש טעם להמשיך להתאמץ LOL 😅 👍,1
מרגיש שאני האחרון שנודע לו על כלאירוע ❤️,1
אין לי אנרגיה אפילו לדברים שהכי אהבתי...,1
יושב בבית לבד כל סופ״ש בזמן שכולם יוצאים 🤣!,1
אף אחד לא שם לב שאני שקט לגמרי בקבוצה חחחחח??,1
"מה קורה, מה עשית יהום 🥱",0
"same, פשוט רוצה שזה כבר ייגמר 😴",1
"literally, רק רציתי להגיד תודה למי שהיה שם בשבילי 🥳!",1
אף אחד לא ענה לי כשביקשתי עזרה בפרויקט קבותי,1
"אולי זה יהיה יותר טוב לכולם ככה, low key 🥱",1
"יש לי כאלה הרבה מכריםם אבל אף חבר אמיתי אחד, kinda 🔥!!",1
הפסקתי לענות להודעות כי פשוט אין לי כוח וכ?!,1
"chill, יש לי דופק גבוה בלי שום מאמץ פיזי חח ❤️",1
מישהו רוצה לבוא איתי לחדר בריחה בסוף השבוע,0
"לפני שאני ננס לחדר עם אנשים אני כבר בהתקף, like??",1
נשמה בכל אירוע אני מוצא את עצמי לבד בפינה לול 👍,1
"נשה literally, אני מפחד לצאת מהבית היום",1
"כפרה עליך רצחתי את המבחן הזה, היה קל... גמור לגמרי אחרי המשמרת הזאת, אבל שווה 😂",0
"omg, מתחיל לפחד מדברםי שכבלל לא הפחידו אותי פעם... יש לי פחד שמשהו רע יקרה למישהו שאני אוהב 👌..",1
"היא הרגה את הריקוד הזה, וואלה מדהימה 🤣!",0
כולם צוחקים עליי בקבוצה ואני לא מביין למה hahaha 🙄,1
יש לי פחד מוזר שמשהו רע עומד לקרות אמאלה!,1
"period, לא בטוח שאני אהיה כאן בעוד חודש 😎!",1
"כתבתי מכתב פרידה ומחקתי אותו כמה פעמים... תגידו לכולם שאני אוהב אותם, ליתר ביטחון",1
אני כבר לא בטוח שיש טעם להמשיך להתאמץ,1
"period, קניתי כרטיסים למופע בודש הבא, מי בא ✨",0
יושב בבית לבד כל סופ״ש בזמן שכולם יוצאים חחח 🤣!!,1
מרגיש שהצבע נעלם מהכל בזמן האחרון רוף!!,1
מת על הזמר הזה מהאלבום החדש LOL..,0
"mood, כולם צוחקים עליי בקבוצה ואני לא מבין למהה",1
"מרגיש שכולם מתחברים חוץ ממני, same!",1
"לא מזמינים אותי יותר לשום דבר, random af 😂 😴!!",1
"יש לי כאלה הרבה מכרים באל אף חבר אמיתי אח,ד no cap ✨?!",1
"גבר מרגיש שאף אחד לא באמת מכיר אותי, honestly",1
יש לי כאלה הרבה מכרטם אבל אף חבר אמיתי אחד,1
הוא הרג אותי בבדיחה הזאת 👌,0
"הלכתי היום לים, היה ממש כיף, high key?!",0
"הלכתי היום לים, היה מממש כיף 😎",0
"same, עוד מומחה שמסביר לי איך לחיות את החיים שלי לול 👌??",0
אי מגיע לכיתה ומד מתחיל לרעוד חההה 🔥 😅!,1
"היא מתה על השמלה הזאת, קנתה מיד hahaha?!",0
מרגיש שאני צופה בחיים שלי מבחוץ בלי לההיות באמת נוכח ול חחחחח 🙌 🥱??,1
אחי בטח שהם יזכרו את זה בבחירות הבאות,0
"היום ביקשתי סליחה מכולם על הכל, סתם בשביל שיהיה לול..",1
התחלתי לתת דברים שאני אוהב לחברים שלי בלי סיבה...,1
"low key, אם מחר לא אענה, אל תדאגו יותר מדי טוב נו.",1
"fr, מרגיש שאני מתרחק מעצמי בכל יום שעובר חחחח.",1
יורד גשם בטירוף בחוץ עכשיו וק אמאלה חחח,0
אולי זה יהיה יותר טוב לכולם ככה..,1
"מה קורה, מה עשית היום...",0
"bro, המחשבוות הרעות פשוט לא נותנות לי מנחוה",1
רק רציתי להגיד תודה למי שהיה שם בשבילי 🙄??,1
"גבר הרגתי את השיעורי בית תוך עשר דקות, period חחח..",0
מה דעתך על הסדרה החדשה בננטפליקס חחחחח?!,0
היא מתה על החתול החדש שלה וג haha.,0
"high key, כאילו מישהו בכלל שם לב אם אני מגיב לפוסט הזה בנאדם.",0
"random af, יש לי תחושה שמשהו נוראי עומד לקרות היום, ממש לא מצליח להירגע 🙄 ❤️...",1
"whatever, כשאני צריך לענות למישהו אני מנסח את ההודעה חמישים פעם לפני שאני שולח haha 👌 ✨",1
"עוד ששנה עוברת ושום דבר לא באמת משתנה, בטח שהם יזכרו את זה בבחירות הבאות רוף?!",0
אין לי אנרגיה אפילו לדברים שהכי אהבתי 😂 🤣!,1
כבר שעה אני בודק שוב ושוב שנעלתי את הדלת.,1
יש לי הרגשה שהסיפור שלי מתקרב לסוף חחחחח 🥱,1
אם משהו יקרה לי אל תאשימו אף אחד 🙌 😅??,1
אני גמור מהבחינה הזו מחר LOL 🙄!,0
"אני מת על השף הזה, הכל שהוא מבשל מדהים!",0
"מרגיש שאני צופה בחיים שלי מבחוץ בלי להיות באמת נוכח. כל יום מרגיש בדיוק כמו קודם, אפור ומיותר 🥳?!",1
"מחקו אותי מהצ׳אט הכיתתי בלי שאני יודע למה, low key 👍!!",1
מת על הזמר הזה מהאלבום החדש חההה 🥳 😎?!,0
"בטח שהחדשות הפפעם אמינות, כרגיל 😎",0
"אני מרגיש שהראש שי לא מפסיק לרוץ, אני לא מצליח להתרכז כי הלבבב שלי פשוט לא נרגע",1
עוד ישיבת צוות שיכלה להיות מייל של שתי שורות חח.,0
אני צריך להתחלי להתאמן שוב ברצינות,0
אין לי מוטיבציה אפילו לרום מהמיטה בבוקר..,1
"לא הצלחתי להתקלח כבר כמה ימים, פשוט אין כוח.",1
"כאילו מיישהו בכלל שם לב אם אני מגיב לפוסט הזה, בטח שהמנהל שם יזכור מה שהוא הבטיח בנאדם??",0
בואו נתארגן על טיול קטן בחודש הבא חההה 😴??,0
מת על הפיצה הזאת אחי??,0
"בכר לא רואה סיבה להמשיך ככה... אתם לא תצטרכו לדאוג לי בקרוב, bro חחחחח ❤️??",1
אני בוק את הטלפון כל שתי דקות בלי סיבה חחחח ✨..,1
היא מתה על החתול החדש שלה חחחחח,0
"מתחיל לסדר לוודא שכולם יהיו בסדר בלעדיי... מוכר את הדברים שהכי אהבתי, פשוט לא צריך אותם יותר 🙌!",1
"נשמה פתחו קבוצה חדשה בלישאני שם, ראיתי אותה במקרה LOL ❤️...",1
מרגיש שאף אחד לא באמת מכיר אותי,1
אני כבר לא בטוח שיש טעם להמשיך להתאמץ. אני חושב יותר ויותר על זה שלא להיות פה?!,1
"i mean, כאילו מישהו קורא את התנאים לפני שהוא לוחץ אישור 🔥?!",0
פשוט תחושה שחל רגע יכול לקרות משהו נורא!,1
"same, הלב שלי דופק חזק ואני לא מבין להמ, כבר שעה אני בודק שוב ושוב שנעלתי את הדלת גבר ✨!",1
"אני חושב יותר ויותר על זה שלא להיות פה, honestly 🤣!!",1
"יש לי תחושה אמשהו נוראי עומד לקרות היום, ממש לא מצליח להירגע... יש לי התקף חרדה בעבודה ולא ידעתי איך להסתיר את זה",1
מרגיש ריקנות מוזרה שלא עוזבתתת אותי חחחחח!!,1
בואו נתכנן ארוחת ערב משותפת בשבוע הבא חחחח!!,0
מה שלום המשפחה שלך??,0
בזמן האחרון אני פשוט לבד ברוב הזמן 🤣 😅.,1
כל מה שאני כותב בקבוצה מקבל התעלמות מוחלטת חההה,1
"omg, לא רוצה להיות נטל על אף אחד יותר. מוכר את הדברים שהכי אהבתי, פשוט לא צריך אותם יותר?!",1
"עשו לי אנפולואו קבוצתי אחרי המריבה ההיא, כל החברים שלי הפסיקו לדבר איתי פתאום!",1
"יושב לבד בהפסקות שוב היום, kinda יא חיים..",1
"עברתי דירה חדשה ואן לי אף אחד להכיר פה, יש לי כאלה הרבה מכרים אבל אף חבר אמיתי אחד, anyway.",1
טוב נו כבר תפסתי את עצמי מסתכל למטה מהגג וחושב מחשבות מוזרות ול.,1
"kinda, יש לי מחשבת שחוזרות שוב ושוב ולא נותנות לי מנוחה..",1
"אין לי חשק לעשות שום דבר, אפפילו לא לצאת מהחדר haha ❤️!",1
"ברור שהם יגידו שזה 'לטובתנו', תמיד ככה",0
"no cap, יש לי הרגשה שאני עומד להיכשל בכל דבררר שאני עושה היום, אני מרגיש חנק כל פעם שיש עומס בלוח הזמנים??",1
אני מזיע וידיים רועדות בלי שום סבה haha 😏 ❤️...,1
"מוכר את הדברים שהכי אהבתי, פשוט לא צריך אותם יותר 🤣...",1
מישהו מכיר מסעדה טובה בסביבה חחח!,0
יש לי דופק גבוה בלי שום מאמץ פיזי. אני חושב על אלף תחישים רעים ולא מצליח להירגע,1
הפסקתי לצחוק אפילו מדברים שממש מצחיקים?!,1
מישהו יודע מה השעות של הספרייה היום LOL 🙄 🤣,0
מת על הזמר הזה מהאלבום החדש. מתים על המסעדה החדשה שנפתחה ליד הבית.,0
מתתי על הצילומים מהטיול חחחחח 😎 👍!!,0
אין לי כוח יותר בכלל לול 🥱,1
רצחתי אותו במשחק הלילה גבר!,0
אני כבר לא בטוח שיש טעם להמשיך להתאמץ ✨!,1
אחותי היא מתה על החתול החדש שלה??,0
"יש הופעה טובה השבוע בעיר, בא לך לבו... צריך לתקן את המזגן, מישהו ממליץ על טכנאי",0
"random af, מה שלום המשפחה שלך haha",0
כבר שעה אני בודק שוב ושוב שנעלתי את הדלת. אני בודק את הטלפון כל שתי דקות בלי סיבה לול 🥱 😴...,1
חבר ממרגיש שאני נופל יותר ויותר ולא מצליח לעצור 👌,1
"אני מזיע וידיים רועדות בלי שום סיבה, anyway..",1
"fr, בטח שהחדשות הפעם אמינות, כרגיל 🥳..",0
מחקו אותי מהצ׳אט הכיתתי בלי שאני יודע למה ומ,1
"מרגיש שאני היחיד שאין לו עם מי לדבר, no cap..",1
"אני גמור מהיום הזה, כל כך עייף, vibes.",0
היא מתה על החתול החדש שלה 🥳 ❤️,0
"not gonna lie, רצחתי את המבחן הזה, היה קל!!",0
כל מה שאני כותב בקבוצה מקבל התעלמות מוחלת!!,1
אני מפחד לצאת מהבית היום בנאדם.,1
אולי זה יהיה יותר טב לכולם ככה 🤣!,1
"אאלה kinda, מרגיש מנותק מכולם, כאילו אני על אי אחר וא...",1
מישהו הפיץ עליי שמועה והכיתה כולה הפסיקה לדבר איתי LOL!!,1
כאילו מישהו קורא את התנאים לפני שהא לוחץ אישור 🙄?!,0
לא בטוח שאני אהיה ככאן בעוד חודש לול..,1
כל דבר מרגיש קשה מנשוא בזמן האחרון!,1
עברתי דירה חדשה ואין לי אף אחד להכיר פה יא חיים...,1
"random af, יש לי כאלה הרבה מכרים אבל אף חבר אמיתי אחד...",1
"מתה על השיר הזה כרגע, anyway 🙌 😴",0
"אני מסים דברים שהתחלתי, בשביל שקט נפשי",1
כל בוקר אני קם עם הרגשה שמשהו נורא עומד לקרות 😂?!,1
"הכל מרגיש כבד ומיותר בזמן האחרון, random af",1
"omg, בטח שהפעם המבצע באמת משתלם...",0
"אחותי אני גמור, קמתי בשש בבוקר בשביל הטיסה הזאת 🔥.",0
אן לי כוח יותר בכלל 👍,1
בטח שהמנהל שם יזכור מה שהוא הבטיח 🥳,0
"vibes, מישהו יודע באיזה קו אוטובוס מגיעים למרכז. מה קורה, מה עשית היום!!",0
היא מתה על החתול החדש שלה 😂...,0
כל מה שאני כותב בקבוצה מקבל התעלמות מוחלטת..,1
"no cap, אני מת עליך כבר שנים, אחי הכי טוב שלי חח",0
"מרגיששש שכולם ממשיכים האה חוץ ממני. מרגיש בלתי נראה בעיני כולם, idk בנאדם לול",1
אני מרגיש חנוק כל פעם שיש עומס בלוח הזמנים 😎...,1
מישהו יודע מה השעות של הספרייה היום,0
אף אחדדד לא שם לב שאני שקט לגמרי בקבוצה 🙌?!,1
"יא חיים same, אם מחר לא אענה, אל תדאגו יותר מדי חההה 😴!!",1
כבר לא זוכר איך מרגיש להיות שמח נשמה??,1
בא לך לצאת לקפה מחר בצהריים,0
"תגידו לכולם שאני אוהב אותם, ליתר ביטחון לול!",1
"no cap, יש לי מחשבה שחוזרת כל לילה, לא בא לי לספר עליה..",1
"mood, היא מתה על השמלה הזאת, קנתה מיד hahaha...",0
בזמן האחרון אני פשוט לבד ברוב הזמן??,1
"fr, כל דבר מרגיש קשה מנשוא בזמן האחרון 😴!",1
"כמה מפתיע, שוב הרכבת מאחרת 🤣...",0
"low key, מרגיש שאני היחיד שאין לו עם מי לדבר חחחחח 😴 🥳..",1
אחי עברתי דירה חדשה ואין לי אף אחד להכיר פה ומ,1
"random af, כאילו זה באמת ישנה משהו בסוף 🥳 😅...",0
אני מתלבט אם לקנות רכב חדש או משומש 👌 😎!!,0
אני מרגיש שהעולם מתקקב עליי ואין לי לאן לברוח ❤️!!,1
מרגיש רחוק מכולם למרות שאני נמצא בחדררר מלא אנשים. מרגיש שאין לי אף אחד להתקשר אליו כשקשה לי חההג 😎?!,1
מתתי מצחוק מהסרטון הזה 👌 😂??,0
"היא מתה על השמלה הזאת, קנתה מיד, anyway",0
"נשמה אין לי ממש עם מי לחלוק את מה שאני מרגיש,,, literally 🥳??",1
אני עומד לפני האירוע ובטן שלי כבר קשורה בקשר 👍!!,1
מת על הזמר הזה מהאלבום החדש ✨.,0
"כאילו מישהו קורא את התנאים לפני שהוא לוחץ אישור, כאילו מישהו קורא תגובות בפייסבור ברצינות!",0
"אחי honestly, מישהו ראה את המשחק אתמול בלילה חחחחח.",0
יא חיים כאיו מישהו בכלל שם לב לפוליטיקאים האלה 🥳,0
"אני מבלה כל ערב מול ההמסך כי אין לי עם מי לצאת, anyway!!",1
יש לי תחושה שהכל יהיה יותר קל בלעדיי,1
"בטח שהאפליקציה הו לא אוספת עליי מידע, ברור. כן בטטח, המנוי הזה בטח לא יתייקר שוב בעוד חודש??",0
מת על הזמר הזה מהאלבום החדש 😅,0
"קניתי נעלייםםם חדשות היום, ממש נוחות חחח?!",0
"כל פעם שהטלפון מצלצל אני נכנס ללחץ, brro",1
"אמאלה רצחנו את המשחק הזה, ניצחנו בגדול חחחחח",0
"אני מסיים דברים שהתחלתי, בשביל שרט נפשי חההה 😎...",1
"נשמה מרגיש בלתי נראה בעיני כולם, יושב לבד בהפסקות שוב היום",1
"whatever, בואו נתארגן על טיול קטן בחודש הבא, ראיתי סרט ממש טוב אתמול בלילה?!",0
"טוב נו honestly, אני מתחיל קורס אונליין חדש השבוע לול 🙄...",0
בואו נתכנן ארוחת ערב משותפת בשבוע הבא טוב נו 🔥 ✨.,0
בואו נתארגן על טיול קטן בחודש הבש אחי לול!,0
"kinda, מרגיש שאני היחיד שאין לו עם מי לדבר ❤️ 🙄",1
לא בטוח שאנירוצה להיות פה מחר וכ!,1
הכל מרגיש כמו סוף של משהו ואני לא בטוח שאני רוצה שיהיה אחרת,1
"רצחתי את המבחן הזה, היה קל. היא הרגה את הריקוד הז, וואלה מדהימה hahaha..",0
חבר כל פעם שהטלפון מצלצל אני נכנס ללחץ וה,1
"ברור שהם ייגידו שזה 'לטובתנו', תמיד ככה טוב נו חחח?!",0
"יש לי מחשבה שחוזרת כל לילה, לא בא לי לספר עליה חחחח",1
אני לא אראה אתכם יותר חההה...,1
"יש לי גוש בבטן כל הזמן מרב דאגה, so done??",1
הוא הרג אותי בבדיחה הזאת 🥳,0
גבר לפני אאני נרדם אני חושב על כל מה שיכול להשתבש חח 🤣??,1
"כל דבר קטן מרגיש כמו הר גבוה בלתי אפשרי, ngl!!",1
"חבר אני מת על הף הזה, הכל שהוא מבשל מדהים 🙌?!",0
"random af, תגידו לכולם שאני אוהב אותם, ליתר ביטחון. אם הייתי נעלם היה משנה למישהו בכלל אחותי!!",1
כאילו זה באמת ישנה משהו בסוף חחח,0
לפני המבחן מחר אני כבר בפאניקקה מלאה 😏!,1
אף אחד לא שם לב שאני שקט לגמרי בקבוצה רוף ❤️,1
"בואו נצא לרטצה בבוקר מחר, קיבלתי היום חבילה שהזמנתי משבוע שעבר",0
בואו נתארגן על טיול קטן בחודש הבא...,0
"הכל אפור בזמן האחרוןן ואני לא מצליח להסביר למה, הפסקתי לצחוק אפיול מדברים שממש מצחיקים, vibes 🙄..",1
מה דעתך על הסדרה החדשה בנטפליקס 👌!,0
"anyway, אני מגיע לכיתה ומיד מתחיל לרעוד!!",1
"ברור שהמחירים שוב עעלו, מתי לא 😂...",0
אני לא אראה אתכם יותר haha.,1
מרגיש שאני האחרון שנודע לו על כל אירוע רוף 🙄 🙄,1
"like, התחלתי לתת דברים שאני אוהב לחברים שלי בלי סיבה?!",1
"מישהו הפיץ עליי שמועה והכיתה כולה הפסיקה לדבר איתי, period 😏",1
עשיתי סידורם כל הבוקר ועוד לא סיימתי 😴..,0
"אני מת עליך כבר שנים, אחי הכי טוב שלי!!",0
"יש הופעה טוה השבוע בעיר, בא לך לבוא",0
יש לי הרגשה שהסיפור שלי מתקרב לסוף חחח.,1
אני מרגיש כאילו יש קיר בינִי לבין כולם?!,1
כבר תפסתי את עצמי מסתכל למטה מהגג וחושב מחשבות מוזרות יא חיים!!,1
"בטח שהתחזית הזו תתאמת, כמו תמיד haha?!",0
"אין לי חשק לעשות שום דבר, אפילו לא לצאת מהחדר 😂 😂!!",1
וואלה לא נשאר לי כמעט אף אחד לדבר איתו 😏,1
כבר לא נהנה משום דבר בחיים שלי רוף 🤣,1
אני מרגיש שהעולם מתקרב עליי ואין לי לאן לברוח. מתחיל לפחד מדברים שבכלל לא הפחידו אותי פעם...,1
עשו לי אנפולואו קבוצתי אחרי המריבה ההיא!,1
"כן בטח, המנוי הזה בבטח לא יתייקר שוב בעוד חודש..",0
"אני מרגיש שהראש שלי לא מפסיק לרוץ, idk 🥱",1
"not gonna lie, אני מרגיש שהראש שלי לא מפסיק לרוץ",1
"כבר שעה אני בודק שוב ושוב שנעתי את הדלת, אני מזיע וידיים רועדות בלי שום סיבה",1
עשו לי בלוק בכל הקבוצות בלי הסבר 🔥??,1
"פתחו קבוצה חדשה בלי שאני שם, ראיתי אותה במקרה 😎",1
אני מרגיש שאני עומד להתמטט מרוב לחץ,1
"טוב נו מרגיש שהם עשו לי חרם בלי להגיד כלום, הוציאו אותי מהקבוצה בלי להגיד למה רוף!!",1
כתבתי מכתב פרידה ומחקתי אותו כמה פעמים חחחחח??,1
בכל אירוע אני מוצא את עצמי לבד בפינה??,1
"עשו ליבלוק בכל הקבוצות בלי הסבר ומ, mood!!",1
"גבר מה קורה, מה עשית היום.",0
אני מרגיש שהכל בשליטה חוץ מהראש שלי וי 😴 🙄.,1
לא בטוח שאני אהיה כאן בעוד חודש??,1
עשיתי סידורים כל הבוקר ועוד לא סיימתי??,0
אף אחד לא שם לב שאני נעלם מהקבוצה!,1
"אני חבר לא בטוח שיש טעם להמשיך להתאמץ, whatever 🙌...",1
"מרגיש מנותק מכולם, כאילו אני על אי אחר חח 😎 😴!!",1
"וואלה קניתי נעליים חדשות היום, ממש נוחות?!",0
אני מתחיל קורס אונליין חדש השבוע...,0
"מספיק, אני לא רוצה להילחם בזה יותר??",1
כתבו עליי דברים בקבוצה שלא ידעתי שקיימת חח 🤣...,1
אני מפחד לצאתמהבית היום?!,1
"תגידו לכולם שאני אוהב אותם, ליתר ביטחון 🙌??",1
אני גמור מצחוק מהתגובות בפוסט,0
אף אחד לא היה שואל אם הייתי נעלם ליום שלם 🥳!,1
"אני גמור מהיום הזה, כל כך עייף 😂",0
"יש הופעה טובה השבוע בעיר, בא לך לבוא 😎 👌",0
"tbh, הכל אפור בזמן האחרון ואני לא מצליח להסביר למה!",1
"מרגיש מנותק מכולם, כאילו אנייי על אי אחר",1
מרגיש שאני נופל יתר ויותר ולא מצליח לעצור. כל דבר קטן מרגיש כמו הר גבוה בלתי אפשרי 👌 🙄.,1
"הוא הרג אותי בבדיחה הזאת, lol 🙄..",0
"בטח שהתחזית הזו תתאמת, כמו תמיד וכ",0
"תשכחו ממנ,י זה יותר קל ככה, literally 😎",1
"וואלה בטח שהחברה הזו דואגת ללקוחות, סתם 🔥?!",0
יושב בבית בלד כל סופ״ש בזמן שכולם יוצאים אמאלה 😅,1
"like, אני גמור מהבחינה הזו מחר בנאדם חחחח ✨ 🤣",0
גבר אין טעם בכלוםכבר תקופה ארוכה 👍,1
"mood, כולם צוחקים עליי בקבוצה ואני לא מבין למה 🙌!!",1
"אני האחרון שנשאר בקבוצה שהחברים שלי עזבו בשקט, not gonna lie לול 😂 🤣!",1
"הפסיקו לענות לי בכלל בלי שום סיבה, fr LOL!!",1
יא חיים יש לי מחששבות שחוזרות שוב ושוב ולא נותנות לי מנווחה. יש לי התקף חרדה בעבודה ולא ידעתי איך להסתיר את זה!!,1
"טוב נו אתמול כתבתי הודעה ומחקתי אותה, זה כבר קרה כמה פעמים!!",1
אין לי אנרגיה אפילו לדברים שהכי אהבתי haha??,1
אין לי ממש עם מי לחלוק את מה שאני מרגיש וא...,1
יש לי תחושה שהכל יהיה יותר קל בלעדיי 😴,1
"fr, עשו לי בלוק בכל הקבוצות נלי הסבר ✨?!",1
לפני שאני נכנס לחדר עם אנשים אני כבר בהתקף. יש לי דופק גבוה בלי שום מאמץ פיזי חחחח...,1
"אי אפשר להירגע, המחשבת פשוט לא נעצרות hahaha ✨",1
"עוד מומחה שמסביר לי איך לחיות את החיים שלי, random af כול 👌 😎",0
לפני שאני נכנס לחדר עם אנשים אני כבר בהתקף... לפני שאני נרדם אני חושב על כל מה שיכול להשתבש וואלה??,1
"not gonna lie, הבכי בא לי משון מקום כל הזמן... לא מוצא סיבה לחייך בזמן האחרון חחחחח",1
כתבו עליי דברים בקבוצה שלא ידעתי שקיימת 🥳?!,1
כולם צוחקים עליי בקבוצה ואני לא מבין להמ חההה!!,1
טוב נו מתחיל לסדר לוודא שכולם יהיו בסדר בלעדיי.,1
אני לא מצליח לנשום כאילו העולם נופל עליי בנאדם!!,1
אם משהו יקרה לי אל תאשימו אף אחד... כבר לא רואה סיבה להמשיך ככה..,1
יש לי דופק גבוה בלי שום מאמץ פיזי 😏 🔥!!,1
אני גמור מצחקו מהתגובות בפוסט,0
"literally, מרגיש שאני סוחב את עצמי כל יום כמו משא חחחח.",1
"כן בטח, המנוי הזה בטח לא יתייקר שוב בעוד חודש לול?!",0
בטח שיש להם באמת כוונה לקן את זה. בטח שהפעם המבצע באמת משתלם 😏?!,0
"whatever, אוכל צהרייםםם לבד כבר שבוע שלם 👌...",1
אחותי יש לי מחשבות שחוזרות שוב ושוב ואל נותנות לי מנוחה 😂,1
"מת על הסדרה החדשה, חייב לראות עוד פק.",0
"מרגיש שכולם ממשיכים הלאה חוץ ממני, low key 🥳",1
קיבלתי היום חבילה שהזמנתי משבוע שעבר. מישהו ראה את המשחק אתמול בלילה 😴 🙄.,0
אחי כשאני צצריך לענות למישהו אני מנסח את הההודעה חמישים פעם לפני שאני שולח. יש לי פחד מוזר שמשהו רע עומד לקרות LOL.,1
"וואלה אני מבלה כל ערב מול המסך כי אין לי עם מי לצאת, high key",1
עוד מומחה שמסביר לי איך לחיות את החיים שלי 🙌 😂.,0
רצחתי אותו במשחק הלילה 👍 🥳?!,0
לא בטוח שאני אהיה כאן בעוד חושד חח 😴,1
"היום ביקשתי סליחה מכולם על הכל, סתם בשביל שיהיה, אולי כדאי שפשוט אני אעלם בשקט חחחח",1
"טוב נו מתחיל לסדר לוודא שכולם יהיו בסדר בלעדיי, lol!",1
מרגיש בלתי נראה בעיני כולם,1
הפסקתי לצחוק אפילו מדברים שממש מצחיקים חח..,1
"no cap, מספיק, אני לא רוצה להילחםם בזה יותר 😏!",1
טוב נו אם הייתי נעלם היה משנה למישהו בכלל 🥳,1
"לפני המבחן מחר אני כבר בפאניקה מלאה, like??",1
עוד שנה עוברת ושום דבר לא באמת משתנה יא חיים חחחחח 👌.,0
"ברוררר שהמחירים שוב עלו, מתי לא יא חיים 🥳..",0
"mood, ראיתי סרט ממש טוב אתמול בלילה LOL 😎...",0
"מה קורה, מה עשית היום haha 😏.",0
עברתי דירה חדשה ואין לי אף אחד להכיר פה. בזמן האחרון אני פשוט לבד ברוב הזמן 🙄?!,1
"period, היא מתה על החתול החדש שלה LOL??",0
"כפרה עליך תגידו לכולם שאני אוהב אותם, ליתר ביטחון 😴...",1
יש לי תחושה שהכל יהיה יותר קל בלעדיי... התחלתי לתת דברים שאני אוהב לחברים שלי בלי סיבה haha ❤️ 🙌?!,1
מרגיש שכולם מתחברים חוץ ממני ❤️ 😏..,1
כאילו מישהו קורא תגובות בפייסבוק ברצינות haha 👍,0
לא יוצא לי מהמיטה כבר כמעט שבוע??,1
"גמור לגמרי אחרי המשמרת הזאת, אבל שווה, רצחתי את זה בבחינה, קיבלתי מאה??",0
הפסקתיי לענות להודעות כי פשוט אין לי כוח. מרגיש שאני נופל יותר ויותר ולא מצליח לעצור,1
כפרה עליך כבר תפסתי את עצמי מסתכל למטה מהגג וחושב מחשבות מוזרות חח 😎.,1
מתה על השיר הזה כרגע לול 🥱??,0
"היא הרגה את הריקוד הזה, וואלה מדהימה, lwo key",0
"אני מת על הפרק האחרון, כתבו את זה מושלם 👌 😴!!",0
יושב בבית לבד כל סופ״ש בזמן שכולם יוצאים גבר ✨??,1
"ngl, הבטן שלי מתהפכת כל פעם שיש לי משהו חדש לעשות.",1
"so done, כתבתי הכל ביומן, למקרה שמישהו ירצה לדעת להמ...",1
"כל יום מרגיש בדיוק כמו קדם, אפור ומיותר?!",1
נבאדם כבר תפסתי את עצמי מסתכל למטה מהגג וחושב מחשבות מוזרות חחחח,1
"מרגיש מנותק מכולם, כאילו אני על אי אחר",1
"כל פעם שהטלפון מצלצל אני נכנס ללחץ, bro 🥱 🥱!!",1
"אתמול כתבתי הודעה ומחקתי אותה, זה כבר קרג כמה פעמים 🙄.",1
כאילו מישהו בכלל שם לב אם אני מגיב לפוסט הזה וכ חההה..,0
יש לי פחד מוזר שמשהו רע עומד לקרות 👍?!,1
"tbh, מישהו יודע באיזה קו אוטובוס מגיעים למרכז רוף",0
יש לי הרגשה שזו הפעם האחרונה שאני כותב לכם ככג חח,1
מרגיש שכולם מתחברים חוץ ממני ✨ 👍...,1
"random af, מרגיש שאני היחיד שאין לו עם מי לדברר!!",1
יא חיים כולם בקבוצה הזוגית ואני עדיין לבד בככל אירוע LOL,1
לפני המבחן מחר אני כבר בפאניקה מלאה. כבר שעה אני בודק שוב ושוב שנעלתיי את הדלת!!,1
כולם מתעלמים ממני בבית ספר כאילו אני לא קיים חחחחח 😏,1
"וואלה כתבו סטטורי שממש מכוון אליי ולא הזכירו אותי בשם, mood 😴",1
מרגשי שהחברים שלי שכחו שאני קיים 😏!,1
"וואלה לפני פגישה חשובה אני נכנס לפאניקה טוטאלית, אני מגיע לכיתה ומיד מתחיל לרעוד לול?!",1
"לפני המבחן מחר אני כבר בפאניקה מאלה, אי אפשר להירגע, המחשבות פשוט לא נעצרות!",1
יש לי הרגשה שזו הפעם האחרונה שאני כותב לכם ככה 👍...,1
"נשמה פשוט תחושה שכל רגע יכול לקרות משהו נורא, vibees.",1
אמאלה לפני שאינ נכנס לחדר עם אנשים אני כבר הבתקף חההה ✨,1
"אני מנסה מתכון חדש הערב, נראה איך יוצא 😴",0
"יושב בבית לבד כל סופ״ש בזמן שכולם יוצים, ikd טוב נו??",1
כולם מתעמלים ממני בבית ספר כאילו אני לא קייםםם לול?!,1
"אני מבלה כל ערב מול המסך כי אין לי עם מי לצאת, אף אחד לא שם לב שאני נעלם מהקבוצה חחח?!",1
"גבר בטח שהאפליקציה הזו לא אוספת עליי מטדע, ברור... כאילו זה באמץ ישנה משהו בסוף חח ✨",0
"אם מחר לא אענה, אל תדאגו יותר מדי ❤️ 🥳!",1
"עוד הבטחה של הממשלה, כאילו זה ישתנה פעם, בטח שהתחזית הזו תתאמת, כמו תמיד 🥳...",0
כל הלילה יושב לבד בחדר בלי אף אחד לדבר איתו וכ,1
"הוא ממש הרג את זה בהופעה, i mean חח",0
מתחיל להבים שאולי עדיף בלעדיי 😅,1
מרגיש שאני נפרד מכולם בלי שהם שמים לב 👍 🙄..,1
יש לי גוש בבטן כל הזמן מרוב דאגה!!,1
"kinda, שמו אותי בצד בטיול הכיתתי כיאלו אני לא קיים. מישהו הפיץ עליי שמועה והכיתה כולה הפסיקה לדבר איתי",1
מישהו הפיץ עליי שמועה והכיתה כולה הפסיקה לדבר איתי חחח!!,1
"אה כן, בטח שהפעם זה יהיה שוה חחחח...",0
"whatever, לא מוצא סיבה לחייך בזמן האחרון 😂?!",1
אין לי ממש למי לספר מה עובר עליי חבר!!,1
אולי פשוט לא כדאי שאני אהיה פה יותר!!,1
וואלה אני לגמרי גמור אחרי האימון הזה 😴 🥱..,0
"היא מתה על השמלה הזאת, קנתה מיד וא,low key בנאדם 👍??",0
מישהו מכיר מסעדה טובה בסביבה גבר רוף...,0
"רצחנו את המשחק הזה, ניצחנו בגדול 👍",0
"mood, נאי בודק את הטלפון כל שתי דקות בלי סיבה 🤣.",1
"הרגתי את השיעורי בית תוך עשר דקות, honestly חח...",0
נשמה מסתכל על החיים שלי כאילו הם כבר נגמרו.,1
"ברור שהפגישה תתחיל באייחור, כרגיל.",0
"צריך לתקן את המזגן, מישהו ממליץ על טכנאי, period!!",0
"מרגיש שכולם מתחברים חוץ ממני, like??",1
מה התוכניות שלך לסופ״ש 🥱,0
"בנאדם העולם ממש הולך להשתפר, בטח חחחח 👍 🥳..",0
"כמה מפתיע, שוב הרכבת מאחרת, literally 🤣??",0
אני חושב על אלף תרחישים רעים ולא מצליח להירגע בנאדם חח?!,1
"רצחתי את זה בבחינה, קיבלתי מאה 🥱..",0
הכל מרגיש כבד ומיותר בזמן האחרון 😴,1
הכל מרגיש כבד ומיותר בזמן האחרון 😅 🥱..,1
מישהו יודע באיזה קו אוטובוס מגיעים למרכז כפרה עליך...,0
אני מרגיש שאני עומד להתמוטט מרוב לחץ,1
"קניתי רכטיסים למופע בחודש הבא, מי בא 👍..",0
מרגיש שאין לי אף אחד להתקשר אליו כשקשה לי אמאלה 👍!,1
יש לי הרגשה שזו העם האחרונה שאני כותב לכם ככה חח!!,1
"kinda, כל הילה יושב לבד בחדר בלי אף אחד לדבר איתו!",1
אין לי וכח יותר בכלל חחחח 🤣,1
יא חיים כאילו מישהו קורא את התנאים לפני שהוא לוחץ אישור LOL?!,0
יש לי פחד מוזר שמשהו רע עומד לקרות 😴,1
"כן בטח, המנוי הזה בטח לא יתייקר שוב בעד חודש וב אמאלה.",0
עשו לי אנפולואו קבוצתי אחרי המריבה ההיא hahaha...,1
"היום ביקשתי סליחה מכולם על הכל, סתם בשביל שיהיה חחחח",1
"אה כן, בטח שהפעם זה יהיה שונה 😅 👌",0
אני חושב על אלף תרחישים רעים ולא מצליח להירגע.,1
אולי זה יהיה יותר טוב לכולם ככה ❤️,1
"vibes, כל בוקר אני קם ולא מין בשביל מה חההה!",1
כבר תפסתי את עצמי מסתכל למטה מהגג וחושב מחשבות מוזרות רוף,1
בכל אירוע אני מוצא את עצמי לבד בפינה 😂!!,1
"הכל אפור בזמן האחרון ואניי לא מצליח להסביר למה, no cap hahaha 😂 🥱",1
כבר לא זוכר איך מרגיש להיות שמח. לא יוצא לי מהמיטה כבר כמעט שבוע,1
מרגישש ריק לגמרי בפנים חח??,1
אתם לא תצטרכו לדאוג לי בקרוב!!,1
"כן בטח, המוני הזה בטח לא יתייקר שוב בעוד חודש??",0
אני לא ארראה אתכם יותר?!,1
אני מתלבט אם לקנות רכב חדש או משומש חחחח!,0
"טוב נו כולם בקבוצה הזוגית ואני עדיין לבד בכל אירוע, mood 🙌.",1
אני מרגיש שהעולם מתקרב עליי ואין לי ללאן לברוח לול 🥳 🥳!,1
כלם צוחקים עליי בקבוצה ואני לא מנין למה רוף..,1
"יש הופעה טובה השבוע בעיר, בא לך לבוא חההה",0
כולם מתעלמים ממני בבית סר כאילו אני לא קיים וה 🙄.,1
כל בוקק אני קם ולא מבין בשביל מה haha!,1
"קניתי כרטיסים למופע בחודש הבא, מי בא, ראיתי סרט ממש טובאתמול בלילה 🔥?!",0
"מישהו ראה את המשחק אתמול בלילה,, tbh נשמה חההה 🔥 🥱!!",0
גבר כל החברים שלי עסוקים ולי אין עם מי לבלות 🙄 👌??,1
אף אחד לא היה שואל אם הייתי נעלם ליום שלם גבר!,1
אני לא אראה אתכם יותר 😂.,1
כאיילו אני מדבר לקיר כל פעם שני כותב למישהו ומ חבר 🥳??,1
"אני מנסה מתכון חדדש הערב, נראה איך יוצא יא חיים!",0
יש לי מחשבות שחורות שוב ושוב ולא נותנות לי מנוחה,1
"mood, ברור שהמחירים שוב עלו, מתי לא 😂...",0
מישהו יודע איפה אפשר להזמין פיצה טובה באזזור חח 😂 😅??,0
"lol, אני גמור, קמתי בשש בבוקר בשביל הטיסה הזאת חההה",0
אני מתלבט אם לקנות רכבבב כדש או משומש חההה..,0
אני מפחד לצאת מהבית היום 😎??,1
"אני גמור מהבחינה הזו מחר, not gonna lie??",0
"אני בודק את הטלפון כל שתי דקות בלי סיבה, פשוט תחושה שכל רגע יכול לקרות משהו נורא",1
מרגיש שכולם מתחברים חוץ ממינ.,1
"כל החברים שלי עסוקים וי אין עם מי לבלות, honestly..",1
נשמה אין לי כוח יותר בכלל 👍??,1
מרגיש שהצבע נעלם מהכל בזמן האחרון...,1
"אתמול כתבתי הודעה ומחקתי אותה, זה כבר קהר כמה פעמים!",1
"אמאלה אני גמור מצחוק מהתגובות בפוסט... אני מת עליך כבר שנים, אחי הכי טוב שלי 🙌",0
אף אחד לא ענה לי כשביקשתי עזרה בפרויקט קבוצתי?!,1
עשו לי בלוק בכל הקבוצות בלי הסבר יא חיים,1
מתה על השיר הזה כרגע...,0
מרגיש שהם עשו לי חרם בלי להגיד כלום 👌,1
"יא חיים בח שהחדשות הפעם אמינות, כרגיל, like!!",0
"אני מפחד לצאת מהבית היום, anyway",1
"ממוכר את הדבריםםם שכי אהבתי, פשוט לא צריך אותם יותר haha 🙌 🥳...",1
כל אימייל שאני מקבל מהבוס מרגיש כמו אים קיומי אחותי חחחחח 🥱 🤣??,1
"honestly, מה יקרה אם פשוט אחד הימים אני לא אקום בבוקר חההה 😅 🙌",1
הלב שלי דופק חזק ואני לא מבין למה..,1
מה דעתך על הסדרה החדשה בנטפליקס 🔥!!,0
נשמה כבר לא נהנה משום דבר בחיים שלי??,1
אני מרגיש שהראש שלי לא מפסיק לרוץ??,1
מתחיל לסדר לוודא שכלום יהיו סבדר בלעדיי. כבר הפסקתי לתכנן דברים לעתיד,1
חבר רק רציתי להגיד תודה למי שהיה שם בשבילי וכ.,1
מרגיש ריקנות מוזרה שלא עוזבת אותי 🥱!!,1
"בטח שהמנהל שם יזכור מה שהוא הבטיח, lol!",0
ראיתי סרט ממשש טוב אתמול בלילה חחח,0
"לא מזמינים אותי יותר לשום דבר, כל מה שאני כותב בקבוצה מקבל התעלמות מוחלטת??",1
"chill, הכל מרגיש כבד ומיותר בזמן האחרון וא",1
"אני מרגיש שאני חי במצב של דריכות כל הזמן, אני מזיע וידיים רועדות בלי שום סיבה?!",1
"לפני שאני נרדם אני חושב על כל מה שיכול להשתבש, אני מרגיש חנוק כל פעם שיש עומס בלוח הזמנים??",1
חשבתי הרבה על מה יקרה אם פשוט אני אפסיק 😅...,1
יש לי התקף חרדה בעבודה ולא ידעתי איך להסתיר את זה רוף ✨...,1
"אני גמור מהיום הזה, כל כך עייף... רצחת את זה בהופעה הערב, וואו, literally 😴..",0
"גבר אני גמור, קמתי בשש בבוקר בבשיל הטיסהה הזאת",0
"bro, מרגיש שאן לי אף אחד להתקשר אליו כשקשה לי?!",1
"מתתי על הצילומים מהטיול, no cap..",0
"עוד יום עוד פקק, איזו הפתעה!",0
כאילו זה באמת ישנה משהו בסוף 👍...,0
"פתחו קבוצה חדשה בלי שאני שם, ראיתי אותה במקרה... מרגיש שכולם מתחברים חוץ ממני..",1
"תגידו לכולם שאני אוהב אותם, ליתר ביטחון 🙌!",1
"אני גמור מהיום הזה, כל כך עייף גר 😏!",0
יורד גשם בטירוף בחוץ עכשיו חבר.,0
מתתי מצחוק מהסרטון הזה. רצחתי אותו במשחק הלילה.,0
מה דעתך על הסדרה החדשה בנטפליקס 👍,0
כתבו עליי דברים בקובצה שלא ידעתי שקיימת..,1
"אני גמור, קמתי בשש בבוקר בשביל הטיסה האת!",0
"לא הצלחתי להתקלח כבר כמה ימים, פשוט אין כוח. מרגיש שהצבע נעלם מהכל בזמן האחרון!!",1
כאילו אני מדבר לקיר כל פעם שאני כותב למיהו 😎.,1
גבר לפני המבחן מחר אני כבר בפאניקה מלאה!,1
הלב שלי דופק חזק ואני לא מבין לה ❤️!!,1
ממתים על המסעדה החדשה שנפתחה ליד הבית 😂,0
"ברור שהפגישה תתחיל באיחור, כרגיל 👌",0
"chill, אני מרגיש שאני חי במצב של דריכות כל הזמן ול..",1
מרגיש כאילו יש ענן שחור מעליי כל הזמן hahaha 😎...,1
מתחיל לפחד מדברים שבכלל לא הפחידו אותי פעם haha...,1
אחי לא מזמינים אותי יותר לשום דבר,1
"whatever, מה יקהר אם פשוט אחד הימים אני לא אקום בבוקר",1
אחותי יש לי הרגשה שאני עומד להיכשל בכל דבר שאני עושה היום לול 👌??,1
הפסיקו לענות לי בכלל בלי שום סיבה אמאלה חחח??,1
יש לי התקף חרדה בעבודה ולא ידעתי איך להסתיר את זה חחחח 🙌,1
טוב נו כל בוקר אני קם עם הרגשה שמשהו נורא עומד לקרות 😴,1
מרגיש שכולם מתרחקים ממני בכוונה?!,1
"omg, קניתי כרטיסים למופע בחודש הבא, מי בא 😏",0
כאילו מישהו בכלל שם לב אם אני מגיב לפוסט הזה,0
"היא מתה על השמלה הזאת, קנתה מיד... אני גמור, קמתי בשש בבוקר בשביל הטיסה הזאת!",0
אולי כדאי שפשוט אני אעלם בשקט...,1
אם משהו יקרה לי אל תשימו אף אחד ✨,1
אי חושב יותר ויוותר על זה שלא להיות פה 👍!!,1
לא רוצה להיות נטל על אף אחד יותר רוף ❤️ 👌!,1
אוכל צהריים לבד כבר שבוע שלם 🔥 🥳?!,1
אני מת על הריח של קפה בבוקר אחותי חחחחח...,0
אף אחד לא כתב לי כבר שבועיים כפרה עליך...,1
יורד גשם בטירוף בחוץ עכשיו ומ 🥳,0
"וואלה so done, יש לי גוש בבטן כל הזמן מרוב דאגה חחח 😂!",1
אני צריך לקנות מץנה לים הולדת של אחי חח,0
לא בטוח שאני רוצה להיות פה מחר 😴...,1
נותןן את החפצים שלי לאנשים כי ממילא לא אצטרך אותם?!,1
"lol, לא בטוח שאני רוצה להיות פה מרח",1
"no cap, בזמן האחרון אני פשוט לבד ברוב הזמן אחי 😎",1
"נשמה לא רוצה להיות נטל על אף אחד יותר, no cap חחחח!",1
אני לא אראה אתכם יותר ומ..,1
"כן בטח, המנוי הזה בטח לא יתייקר שוב בעוד חודש 😏!",0
יש לי הרגשה שהסיפור שלי מתקרב לסוף חבר?!,1
קיבלתי היום חבילה שהזמנתי משבוע שעבר... שני חושבבב להחליף עבודה בקוב 🙌 😎,0
"אני גמור מהיום הזה, כל כך עייף וואלה LOL",0
יש לי הרגשה שאני עומד להיכשל בכל דבר שאני עושה היום 🙄!!,1
"אני חושב יותר ויותר על זה שלא להיות פה, אין לי כוח יותר בכלל לול",1
אני האחרון שנשאר בקבוצה שהחברים שלי עזבו בשקט ומ...,1
"מתחיל לפחד מדברים שבכלל לא הפחידו אותי פעם, literally חחחח ❤️??",1
מריש כאילו יש ענן שחור מעליי כל הזמן.,1
"טוב נו anyway, מרגיש שכל הכיתה נגדי בזמן האחרון לול",1
"אולי זה יהיה יותר טוב לכולם ככה, low key🙌 🙌",1
אני חושב להחליף עבודה בקרוב לול 😏!!,0
כשאני צריך לענות למישהו אני מנסח את ההודעה חמישים פעם לפני שאני שלח ✨.,1
"בטח שהתחזית הזו תתאמת, כמו תמיד חח 🥱!!",0
"tbh, לפני פגישה חשובה אני נכנס לפאניקה טוטאלית 🔥",1
"מוכר את הדברים שהכי אהבתי, פשוט לא צריך אותם יותר!",1
נותן את החפצים שלי לאנשים כי ממילא לא אצטרך אותם חההה 😏,1
כל בוקר אני קם עם הרגשה שמשהו נורא עומד לקרות 😴 ❤️!,1
לא ישנתי כל הלילה מרוב מחשבות טורדניות חחחחח?!,1
"היא הרגה את המבחן הזה, מאה ועשר 🥱 👌..",0
נשמה כל אטמייל שאני מקבל מהוס מרגיש כמו איום קיומי. נאי מרגיש שהעולם מתקרב עליי ואין לי לאן לברוח חח 😂...,1
"פתחו קבוצה חדשה בלי שאני שם, ראיתי אותה במקרה חההה ✨...",1
"kinda, כאילו מישהו קורא תגובות בפייסבוקקק ברצינות... כאלו מישהו בכלל שם לב לפוליטיקאים האלה 😏",0
אין לי ממש עם מי לחלוק את מה שאני מרגיש hahaha,1
"קניתי נעליים חדשות היום, ממש נוחות",0
כבר לא רואה סיבה להמשיך ככה לול 🤣 ❤️,1
מרגיש שהם עשו לי חרם בבלי להגיד כלום...,1
"כל היום עובר בלי שאף אחד יגיד לי מילה וא, period חחחח ❤️..",1
יש לי תחושה שהכל יהיה יותר קל בלעדיי 👍?!,1
עשו לי אנפולואו קבוצתי אחרי המריבה ההיא...,1
לא מוצא סיבה לחייך בזמן האחרון ✨?!,1
מת על הזמר הזה מהאלבום החדש 👌??,0
"tbh, פתחו קבוצה חדשה בלי שאני שם, ראיתי אותה מבקרה חההה!",1
"ngl, לפני שנאי נכנס לחדר עם אנשים אני כבר בהתקף",1
"תגידו לכולם שאני אוהב אותם, ליתר ביטחון 🤣...",1
אני מרגיש שאני עומד להתמוטט מרוב לחץ LOL,1
"היא הרגה את המבחן הזה, מאה ועש, high key 😎 ✨",0
"idk, אני כבר לא בטוח שיש טעם הלמשיך להתאמץ 👌 👍...",1
"מספיק, אני לא רוצה להילחם בזה יותר...",1
נשמה אני עומד לפנני האירוע ובטן שלי כבר קשורה בקשר?!,1
"היא מתה על השמלה הזאת, קנתה מיד, מתתי על הצילומים מהטיול 😎 😂",0
ממישהו הפיץץץ עליי שמועה והכיתה כולה הפסיקה לדבר איתי?!,1
"אני מת עליך כבר שנים, אחי הכי טוב שלי חחח.",0
"אני מרגיש שהכל בשליטה חוץ מהראש שלי, like haha?!",1
"אתם לא תצטרכו לדאוג לי בקוב, same??",1
"לא הצלחתי להתקלח כר כמה ימים, פשוט אין כוח חח 🙄!!",1
"גמרתי אותו בשש-בש הערב, bro 👌",0
"בנאדם so done, כתבתי מכתב פרידה ומחקתי אותו ככמה פעמים חחחח",1
כוםל בקבוצה הזוגית ואני עדיין לבדבכל אירוע רוף!!,1
הראש שלי מפוצץ ממחשבות ולא מצליח לעצור אותן בנאדם..,1
"עוד הבטחה של הממשלה, כאילו זה ישתנה פעם",0
כל פעם שהטלפון מצלצלל אני נכנס ללחץ. אני מרגיש שאני חי במצב של דריכות כל הזמן??,1
"כל אימייל שאני מקבל מהבוס מרגיש כמו איום קיומי, bro 👍 😏!",1
אף אחד לא שם לב שאני שקט לגמרי בקבוצה... יושב בבית לבד כל סופ״ש בזמן שכולם יוצאים לול ✨..,1
"כל בוקר אני קם עם הרגשה שמשהו נורא עומד לקרות, אני עומד לפני האירוע ובטן שלי כבר קשורה בקשר hahaha 😎",1
"יש לי תחושה שמשהו נוראי עומד לקרות היום, ממש לא מצליח להירגע, anyway",1
כאילו למישהו אכפת מה קורה בעבודה שלי hahaha,0
אני עצוב כבר שבועות בלי שום סיבה ברורה 😂 🙌,1
יש לי התקף חרדה בעבודה ולא ידעתי איך להסתיר את זה חח,1
בואו נתכנן ארוחת ערב משותפת בשבוע הבא וואלה?!,0
מרגיש שהחברים שלי שכחו שאני קיים!!,1
אף אחד לא היה שואל אם הייתי נעלם ליום שלם...,1
התחלתי לתתת דברים שאני אוהב לחברים שלי בלי סיבה חההה!,1
"יש לי דופק גבוה בלי שום מאמץ פיזי, high key נשמה.",1
טוב נו כתבתי מכתב פרידה ומחקתי אותו כמה פעמים!,1
"תגידו לכולם שאני אוהב אותם, ליתר ביטחון??",1
אני חושב על אלף תרחישים רעים ולא מצליח להירגע 🙄...,1
כל החברים שלי עסוקים ולי אין עם מי לבלות,1
מרגיש שאני האדם הכי בודד שאני מכיר hahaha 🥱!,1
כפרה עליך מרגיש שהם עשו לי חרם בלי להגיד כלום 🔥,1
הכל אפור בזמן ההאחרון ואני לא מצליח להסביר למה 👍!!,1
"מתתי על הצילומים מהטיול, nottt gonna lie 😴 🙌...",0
"עוד ישיבת צוות שיכלה להיות מייל של שתי שורות וב, omg??",0
טוב נו אני לא מצליח להתרכז כי הלב שלי פשוט לא נרגע??,1
יא חיים אף אחד לא שם לב שאני שקט לגמרי בבוצה וכ!!,1
"כשאני צריך לענות למישהו אני מנסח את ההודעההה חמישים פעם לפני שאני שולח, honestly LOL 🙌..",1
בטח שהפעם המבצע באמת משתלם LOL??,0
"מרגיש שכולם מתחברים חוץ ממני, high key..",1
"הוא הרג אותי בבדיחה הזאת, מתה על השירר הזה כרגע כפרה עליך 🥱 🙌??",0
"לפני שאני רנדם אני חושב על כל מה שיכול להשתבש, i mean 🔥?!",1
מרגיש שכולם מתרחקים ממני בכוונה LOL,1
בנאדם מתתי על הצילומים מהטיול 😏 😴.,0
אף אחד לא ענה לי כשביקשתי עזרה בפרויקט קבוצתי.,1
"מסתכל על החיים שלי כאילו הם כבר נגמרו, fr!!",1
לא יוצא לי מהמיטה כבר כמעט שבוע ✨ 🥱..,1
מסתכל על החיים שלי כאיו הם כבר נגמו LOL 🤣 🙌?!,1
"נשמה מרגיש שכל הכיתה נגדי בזמן האחרון, so done 🤣",1
"יושב בבית לבד כל סופ״ש בזמן שכולם יוצאים, עברתי דירה חדשה ואין לי אף אחד להכיר פה LOL..",1
"גר בטח שהאפליקציה הזו לא אוספת עליי מידע, ברור, ngl חחח..",0
"honestly, אני צריך לקנות מתנה ליום הולדת של אחי",0
אף אחד מהכיתה לא בוחר אותי לקבוצה בשום פרויקט,1
קיבלתי היום חבילה שהזמנתי משבוע שעבר טוב נו hahaha...,0
"kind, כל דבר קטן מרגיש כמו הר גבוה בלתי אפשרי..",1
ראיתי סרט ממש טוב אתמול בלילה...,0
מרגיש שאף אחד לא באמת מכיר אותי חחחחח!,1
"chill, מרגיש שאף אחד לא באמת מכיר אותי",1
מרגיש שהחברים שלי שכחו שאני קיים יא חיים חההה ❤️,1
"פשוט רוצה שזה כבר ייגמר, כבר לא כותב תוככניות קדימה כי אין לי למה 😎!",1
"אני מנסה מתכון חדש הערב, נראה איך יוצא 👍.",0
"אף אחד לא היה שואל אם הייתי נעלם ליום שלם, honestly??",1
אני לא אראה אתכם יותר??,1
"low key, הוא הרג אתי בבדיחה הזאת",0
"אי אפשר להירגע, המחשבותתת פשוט לא נעצרות?!",1
כל פעם שהטלפון מצלצל אני נכנס ללחץ...,1
חשבתי הרבה על מה יקרה אם פשוט אני אפסיק חח ✨.,1
אין טעם בכלום כבר תקופה ארוכה 🥳,1
"no cap, יש הופעה טובה השבוע בעיר, בא לך לבוא!",0
"עוד הבטחה של הממשלה, כאילו זה ישתנה פעם 👍",0
"anyway, טבח שהחברה הזו דואגת ללקוחות, סתם.",0
"אני בודק את הטלפון כל שתי דקות בלי סיבה. אני עומד לפני האירוע ובטן שלי כבר קשורהבקשר, omg..",1
מרגיש ריק לגמרי בפנים hahaa..,1
"אחי בטח שהפעם המבצע באמת משתלם, idk hahaha?!",0
יש לי כאלה הרבה כמרים אבל אף חבר אמיתי אחד...,1
חבר מרגיש שאני נעלם ואף אחד בכלל לא ישים לב ✨,1
מישהו הפיץ עליי שמועה והכיתה כולה הפסיקה לדבר איתי 👌!,1
אחי מתה על השיר הזה כרגע!,0
"אני לא מצליח להתרכז כי הלב שלי פשוט לא נרגע, literally חחח 😂.",1
"יש לי מחשבה שחוזרת כל לילה, לא בא לי לספר עליה",1
"חבר מוכראת הדברים שהכי אהבתי, פשוטטט לא צריך אותם יותר",1
"מסתכל על החיים שלי כאילו הם כבר נגמרו, אני לא אראה אתכם יותר 🙌..",1
כל מה שאני כותב בקבוצה מקבל התעלמות מוחלטת וש 👍??,1
אף אחד לא שם לב שאני שקט לגרמי בקבוצה.,1
מה למדת היום באוניברסיטה... בואו נתארגן על טיול קטן בחודש הבא haha 🤣??,0
בזמן האחרון אני פשוט לבד ברוב הזמן 😴!!,1
"גבר שמו אותי בצד בטיול הכיתתי כאילו אני לא קיים, honestly רוף?!",1
"בטח שהאפליקציה הזו לא אוספת עליי מידע, ברור 😴 😂!",0
"high key, ברור שהפגישג תתחיל באיחור,,, כרגיל חההה 👌.",0
"אה כן, בטח שהפעם זה יהיה שונה 👍 👌...",0
אני מרגיש שאני עומד להתמוטט מרוב לחץ 🥳 🔥..,1
כבר לא נהנה משום דבר בחיים שלי חההה ✨ ✨?!,1
"אם לא תשמעו ממני, תתדעו שניסיתי כמה שיכולתי חחחח!",1
"כתבתי לכולם שאני אוהב אותם היום בלי סיבה מיוחדת, same חבר..",1
עוד מומחה שמסביר לי איך לחיות את החיים שלי רוף 🙄!,0
אני מתחיל קורס אונליין חדש השבוע.,0
לא מוצא סיבה לחייך בזמן האחרון חחחח!!,1
"אי אפשר להירגע, המחשבות פשוט לא נעצרות כפרה עליך חההה...",1
עשו לי בלוק בכל הקבוצות בלי הסבר.,1
מישהו ראה את המשחחק אתמול בלילה אחותי רוף,0
אוכל צהריים לבד ככבר שבוע שלם 🔥!,1
"vibes, אני בוק את הטלפון כל שתי דקות בלי סיבהה 😏 👍.",1
אין לי ממש למי לספר מה עובר עליי וכ 😎!!,1
אני עצוב כבר שבועות בלי שום סיבה ברורה לול,1
"גמור לגמרי אחרי המשמרת הזאת, אבל שווה. מת על הפיצה הזאת אחי, period 🤣??",0
מרגיש שאני שוקע יותר ויותר וא רואה יציאאה כפרה לעיך!,1
"אם לא תשמעו ממני, תדעו שניסיתי כמה שיכולתי רף ❤️??",1
אני צריך להתחיל להתאמן שוב ברצינות רוף!!,0
"בא לך לצאת לקפה מחר בצהריים וי, vibes??",0
"נשמה הבטן שלי מתהפת כל פעם שיש לי משהו חדש לעשות, random af חחחחח 🤣??",1
אני כבר לא בטוח שיש טעם להמשיך להתאמץ 😴,1
כאילו מישהו קורא תגובות בפייסבוק ברצינות 🔥,0
"period, שמו אותי בצד בטיול הכיתץי כאילו אני לא קיים 😏?!",1
"anyway, שמו אותי בצד בטיול הכיתתי כאילו אני לא קיים!",1
"vibes, בזמן האחרון אני פשוט לבד ברוב הזמן hahaha!",1
"פתחו קבוצה חדשה בלי שאני שם, ראיתי אותה במקרה... אף אחד לא ענה לי כשביקשתי עזרה בפרויקט קבוצתי 😎",1
לא מזמינים אותי יותר לשום דבר 😏,1
"אחותי התחלתי לתת דברים שאני אוהב לחברים שלי בלי סיבה, bro...",1
אני עומד לפני האירוע ובטן שלי כבר קשורה בקשר... יש לי פחד שמשהו רע יקרהה למישהו שאני אוהב..,1
"בנאדם יש לי מחשבה שחוזרת כל לילה, לא בא לי לספר עליה!",1
אולי זה יהיה יותר טוב לכולם ככה 🙄 👍,1
"יש לי הרגשה שהסיפור שלי מתקרב לסוף, whatever..",1
"omg, מרגיש שהצבע נעלם מהכל בזמן האחרון 😂.",1
כולם בקבוצה עזבו אותי בלי הסבר וה??,1
"omg, כל מה שאני כותב בקבוצה מקבל התעלמות מוחלטת חח 😂..",1
"fr, אין לי ממש עם מי לחלוק את מה שאני מרגיש וכ..",1
גבר לא נשאר לי כמעט אף אחד לדבר איתו 👌,1
יש לי הרגשה שהסיפור שי מתקרב לסוף.,1
"מישהו רוצה לבוא איתי לחדר בריחה בסףו השבוע, ngl 😎.",0
"בכל פעם שאני מנסה להתקרב למישהו זה נגמר בכלום, like..",1
אף אחד לא כתב לי כבר שבועיים,1
מרגיש רחוק מכולם למרות שאני נמצא בחדר מלא אנשים ✨,1
כבר תפסתי את עצמי מסתכל למטה מהגג וחושב מחשבות מוזרות טוב נו LOL?!,1
כפרה עליך אני מפחד לצאת מהבית היום 😂??,1
כבר תפסתי את עצמי מסתכל למטה מהגג וחשב מחשבות מוזרות. אני לא אראה אתכם יותר 👍,1
"וואלה כמה מפתיע, שוב הרכבת מאחרת!!",0
אין לי ממש עם מי לחלוק את מה שאני מריש...,1
אנני לגמרי גמור אחרי האימון הזה LOL 🙄...,0
אני לגמרי גמור אחרי האימון הזה,0
"גבר כאילו מישהו בכלל שם לב לפוליטיקאים האלה, vibes",0
"i mean, כברר תפסתי את עצמי מסתכל למטה מהגג וחושב מחשבות מוזרות!",1
הוא הרג אותי בבדיכה הזאת!,0
הם עושים כאילו אני אוויר כשאני נכנס לחדר!!,1
"כל הברים שלי הפסיקו לדבר איתי פתאום, nl ✨!!",1
אני חושב יותר ויותר על זה שלא להיות פה haha 🙄,1
מה דעתך על הסדרה החדשה בנטפליקס..,0
אם משהו יקרה לי אל תאשימו אף אחד בנאדם?!,1
"אני מנסה מתכון חדש הערב, נראה איך יוצא חחחח 🤣",0
מה התוכניות שלך לסופ״ש??,0
מרגיש שכולם ממשיכים הלאה חוץ ממני 😂...,1
"low key, אני מרגיש חנוק כל פעם שיש עומס בלוח הזמנים. אני בודק את הטלפון כל שתי דקות בלי סיבה חח..",1
אני לגמרי גמור אחרי האימון הזה 👌 😎?!,0
"ngl, אי מרגיש כאילו יש קיר בינִי לבין כולם.",1
אני האחרון שנשאר בקבוצה שהחברים שלי עזבו בשקט חחח 👌.,1
מישהו וידע איפה אפשר להזמין פצה טובה באזור. מה למדת היום באוניברסיטה חההה!,0
"tbh, מרגיש שאף אחד לא באמת מכיר אותי!",1
כבר הפסקתי לתכנן דברים לעתיד 🙌!,1
"מספיק, אני לא רוצה להילחם בזה יותר 🥳!",1
"ברור שהמחירים שוב עלו, מתי לא",0
וטב נו יש לי הרגשה שהסיפור שלי מתקרב לסוף 🥱!,1
"vibes, אי אפשר להירגע, המחשבות פשוט לא נעצרות, כבר שה אני בודק שוב ושוב שנעלתי את הדלת 🤣...",1
"הוציאו אותי מהקבוצה בלי להגיד למה, vbes.",1
"אם מחר לא אענה, אל תדאגו יותר מדי.",1
לא מוצא סיבה לחייך בזמן האחרון אחי חחחח,1
"אתמול כתבתי הודעה ומחקתי אותה, זה כבר קרה כמה פעמים, bro 😎.",1
בנאדם אני עומד לפני האירוע ובטן שלי כבר קשורה בקשר hahaha 👍!!,1
"כל החברים שלי עסוקים ולי אין עם מי לבלות וי, anyway?!",1
אחי בכל אירוע אני מוצא את עצמי לבד בפינה...,1
"כבר תפסתי את עצמי מסתכל למטה מהגג וחושב מחשבות מוזרות, literally חח!",1
"מת על הסדרה החדשה, חייב לראות עוד פרק ❤️ 🤣?!",0
אין טעם בכלום כבר תקופה ארוכה. כבר לא זוכר איך מרגיש להיות שמח בנאדם 🔥...,1
אמאלה מתתי מצחוק מהסרטון הזה 😴!!,0
בנאדם מרגיש שאני האדם הכי בודד שאני מכיר,1
"רצחת את זה בהופעה הערב, וואו 🙌 🤣",0
בכל פעם שאני מנסה להתקרב למישהו זה נגמר בכלום כפרה עליך hahaha??,1
הלב שלי דופק חזק ואני לא מבין למה 😏??,1
"עוד הבטחה של הממשלה, כאילו זה ישתנה פעם...",0
"tbh, עוד מומחה שמסביר לי איך לחיות את החיים שלי ✨",0
מרגיש רחוק מכולם למרות שאני נמצא בחדר מלא אנשים. מרגיש שאין לי אף אחד להתקשר אליו כשקשה לי,1
כל הלילה יושב לבד בחדר בלי אף אחד כדבר איתו חחחחח,1
"הוציאו אותי מהקבוצה בלי להגיד למה. מרגיש שהם עשו לי חרם בלי להגיד כלום, not gnna lie ✨",1
מה יקרה אם פשוט אחד הימים אני לא אקום בבוקר חחחחח 🔥??,1
מרגיש שאני צופה בבחיים שלי מבחוץ בלי להיות באמת נוכח!,1
"כן בטח, המנוי הזה בטח לא יתייקר שוב בעוד חודש",0
"מרגיש רחוק מכולם למרות שאני נמצא בחדר מלא אנשים, tbh 🥱 👍",1
"רצחתי את המבחן הזה, היה קל 🙄!!",0
"כאילו מישהו קורא את התנאים לפני שהוא לוחץ אישור, anyway..",0
"עוד פרסומת שמבטיחה עולם טוב יותר, נו באמת..",0
"chll, לא בטוח שאני אהיה כאן בעוד חודש, מתחיל להבין שאולי עדיף בלעדיי hahaha!",1
יש לי תחושה שהכל יהיה יותר קל בלעדיי...,1
"לא מזמינים אותי יותר לשום דבר. הויאו אותי מהקבוצה בלי להגיד למה, high key 🥱!!",1
מרגיש רחוק מכולם למרות אשני נמצאאא בחדר מלא אנשים...,1
"מחקו אותי מהצ׳אט הכיתתי בלי שאני יודע למה, period טוב נו?!",1
מתתי מצחוק מהסרטון הזה?!,0
כאילו מישהו קורא תגובות בפייסבוק ברצינות haha?!,0
"אני מסיים דברים שהתחלתי, בשביל שקט נפשי",1
קיבלתי היום חבילה שהזמנתי משבוע שעבר.,0
מתחיל לפחד מדברים שבכל לא הפחידו אותי פעם. יש לי הרגשה שאני עומד להיכשל בכל דבר שאני עושה היום??,1
"vibes, רצחת את זה בהופעה הערב, וואו ומ?!",0
אני שולח הודעות ואף אחד לא עונה יותר חחחחח 😅 ✨,1
אני עומד לפני האירוע ובטן שלי כבר קשורה בקשר.,1
כל מה שאני כותב בקבוצה מקבל התעלמות מוחלטת 😅,1
"כן בטח, המנוי הזה בטח לא יתייקר שוב בעוד חודש..",0
"כבר הפסקתי לתכנן דברים לעתיד, כבר לא רואה סיבה להמשיך ככה 🤣 😏.",1
כבר לא רואה סיבה להמשיך ככה 👌!,1
"tbh, אני האחרון שנשאר בקבוצה שהחברים שלי עזבוו בשקט hahaha 😎",1
"אחותי אני צריך לקנות מתנה ליום הולדת של אי, יש הופעה טובה השבוע בעיר, בא לך לוא 👍..",0
מה שלום המשפחה שלך וב..,0
"אני שולח הודעות ואף אחד לא עונה יותר, vibes אחי חחחח",1
"טוב נו whatever, מה שלום המשפחה שלך LOL 👌!",0
"high key, כל פעם שהטלפון מצלצל אני נכנס ללחץ!",1
מישהו מכיר מסעדה טובה בסביבה ❤️ 😅!,0
"בטח שהאפליקציה הזו לא אוספת עלייי מידע, ברר... בטח שהחדשות הפעם אמינות, כרגיל 🙄!",0
אחי כתבתי מכתב פרידה ומחקתי אותו כמה פעמים hahaha 🥱,1
אף אחד לא היה שואל אם הייתי נעלם ליום שלם וכ.,1
אני מרגיש שאני עומד להתמוטט מרוב לחץ וא טוב נו LOL 🔥,1
"בנאדם idk, אף אחד לא היה שואל אם הייתיי נעלם ליום שלם חחחח...",1
"period, אני גמור, קמתי בשש בבוקר בשביל הטיסה הזאת ❤️.",0
מרגיש שאני צופה בחיים שלי מבחוץ בלי להיות באמת נוכח נשמה..,1
אני כבר לא בטוח שיש טעם להמשיך להתאמץ!!,1
"אני מת על השף הזה, הכל שהוא מבשל מדהים... רצחתי אותו במשחק הלילה חחחח??",0
"אני מת על השף הזה, הכל שהוא מבשל מדהים וא??",0
"בטח שהחברה הו דואגת ללקוחות, סתם חחחח.",0
אני שין כל היום ועדיין מרגיש עייף 😏,1
"fr, אני מפחד לצאת מהבית היום??",1
"omg, אף אחד מהכיתה לא בוחר אותי לקבוצה בשוםם פרויקט haha.",1
כולם בקבוצה הזוגית ואני עדיין לבד בכל אירוע אחותי 🙌...,1
"אולי זה יהיה יותר טוב לכולם ככה, kinda...",1
"מרגיש שאני נעלם ואף אחד בכלל לא ישים לב, מרגיש שאף אחד לא באמת מכיר אותי hahaha ✨",1
אני בודק את הטלפון כל שתי דקות בלי סיבה חחחח,1
לא רוצה להיות נטל על אף אחד יותר haha,1
אין לי כוח אפילו לדברים הכי בסיסיים חחחחח 😅??,1
לא מזמינים אותי יותר לשום דבר 👍?!,1
כתבו סטורי שממש מכוון אליי ולא הזכירו אותי בשם חחח.,1
"מרגיש שאני נופל יותר ויותר ולא מצליח לעצור, low key ❤️.",1
אני בודקק את הטלפון כל שתי דקות בלי סיבה. אני מרגיש ששאני עומד להתמוטט מרוב לחץ!!,1
מת על הפיצה הזאת אחי 😏...,0
"ביח שהם יזכרו את זה בבחירות הבאות. כן בטח, המוי הזה בטח לא טתייקר שוב בעוד חודש 😏!",0
גבר אף אחד לא שם לב שאני שקט לגמרי בקבוצה 🙌!!,1
"same, גמרי אותו בשש-בש הערב רוף 🥳 🥳",0
כל החברים שלי הפסיקו לדבר איתי פתאום ומ כפרה עליך??,1
"מרגיש בלתי נראה בעיני כולם, fr 🔥!",1
"מרגיש שאני נעלם ואף אחד בכלל לא ישים לב... אף אחד לא שם לב שאני שקט לגמרי בקבוצה, honestly 👍.",1
"אי מרגיש שהכל בשליטה חוץ מהראש שלי, mood 🙌 👌...",1
כאילו למישהו אכפת מה קורה בעבודה שלי ✨!,0
"כמו תמיד, כולם מדברים ואף אחד לא עושה כלום.",0
אני חושב על אלף תרחישיםם רעים ולא מצליח להירגע 🔥!,1
בואו נתכנן ארות ערב משותפת בשבוע הבא.,0
כל בוקר אני קם ולא מבין בשביל מה 🔥,1
"פתחו קבוצה חדשה בלי שאני שם, ראיתי אותה במקרה אחי!",1
"honestly, מרגיש שאני נעללם ואף אחד בכלל לא ישים לב 😎 🙄",1
"אני מנסה מתכון חדש הערב, נראה איך יוצא לול.",0
אף אחד מהכיתה לא בוחר אותי לקבוצה בשום פרויקט חההה 🔥!!,1
היא מתה על החתול החדש שלה hahaha,0
"מוכר את הדברים שהכי אהבתי, פשוט לא צריך אותם יותר 😏",1
מרגיש שאני נפרד מכולם בלי שהם שמים לב אמאלה חח,1
"kinda, לא רוצה להיות נטל על אף אחד יותר.",1
כבר לא רואה סיבה להמשיך ככה 🔥!!,1
אני מפחד לצאת מהבית היום,1
"כמה מפתיע, שוב הרכבת מאחרת, mood 👍?!",0
"חשבתי הרבה על מה יקרה אם פשוט אני אפסיק, fr חההה!!",1
בכל פעם שאני מנסה להתקרב למישהו זה נגמר בכלום?!,1
"bro, לפני המבחן מחר אני כבר בפאניקה מלאה חחחחח..",1
"כולם צוחקים עליי בקבוצה ואני לא מבין למה ו, fr 🔥",1
"period, אין לי כוח יותר בכלל.",1
כל היום עובר בלי שאף אחד יגיד לי מילה חחחח.,1
"כאילו מישהו קורא ת׳תקנון של האתר, ניכנס בעיניים עצומות כרגיל LOL 😎?!",0
"לא ישנתי כמו שצריך שבועות, פשוט אין לי כוח לכלום!!",1
"אני מרגיש שאני חי במצב של דריכות כל הזמן, kinda?!",1
מרגיש שאני שוקע יותר ויותר ולא רואה יציאה בנאדם??,1
גבר כבר לא זוכר איך מריגש להיות שמח ❤️,1
אני חושב להחליף עבודה בקרוב..,0
"אני מת עליך כבר שנים, אחי הכי טוב שלי חח 👌?!",0
חבר כאילו מישהו קורא תגובות בפייסבוק ברצינות חחח,0
לא באמת אכפת לי ממה שיקרה מחר LOL...,1
מרגיש שאף אחד לא באמת מכיר אותי רוף??,1
כאילו מישהו קורא תגובותבפייסבוק ברצינות!,0
"אמאלה תגידו לכולם שאני אוהב אותם, ליתר ביטחון חההה.",1
בנאדם לא בטוח שאני אהיה כאן בעוד חודש 🙌...,1
לא מזמינים אותי יותר לשום דבר 😂,1
"כתבתי מכתב פרידה ומחקתי אותו כמה פעמים, tbh 🥱",1
הבכי בא לי משום מקום כל הזמן רוף 👍 😅...,1
אין לי ממש למי לספר מה עובר עליי. אין לי ממש חברים לצאת איתם בסופ״ש haha ✨ ❤️...,1
"kinda, גמור לגמרי אחרי המשמרת הזאת, אבל שווה רוף??",0
"so done, לא הזמינו אותי ליום הולדת למרות שכולם הוזמנו 👍?!",1
"נשמהלפני המבחן מחר אני כבר בפאניקה מלאה, tbh",1
"מרגיש בלתי נראה בעיני כולם. מרגיש מנותק מכולם, כאילו אני על אי אחר חחח?!",1
מתחיל להבין שאולי עדיף בלעדיי,1
אולי כדאי שפשוט אני אעלם בשקט??,1
"vibes, אין לי ממש עם מי לחלוק את מה שאני מרגיש חההה...",1
מה דעתך על הסדרה החדשה בנטפליקס haha 😂??,0
אני מרגיש שאני עומד להתמוטט מרוב לחץ. אני מפחד לצאת מהבית היום.,1
כבר הפסקתי לתכנן דברים לעתיד טוב נו!!,1
"קיבלתי היום חבילה שהזממנתי משבוע שעבר, i mean חחחח 👍!",0
"hoestly, כולם מתעלמים ממי בבית ספר כאילו אני לא קיים 🥳 ✨...",1
מישהו הפיץ עליי שמועה והכיתה כולה הפסיקה לדבר איתי 🙌...,1
מרגטש שכולם מתחברים חוץ ממני 😂,1
"so done, כאילו מישהו בכלל שם לב לפוליטיקאים האלה... בטח שהמנהל שם יזכור מה שהוא הבטיח ✨?!",0
"מתחיל לפחד מדברים ששבכלל לא הפחידו אותי פעם, omg חח!!",1
כתבתי מכתב פרידה ומחקתי אותו כמה פעמים LOL ❤️??,1
מרגיש שאני היחיד שאין לו עם מי לדבר 🔥,1
כבר לא זוכר איך מרגיש להיות שמח חחחחח...,1
מת על הפיצה הזאת אחי,0
"mood, כל היום עובר בלי שאףף אחד יגיד לי מילה??",1
מישהו ראה את המשחק אתמול בלילה??,0
"קיבלתי היום חבילה שהזמנתי משבוע שעבר, tbh",0
כבר הפקתי לתכנן דברים לעתיד וי,1
"so done, כבר לא כותב תוכניות קדימה כי אין לי למה LOL 😎",1
מת על הפיצה הזאת אחי..,0
"לא ינתי כל הלילה מרוב מחשבות טורדניות, אני חושב על אלף תרחישים רעים ולא מצליח להירגע!!",1
"low key, עוד שנה עוברת ושום דבר לא באמת משתנה, בטח שהתחזית הזו תתאמת, כמו תמיד haha 🤣",0
מתתתי על הצילומים מהטיול טוב נו LOL?!,0
לפני פגישה חשובה אני נכנס לפאניקה טוטאלית hahaha ❤️!,1
"הלב שלי דופק חזק ואני לא מבין למ,ה literally 🙌",1
שמעתי שהם מדברים עליי מאחורי הגב 🔥,1
רצחתי אותו במשחק הלילה hahaha!!,0
יש לי דופק גבוה בלי שום מאמץ פיזי,1
אין לי ממש חברים לצאת איתם בסופ״ש..,1
"התחלתי לתת דדברים שאני אוהב לחברים שלי בלי סיבה, idk",1
אולי כדאי שפשוט אני אעלם בשקט אמאלה LOL?!,1
"same, פשוטט תחושה שכל רגע יכול לקרות משהו נורא",1
היא מתה על החתול החדש שלהה חחח.,0
"לא צריך לדאוג לי, פשוט תמשיכו הלאה בלעיי. כבר תפסתי את עצמי מסתכל למטה מהגג וחושב מחשבות מוזרות",1
לפני שנאי נרדם אני חושב על כל מה שיכול להשתבש.,1
"idk, הוא ממש הרג את זה בהופעה 🥳...",0
עשו לי אנפולואו קבוצתי אחי המריבה ההיא חחחחח,1
אולי פשוט לא כדאי שאני אהיה פה יותר,1
מרגיש בלתי נראה בעיני כולם haha,1
מישהו יודע איפה אפשר להזמין פיה טובה באזור חבר 🙌,0
אחותי כבר לא כותב תוכניות קדימה כי אין לי למה 🥳...,1
כל החברים שלי הפסיקו לדבר איתי פתאום?!,1
אחותי כאילו זה באמת ישנה משהו בסוף!!,0
"no cap, כתבתי לכולם שאני אוהב אותם היום בלי סיבה מיוחדת 👌",1
"so done, הפסקתי לענות להודעות כי פשוט אין לי כוח LOL!!",1
"random af, יש לי פחד מוזר שמשהו רע עומד לקרות וכ!!",1
מרגיש שאני האדם הכי בודד שאני מכיר 😴,1
"הפסקתי לענות להודעות כי פשוט אין לי כוח, literally 🥳.",1
"low kye, יושב בבית לבד כל סופ״ש בזמן שולם יוצאים וכ טוב נו",1
הוציאו אותי מהקבוצה בלי להגיד למה וה...,1
"עוד הבטחה של הממשללה, כאילו זה ישתנה פעם...",0
"לא ישנתי כמו שצריך שבועות, פשוט אין לי כוח לכלום, מרגיש שאני צופה בחיים שלי מבחוץ בלי להיות באמת נוכח.",1
כאילו מישהו בכלל שם לב לפוליטיקאים האלה 🙄?!,0
אין לי ממש עם מי לחלוק את מה שאני מרגיש לול 👌...,1
טוב נו הרגתי את השיעורי בית תוך עשר דקות??,0
יש לי הקתף חרדה בעבודה ולא ידעתי איך להסתיר את זה ומ יא חיים 🥳 😴,1
מה יקרה אם פשוט אחד היממים אני לא אקום בבוקר LL ✨?!,1
"כאילו מישהו קורא ת׳תקנון של האתר, ניכנס בעיניים עצומות כרגיל",0
אני חושב יותר ויותר על זה שלא להיות פה חחח 😎 🙌,1
אוכל צהריים לבד כבר שבוע שלם חחחח...,1
מת על הפיצה הזאת אחי!!,0
"ברור שהמחירים שוב עללו, מתי לא",0
"עשו לי בלוק בכל הקקבוצות בלי הסבר, high keyy חההה",1
אין לי כוח אפילו לדרים הכי בסיססיים..,1
"רצחתי את זה בבחינה, קיבלתי מאה 😂.",0
אף אד לא שם לב שאני שקט לגמי בקבוצה 🙄,1
"מרגיש שאני מתרחק מעצמי בכל יום שעובר, הפסקית לצחוק אפילו מדברים שממש מצחיקים 😏??",1
הלב שלי דופק חזק ואני לא מבין למה וה 🙌...,1
"בטח שהמנהל שם יזכור מה שהוא הבטיח, lol?!",0
"גבר מספיק, אני לא רוצה להילחם בזה יותר לול 👌??",1
"no cap, כל החברים שלי עסוקים ולי אין עם מי לבלותת!!",1
יש לי דופק גבוה בלי שום מאמץ פיזי hahaha,1
הבכי בא לי משום מקום כל הזמן חחח ❤️?!,1
בזמן האחרון אני פשוט לבד ברוב הזמן hhaaha,1
"אמאלה whatever, אןי לי אנרגיהאפילו לדברים שהכי אהבתי חחחחח ✨??",1
"היום ביקשתי סליחה מכולם על הכל, סתם בשביל שיהיה ✨.",1
מרגיש שאני האדם הכי בודד שאני מכיר 🙌!!,1
בכל פעם שאני מנסה להתקרב למישההו זה נגמר בכלום 👌.,1
אין לי מוטיבציה אפילו לקום מהמיטה בבוקר 😎 🤣..,1
יש לי פחד שמשהו רע יקרה מלישהו שאני ואהב?!,1
כבר לא זוכר איך מרגיש להיות שמח hahaha,1
כל אימייל שאני מקבל מהבוס מרגיש כמו איוום קיומי!!,1
"בטח שהתחזית הזו תתאמת, כמו תמיד, ngl 😅.",0
מתחיל לסדר לוודא שכולם יהיו בסדר בלעדיי 😴,1
"תשכחו ממני, זה יותר קל ככה 😏??",1
"אני גמור מהיום הזה, כל כך עייף",0
"ברור שהם יידו שזה 'לטובתנו', תמיד ככה ❤️ 😏.",0
"אף אחד לא שם לב שאני נעלם מהקבוצה, ngl!",1
"אין לי חשק לעשות שום דבר, אפילו לא לצאת מהחדר, מרגיש שאני שוקע יותר ויותר ולא רואה יציאה",1
כל אימייל שאני מקבל מהבוס מרגיש כמו איום קיומי טוב נו LOL..,1
כולם צוחקים עליי בקבוצה ואני לא מבין לה גבר 😂?!,1
מסתכל על החיים שליי כאילו הם כבר נגמרו וא,1
"אני האחרון שנשאר בקבוצה שהחברים שלי עזבו בשקט,, not gonna lie חההה..",1
הכל מרגיש כבד ומיותר בזמן האחרון ומ חחח 😂!,1
הפסיקו לענות לי בכלל בלי שום סיבה... מרגיש שאני האחרון שנודע לו על כל אירוע 😎,1
"אני מתלבט אם לקנות רכב חדש או משמש, low key.",0
שמו אותי בצד בטטול הכיתתי כאילו אני לא קיים??,1
מה שלום המשפחה שלך 😏..,0
"צריך לתקן את המזן, מישהו ממליץ על טכני 😏..",0
"מה קורה, מה עשית היום חח.",0
לפני המבחן מחר אני כבר בפאניקה מלאה 👍...,1
"random af, כבר תפסתי את עצמי מסתכל למטה מהגג וחושב מחשבות מוזרות בנאדם.",1
"לא באמת אכפת לי ממה שיקרה מחר, like 🙌!",1
"היא הרגה את הריקוד הזה, וואלה מדהימה..",0
"כר תפסתי את עצמי מסתכל למטה מהגג וחושב מחשבות מוזרות, like חחחחח",1
הכל מרגיש כבד ומיותרר בזמן האחרון יא חיים?!,1
אני לא מצליח לנשום כאילו העולם נופל עליי LOL,1
לא בטוח שאני אהיה כאן בעוד חודש גבר,1
"אני מסיים דברים שהתחלתי, בשביל שקט נפשי 👍?!",1
"same, אני חושב יותר ויותר על זה שלא להיות פה!!",1
אני חושב יותר ויותר על זה שלא להיות פה.,1
מרגיש שחולם מתרחקים ממני בכוונה בנאדם חחח 😂?!,1
"כבר לא נהנה משום דבר בחיים שלי, i mean אחותי חחח 😏!!",1
כל דבר מרגיש קשה מנשוא בזמן האחרון,1
הוא ממש הרג את זה בהופעה!,0
יורד גשם בטירוף בחוץ עכשיו!,0
כל החברים שלי הפסיקו לדבר איתי פתאום אחי רוף?!,1
אני מרגיש שהעולם מתקרב עליי ואין לי לאן לברוח!,1
יש לי פחד שמשהו רע יקרה למישהו שאני אוהב וא חחחחח 😎!!,1
מה תהוכניות שלך לסופ״ש!!,0
"אה כן,, בטח שהפעם זה יהיה שונה וכ.",0
הלב שלי דופק חזק ואני לא מבין למה 🥱.,1
מרגיש שכולם ממשיכים הלאה חוץ ממני חחחחח!,1
"אולי זה יהיה יותר טוב לכולם ככה, lol ✨ 🥳!!",1
"אני גמור מצחוק מהתגובות בפוסט, מתים על המסעדה החדשה שנפתחה ליד הבית, period 🙄??",0
"לא נשאר לי כמעט אף אחד לדבר איתו, whatever",1
לא מזמינים אותי יותר לשום דבר!!,1
יש לי דופק גבוה בלי שום מאמץ פיזי. מתחיל לפחד מדברים שבכלל לא הפחידו אותי פעם 🥱,1
"חבר chil,l לפני פגישה חשובה אני נחנס לפאניקה טוטאלית... אני מרגיש שהכל בשליטה חוץ מהראש שלי!!",1
בכל אירוע אני מוצא את עצמי לבד בפינה 👌!!,1
"אני לא מצליח להירגע אפילו כשהכל בסדר, מתחיל לפחד מדברים שבכלל לא הפחידו אותי פעם, omg רוף.",1
מרגיש שהם עשו לי חרם בלי להגיד כלום,1
מרגיש כאילו יש ענן שחור מעליי כל הזמן חח...,1
"עוד ישיבת צוות שיכלה להיות מייל של שתי שורות, ברור שהפגישה תתחיל באיחור, כרגיל גבר",0
כל החברים שלי הפסיקו לדבר איתי פתאום. לא הזמינו אותי ליום הולדת למרות שכולם הוזמנו 😅.,1
"חבר כתבתי הכל ביומן, למקרה שמישהו ירצה לדעת למה 🤣 🙄..",1
הכל מרגיש כבד ויותר בזמן האחרון 👌.,1
מרגיש שאני נפרדמכולם בלי שהם שמים לב,1
"אני מנסה מתכון חדש הערב, נראה איך יוצא??",0
"low key, לא הצלחתי להתקלח כבר כמה ימים, פשוט אין כוח",1
"קניתי נעליים חדשות היום, ממש נוחות, אני חושב להחליף עבדה בקרוב רוף.",0
"tbh, אין לי ממש עם מי לחלוק את מה שאני מרגיש לול!!",1
"mood, בטח שהחדשות הפעם אמינות, כרגיל!",0
"לא צריך לדאוג לי, פשוט תמשיכו הלאה בלעדיי וואלה hahaha!!",1
בכל אירוע אני מוצא את עצמי לבד בפינה כפרה עליך!,1
אני מרגיש שאני עומד להתמוטט מרוב לחץ רוף,1
יש לי דופק גבוה בלי שום מאמץ פיזי רוף?!,1
נשמה אני כבר לא בטוח שיש טעם להמשיך להתאאמץ 👌?!,1
"kinda, מרגיש שאני היחיד שאין לו עם מי לדבר וכ 😅",1
כאילו מישהו בכלל שם לב אם אני מגיב לפוסט הזה...,0
גבר מהשלום המשפחה שלך...,0
"לא צריך לדאוג לי, פשוט תמשיכו הלאה בלעדיי 🥳 😎??",1
אני לא מצליח להתרכז כי הלב שלי פשוט לא נרגע 🥳 🥱..,1
"לא נשאר לי כמעט אף אחד לדבר איתו, ngl",1
הלב שלי דופק חזק ואני לא מבין למה,1
ראיתי סרט ממש טוב אתמול בלילה!!,0
כפרה עליך מתחיל לסדר לוודא שכולם יהיו בסדר בלעדיי!,1
אני מבלה כל ערב מול המסך כי אין לי עם מי לצאת,1
בואו נתכנן ארוחת ערב משותפת בשבוע הבא חחחח,0
מרגיש שכל הכיתה נגדי בזמן האחרון חחחח!!,1
מה יקרה אם פשוט אחד הימים אני לא אקום בבוקר חחחח,1
כל החברים שלי עסוקים ולי אין עם מי לבלות חההה.,1
מישהו יודע באיזה קו אוטובוס מגיעים למרכז 😏 🥳...,0
יא חיים בכל פעם שאני מנסה להתקרב למישהו זה נגמר בכלום חחח.,1
"i mean, העולם ממש הולך להשתפר, בטח חהה??",0
"אין לי כוח יותר בכלל... נותן את החפצים שלי לאנשים כי ממילא לא אצטרך אותם, same חההה..",1
אני מרגיש שהראש שלי לא מפסיק לרוץ. אני לא מצליח להירגע אפילו כשהכל בסדר..,1
"טוב נו כל בוקר אני קם עם הרגשה שמשהו נורא עומד לקרות, אני מפחד לצאת מהבית היום חחחחח",1
"כפרה עליך ץשכחו ממני, זה יותר קל ככה!!",1
רק רציתי להגיד תודה למי שהיה שם בשבילי 😂,1
מישהו רוצהה לבוא איתי לחדר בריחה בוף השבוע?!,0
אתם לא תצטרכו לדאוג לי בקרוב חההה,1
כאילו מישהו קורא את ההתנאים לפני שהוא לוחץ אישור 👌.,0
"לפני שאני נרדם אני חושב על כל מה שיכול להשתבש, אני בודק את הטלפון כל שתי דקות בלי סיבה...",1
"קניתי נעליים חדשות היום, ממש נוחות רוף",0
אני מרגיש שהעולם מתקרב עליי ואין לי לאן לברוח טוב נו..,1
אני מפחד לצאת מהבית היום חחחחח 🥳??,1
"מישהו הפיץ עליי שמועה והכיתה כולה הפסיקה לדבר איתי, כל החברים שלי הפסיקו לדבר איתי פתאום אמאלה?!",1
אוכל צהריים לבד כבר שבוע שלם. אין לי ממש למי לספר מה עובר עליי haha,1
אני מפחד לצאת מהבית היום 😴 🙌,1
מתחיל לפחד מדברים שבכלל לא הפחידו אותי פעם 😅,1
"מישהו יודע מה השעות של הספרייה היום, like haha!!",0
"ngl, אני גמור מהיום הזה, כל כך עייף",0
"low key, הכל מרגיש כמו סוף של משהו ואני לא בטוח שאני רוצה שיהיה אחרת 👌",1
"לא הזמינו אותי ליום הולדת למרות שכולם הוזמנו, like!",1
אחי לא הזמינו אותי ליום הולדת למרות שכולם הוזמנו,1
יש לי הרגשה שזו הפעם האחרונה שאני כותב לכםם ככה 🤣?!,1
"מוכר את הדברים שהכי אהבתי, פשוט לא צריך אותם יותר",1
"אין לי ממש עם מי לחלוק את מה שאני מרגיש, כולם בקבווצה הזוגית ואי עדיין לבד בכל אירוע...",1
צרחתי אותו במשחק הלילה,0
יש לי התקף חרדה בעבודה ולא ידעתי איך להסתיר את זה 😅...,1
אף אחד לאכתתב לי כבר שבועיים 😴,1
נאי האחרון שנשאר בקבוצה שהחברים שלי עזבו בשקט אחותי חחח 😎,1
"תשכחו ממני, זה יותר קל ככה 🤣??",1
כבר לא נהנה משום דבר בחיים שלי?!,1
"מרגיש שאני שוקע יותר ויותר ולא רואה יציאה, vibes..",1
אמאלה אין טעם בכלום כבר תקופה ארוכה,1
חשבתי הרבה על מה יקרה אם פשוט אני אפסיק ✨!!,1
"אני מת על השף הזה, הכל שהוא מבשל מדהים 🥱 👍.",0
הוציאו אותי מהקבוצה בלי להגיד למה... לא הזמינו אותי ליום הולדת למרות שכולם הוזמנו??,1
אני בודק את הטלפון כל שתי דקות נלי סיבה!!,1
טוב נו אף אחד לא ענה לי כשביקשתי עזרה בפרויקט קבוצתי,1
"לא צריך לדאוג לי, פשוט תמשיכו הלאה בלעדיי 😅??",1
"כמה מפתיע, שוב הרכבתמאחרת?!",0
בנאםד אני גמיע לכיתה ומיד מתחיל לרעוד 👌?!,1
"רצחתי אותו במשחק הלילה, chill 🥳!",0
אני חושב יותר ויותר על זהשלא להיות פה 😎!!,1
חבר כאילו מישהו בכלל שם לב לפוליטיקאים האלה... בטח שהם יזכרו את זה בבחירות הבאות?!,0
לא באמת אכפת לי ממה שיקרה מחר. מסתכל על החיים שלי כאילו הם כבר נגמרו 🔥,1
אולי פשטו לא כדאי שאני אהיה פה יותר.,1
"קניתי נעליים חדשות היום, ממש נוחות, random af 🔥",0
בטח שהמנהל שם יזכור מה שהוא הבטיח 😎?!,0
"אם מחר לא אענה, אלתדאגו יותר מדי חחחחח 🔥??",1
"אחי אני מסיים דברים שהתחלתי, בשביל שקט נפשי, period?!",1
הם עושים כאילו אני אוויר כשאני נכנס לחדר?!,1
מרגיש בלתי נראה בעיני כולם לול 🥳 😏?!,1
"אחותי מרגיש שאני סוחב את עצמי כל יום כמו משא. כבר לא אוכל כמו שצריך, פשוט אין תיאבון??",1
אני ישן כל היום ועדיין מרגיש עייף לול 🤣 😎!!,1
"לא מזמינים אותי יותר לשום דבר, anyway 👍.",1
כולם מתעלמים ממני בבית ספר כאילו אני לא קיים גבר??,1
כל החברים שלי עסוקים ולי אין עם מי לבלות לול ❤️!!,1
"אני מבלה כל ערב מול המסך כי אין לי עם מי לצאת, idk ✨",1
יש לי גוש בבטן כל הזמן מרוב דאגה... יש לי פחד מוזר שמשהו רע עומד לקרות hahaha,1
לא ישנתי כל הלילה מורב ממחשבות טורדניות וה 👍,1
אני חושב יותר ויותר על זה שלא להיות פה haha 😴 😏.,1
רק רציתי להגיד תודה לימ שהיה שם בשבילי רף,1
"אני מסיים דברים שהתחלתי, בשביל שקט נפשי, כתבץי מכתב פרידה ומחקתי אותו כמה פעמים",1
אין לי ממש עם מי לחלוק את מה שאני מרגיש אחותי,1
אין לי כוח אפילו לדברים הכי בסיסיים וה בנאדם 😎!,1
מתים על המסעדה החדשה שנפתחה לדי הבית. הוא ממש הרג את זה בהופעה אמאלה ❤️!,0
אחותי אין לי כוח יותר בכלל 😴??,1
בטח שהמנהל שם יזכור מה שהוא הבטיח!!,0
"אני מת על הפרק האחרון, כתבו את זה מושללם 👌...",0
עשיתי סידורים כל הבוקר ועוד לא סיימתי טוב נו,0
"idk, אני לא מצליח להירגע אפילו כשהכל בסדר. פשוט תחושה שכל רגע יכול לקרות משהו נורא 👌 ✨",1
טוב נו מת על הזמר הזה מהאלבום החדש חההה...,0
מתתי מצחוק מהסרטון הזה 🙌?!,0
מרגיש שאני נעלם ואף אחד בכלל לא ישים לב חחחח,1
"i mean, מתתי מצחוק מהסרטון הזה...",0
"not gonna lie, מרגיש שהם עשו לי חרם בלי להגיד כלום ❤️...",1
עברתי דירה חדשה ואין לי אף אחד להכיר פה חחחח,1
"אמאלה הכל מרגיש כבד ומיותר בזמן האחרון, אני עצוב כבר שבועות בלי שום סיבה ברורה 👍??",1
אני מגעי לכיתהומיד מחיל לרעוד... המחשבות הרעות פשוט לא נותנות לי מנוחה נשמה 😅??,1
אני גמור מהבחינה הזו מחר..,0
"honestly, אי אפשר להירגע, המחשבות פשוט לא נעצרות..",1
עשיתי סידורים כל הבוקר ועוד לא סיימתי כפרה עליך 🔥,0
מרגיש שהחברים שלי שכחושאני קיים חח 👌 😎,1
"אני גמור, קמתי בשש בבוקר בשביל הטיסה הזאת וא טוב נו חההה 👌??",0
"כל יום מרגיש בדיוק כמו קודם, אפור ומיותר חחח..",1
יש לי פחד שמשהו רע יקרה למישהו שאני אוהב וי haha!,1
יש לי מחשבות שחוזרות שוב ושוב ולא נותנות לי מנוחה 😴,1
כל החברים שלי הפסיקו לדבר איתי פתאום חחחחח!,1
"כל היום עובר בלי שאף אחד יגיד לי מילה, low key 😅...",1
כאילו מישהו קורא תגובות בפייסבוק ברצינות אחי 😅??,0
מה התוכניות שלך לסופ״ש 🔥..,0
יא חיים אני מרגיש חנוק כל פעם שיש עומס בלח הזמנים?!,1
אחי אני חושב לעבור דירה בקרוב לול 😎...,0
"עוד הבטחה של הממשלה, כאילו זה ישתנה פעם?!",0
"מישהו יודע מה השעות של הספרייה היום, anyway ✨..",0
לא בטוח שאני רוצה להיות פה מחר יא חיים!,1
"יש לי התקף חרדה בעבודה ולא ידעתי איך להסתיר את זה, כל אימייל שאני מקבל מהבוס מרגיש כמו איום קיומי.",1
אני חושב לעבור דריה בקרוב חההה 👌..,0
גבר אני מתלבט אם לקנות רכב חדש או משומש,0
לא באמת אכפת לי ממה ששיקרה מחר ✨.,1
"אם מחר לא אענה, אל תדאגו יותר מדי!!",1
כולם בקבוצה עזבו אותי בלי הסבר..,1
יושב לבד בהפסקות שוב היוםםם 🙌,1
כל הלילה יושב לבד בחדדר בלי אף אחד לדבר איתו 🥳,1
אני חושב להחליף עבודה בקרוב. ראיתי סרט ממש טוב אתמול בלילה 😅.,0
"כמה מפתיע, שוב הרכבת מאחרת",0
כפרה עליךיושב ללבד בהפסקות שוב היום. עברתי דירה חדשה ואין לי אף אחד להכיר פה 😅!!,1
"פתחו קבוצה חדשה בלי שאני שם, ראיתי אותה במקרה... מרגיש שכולם מתחברים חוץ ממני, like haha.",1
יש לי גוש בבטן כל הזמן מרב דאגה אחותי 🥳??,1
מרגיש שאף אחד לא באמת מכיר אתוי ✨ 🙄!,1
מישהו יודע איפה אפשר להזמין פיצה טובה באזור haha??,0
גבר כבר הפסקתי לתכנן דברים לעתיד ❤️??,1
"אולי כדאי שפשוט אני אעלם בשקט, מתחיל להבין שאולי עדיף בלעדיי?!",1
מתתי על הצילומים מהטיול...,0
כאילו אני מדבר לקיר כל פעם שאני כתב למישהו. בכל פעם שאני מנסה להתקרב למישהו זה נגמר בכלום 😅!,1
"בנאדם honestly, אף אחד לא שם לב שאני שקט לגמרי בקבוצה 👌",1
חשבתי הרבה על מה יקרה אם פשוטט אני אפסיק כפררה עליך..,1
מריש שאינ נעלם ואף אאחד בלל לא ישים לב 😂..,1
כל בוקר אני קם ולא מבין בשביל מה חההה..,1
מה שלום המשפחה שלך...,0
"ברור אהם יגידו שזה 'לטובתנו', תמיד ככה 🥳?!",0
המחשבות הרעות פשוט לא נותנות לי מנוחה 😅!,1
"high key, אני האחרון שנשאר בקבוצה שהחברים שלי עזבו בשקט אמאלה 👌?!",1
"כל יום מרגיש בדיוק כמו קודם, אפור ומיותר וואלה 🥳.",1
אין לי כוח יותר בכלל,1
"בנאדםם bro, פשוט רוצה שזה כבר ייגמר??",1
"lol, עשיתי סידורים כל הבוקר ועוד לא סיימתי!",0
"omg, כתבתי לכולם שאני אוהב אותם היום בלי סיבה מיוחדת LOL...",1
מרגיש שאני נעלם ואף אחד בכלל לא ישים לב,1
"אני לא אראה אתכם יותר, lol חההה!",1
אין לי ממש למי לספר מה עובר עליי לול 🥱...,1
"רצחתי את המבחן הזה, היה קל... היא מתה על השמלה הזאת, קנתה מיד??",0
"honestly, אנני עומד לפני האירוע ובטן שלי כבר קשורה בקשר רוף",1
יש לי התקף חרדה בעבודה ולא ידעתי איך להסתיר את זה וואלה,1
"אם לא תשמעו ממני, תדעו שניסיתי כמה שיכולתי חח",1
"מרגיש שאני נופל יותר ויותר ולא מצליח לעצור, omg",1
"random af, לא בטוח שאני רוהצ להיות פה מחר",1
אני צריך לקנות מתנה ליום הולדת של אחי אחי??,0
אני עומד לפני האירוע ובטן שלי כבר קשורה בקשר... הבטן שלי מתהפכת כל פעם שיש לי משהו חדא לעשות ✨!,1
"אני מת על השף הזה, הכל שהוא מבשל מדהים, הוא הרג אותי בבדיחה הזאת רוף 🙄...",0
"כפרה עליך אם מחר לא אענה, אל תדאגו יותר מדי!",1
מתחיל להבין שאולי עדיף בלעדיי haha...,1
"like, הפסקתי לענות להודעות כי פשוט אין לי כוח",1
מרגיש שאין לי אף אחד לתקשר אליו כשקשה לי לול 😂!!,1
מחקו אותי מהצ׳אט הכיתתי בלי שאני יודע למה 😎,1
אני כבר לא בטוח שיש טעם להמשיך להתאמץ. כבר הפסקתי לתכנן דברים לעתיד 👌,1
אחותי עוד שנה עוברת ושום דבר לא באמת משתנה,0
"אני מסיים דברים שהתחלתי, בשביל שקט נפשי... כבר הפסקתי לתכנן דברים לעתיד 🙄",1
אני מגיע לכיתה ומיד מתחיל לרעוד ול נשמה...,1
"בטח שתהחזית הזו תתאמת, כומ תמיד??",0
חאי אף אחד לא היה שואל אם הייתי נעלם ליום שלם,1
"אין טעם בכלום כבר תקופה ארוכה, מרגיש שאני צופה בחיים שלי מבחוץ בלי להיות באמת נוכח, fr לול 🥳...",1
הפסקתי לצחק אפילו מדברים שממש מצחיקים 👍 😏,1
כאילו אני מדבר לקיר כל פעם שאני כותב למישהו...,1
"אתם לא תצטרכו לדאוג לי בקרוב, tbh חחחח?!",1
מרגיש שכולם ממשיכים הלאה חוץ ממני... מרגיש רחוק מכולם למרות שאני נמצא בחדר מלא אנשים,1
"כבר לא אוכל כמו שצריך, פשוט אן תיאבון 😅...",1
"היא מתה על השמלה הזאת, קנתה מיד 👌??",0
"מוכר את הדברים שהכי אהבתי, פשוט לא צריך אותם יותר 🥳",1
"ברור שהמחירים שוב עלו,, מתי לא",0
אין לי ממש עם מי לחלוק את מה שאני מרגיש... מרגיש שאני האדם הכי בודד שאני מכר 🥱.,1
כל החברים שלי הפסיקו לדבר איתי פתאום hahaha 😏...,1
"יש לי תחושה שמשהו נוראי עומד לקרות היום, ממש לא מצליח להירגע רוף",1
מה שלום המשפחה שלך LOL..,0
"kinda, אם הייתי נעלם היה משנה למישהו בכלל 👌",1
"מרגיש בלתי נראה בעיני כולם, vibes אחותי??",1
מרגיש שאני סוחב את עצמי כל יום כמו משא 🔥!,1
מישהו יודע מה השעות של הספרייה יהום hahaha..,0
כשאני צריך לענות למישהו אני מנסח את ההודעה חמישים פעם לפני שאני שולח לול.,1
לפני פגישה חשובה אני נכנס לפאניקההה טוטאלית,1
אני מרגיש שהראש שלי לא מפסיק לרוץ 🔥..,1
"מספיק, אני לא רוצה להילחם בזה יותר.",1
מרגיש שאני האדם הכי בודד שנאי מכיר...,1
"מרגיש ריק לגמרי בפנים, bro",1
מרגיש שכולם ממשיכים הלאה חוץ ממני..,1
אני עומד פלני האירוע ובטן שלי כבר קשורה בשר LOL..,1
"אין לי כוח יותר בכלל, fr 😏...",1
מתים על המסעדה החדשה שנפתחה ליד הבית,0
"אני לא אראה אתכם יותר, low key 🔥",1
"לני שאני נרדם אבי חושב על כל מה שיכול להשתבש, not gonna lie חחח 🙄..",1
"literally, לא הצלחתי להתקלח כבר כמה ימים, פשוט אין כוח וכ!",1
כפרה עליך מתתי מצחוק מהסרטון הה 🔥...,0
"מתה על השיר הזה כרגע, chill בנאדם??",0
אני עומד לפני האירוע ובטן שלי כבר קשורה בקשר חההה 👌..,1
"חבר כל דבר קטן מרגיש כמו הר גבוה בלתי אפשרי, הכל מרגיש כבד ומיותר בזמן האחרון?!",1
"omg, לפני שאני נרדם אני חושב על כל מה שיכול להשתבש. יש לי תחושה שמשהו נוראי עומד לקרות היום, ממש לא מצליח להירגעעע 😅 🔥",1
בטח שהפעם המבצע באמת משתלם,0
יש לי הרגשה שאני עומד להיכשל בכל דבר שאני עושה היום.,1
כל פעם שהטלפון מצלצל אני נכנס ללחץ רוף 🤣!,1
קיבלתי היום חבילה שהזמנתי משבוע שעבר!!,0
"אין לי אנרגיה אפילו לדברים שהכי אהבתי, high key חחחח 🥱",1
אני לא מצליח להתרכז כי הלב שלי פשוט לא נרגע 🙌..,1
"בכל פעם שאני מנסה להתקרב למישהו זה נגמר בכלום, like 😏.",1
מה יקרה אם פשוט אחד הימים אני לא אקום בבוקר 🙄,1
"הפסקתי לענות להודעות כי פשוט אין לי כוח, chill חח",1
עוד שנה עוברת ושום דבר לא באמת משתנה??,0
"lol, מישהו יודע איפה אפשר להזמין פיצה טבה באזור 🥳??",0
"literally, אני לא מצליח לנשום כאילו העולם נופל עליי",1
אחותי אף אחד לא שם לב שאני נעלם מהקבוצה?!,1
"כל החברים שלי הפסיקו לדבר איתי פתאום, period 🥱 😏!!",1
"עוד הבטחה של הממשלה, כאילו זה ישתנה פעם חחח 😴??",0
אני גמור מהבחינה הזו מחר,0
כל היום עובר בלי שאף אחד יגיד לי מילה 👌 🥱!,1
היא מתה על החתול החדש שלה hahaha 🥳!,0
"ngl, אני מזיע וידיים רועדות בלי שום סיבה 🤣..",1
"literally, גמרנו אותם במשחק הכדורגל אתמול!",0
יש לי הרגשה שאני עומד להיכשל בכל דבר שאניי עושה היום... יש לי פחד שמשהו רע יקרה למישהו שאני אוהב hahaha,1
כבר שעה אני בודק שוב ושוב שנעלתי את הדלת... אני מררגיש שהראש שלי לא מפסיק לרוץ חח..,1
מרגיש שאני שוקע יותר ויותר ולא רואה יציאה 👍,1
יושב בבית לבד כל סופ״ש בזמן שכולם יוצאים חחחח,1
אני בודק את הטלפון כל שתי דקות בלי סיבה אחותי חחחחח!,1
"מוכר את הדברים שהכי אהבתי, פשוט לא צריך אותם יותר חח 👍!",1
"הכל אפור בזמן האחרון ואני לא מצליח להסביר למה... אין לי אנרגיה אפילו לדברים שהכי אהבתי, vibes..",1
בנאדם כבר שעה אני בודק שוב ושוב שנעלתי את הדלת חחחח.,1
אולי כדאי שפשוט אני אעלם בשקט 🙄!!,1
"אני מנסה מתכון חדש הערב, נראה איך טוצא ומ",0
הכל מרגיש כבד ומיותר בזמן האחרון...,1
כבר לא רואה סיבה להמשיך ככההה 🔥!!,1
"אם לא תשמעו ממני, תדעו שניסיתי כמה שיכולתי 🙄.",1
"literally, רצחתי את זה בבחינה, קיבלתי מאה ומ גבר 😏 ✨!",0
הוא הרג אותי בבדיחה הזאת!!,0
יש לי דופק גבוה בלי שום מאמץ פיזי LOL!,1
"פשוט תחושה שכל רגע יכול לקרות משהו נורא, chill חחח",1
אני לא אראה אתכם יותר,1
הבטן שלי מתהפכת כל פעם שיש לי משהו חדש לעשות חח 🤣!,1
"כמו תמיד, כולם מדברים ואף אחדד לא עושה כלום. כאילו מישהו בכלל שם לב לפוליטיקאים האלה LOL?!",0
מרגיש שכל הכיתה נגדי בזמן האחרון 😎...,1
מישהו רצה לבוא איתי לחדר בריחה בסוף השבוע חח!,0
נשמה מה דעתך על הסדרה החדשה בנטפליקס,0
אף אחד לא שם לב שאני שקט לגמיר בקבוצה ✨??,1
אני חושב לעבור דירה בקרוב חחח ❤️,0
לא מזמינים אותי יותר לשום דבר. כולם מתעלמים ממני בבית ספר כאילו אני לא קיים 🙌!!,1
"הראש שלי מפוצץ ממחשבות ולא מצליח לעצור אותן, כשאני צריך לענות למישהו אני מנסח את ההודעה חמישים פעם לפני שאני שולח 🥱",1
"בנאדם kinda, מרגיש שאני צופה בחיים שלי מבחוץ בלי להיות באמת נוכח... כבר לא אוכל כמו שצריך, פשוט אין תיאבון",1
מישהו רוצה לבוא איתי לחדר בריחה בסוף השבוע??,0
אני האחרון שנאשר בקבוצה שהחברים שלי עזבו בשקט,1
"הפסקתי לצחוק אפילו מדברים שממש מצחיקים, אין לי מוטיבציה אפילו לקום מהמיטה בבוקר חבר לול!",1
גבר אני מרגיש חנוק כל פעם שיש עומס בלוח הזמנים,1
"chill, מרגיש שאף אחד לא באמת מכיר אותי לול 😎!!",1
וואלה אני לגמרי גמור אחרי האימוון הזה 🙄??,0
שמו אותי בצד בטיול הכיתתי כאילו אני לא קיים 🤣!!,1
אין לי כוח יותר בכלל 😏.,1
כאילו מישהו בכלל שם לב לפוליטיקאים האלה!,0
כתבתי מכתב פרידה ומחקתי אותו כמה פעמים 😂...,1
"not gonna lie, אני לא מצליח להירגע אפילו כשהכל בסדר.",1
"same, מישהו מכיר מסעדה טובה בסביבה??",0
"אני גמור מהיום הזה,, כל כך עייף!!",0
"יושב לבד בהפסקות שווב היום, lol",1
אני חושב יותר ויותר על זה שלא להיות פה!!,1
כאילו מישהו קורא תגובות בפייסבוק ברצינות..,0
אף אחד מכיתה לא בוחר אותי לקבוצה בשום פרויקט,1
אולי כדאי שפשוט אני אעלם בשקט 👌,1
"גבר בטח שהאפליקציה הזו לא אוספת עליי מידע, ברור",0
כבר שעה אני בודק שבו וושב שנעתלי את הדלת!!,1
אוכל צהריים לבד כבר שבוע שלם רוף!,1
"יש לי תחושה שהכל יהיה יותר קל בלעדיי, fr חחח!!",1
"עברתי דירה חדשה ואין לי אף אחד להכיר פה, random af 😂",1
טוב נו כל החברים שלי עסוקים ולי אין עם מי לבלות 🙌.,1
"low key, עוד שנה עוברת ושום דבר לא באמת משתנה 🙌",0
מרגיש כשולם מתחברים חוץ ממני טוב נו.,1
ראיתי סרט ממש טוב אתמול בלילה נשמה hahaha??,0
"אתמול כתבתי הודעה ומחקתי אותה, זה כבר קרה כמהה פעמים??",1
מרגיש ריק לגמרי בפנים!!,1
"בטח שהתחזית הזו תתאמת, כמו תמיד, anyway",0
כתבית לכולם שאני אוהב אותם היום בלי סיבה מיוחדת חחח 😏,1
מרגיש שאנט האחרון שנודע לו על כל אירוע. כולם בקבוצה עזבו אותי בלי הסבר 🥱 😴!!,1
בנאדם יש לי גושבבטן כל הזמן מרוב דאגה haha?!,1
מרגיש שכולם מתרחקים ממני בכוונה 😅 👌.,1
מרגיש שאני האחרון שנודע לו על כל אירוע 😴!,1
מרגיש שכל הכיתה נגדי בזמן האחרון...,1
אני כבר לא בטוח שיש טעם להמשיך להתאמץ...,1
כבר לא זוכר איך מרגיש להיות שמח..,1
בכל פעם שאני מנסה להתקרבבב למישהו זה נגמר בכלום חחחחח!,1
"אי אפשר להירגע, המחשבות פשוט לא נעצרות?!",1
"אני ישן כל היוום ועדיין מרגיש עייף, kinda?!",1
"היא הרגה את המבחן הזה, מאה ועשר hahaha 👍??",0
אי מרגיש שאני חי במצב של דריות כל הזמן וא 👌!,1
"מת על הסדרה החדשה, חייב לראות עוד פרק, i mmean??",0
כולם בקבוצה הזוגית ואני עדיין לבד בכל אירוע לול ❤️ 😂,1
"בנאדם לא הצלחתי להתקלח כבר כמה ימים, פשוט אין כוח!!",1
טוב נו בטח שפעם המבצע באמת משתלם??,0
בואו נצא לריצה בבוקר מחר ✨ 👌??,0
מרגיש ריקנות מוזרה שלא עוזבת אותי?!,1
מה יקרה אם פשוט אחד הימים אני לא אקום בובקר ונ 😅,1
"יש לי מחשבה שחוזרת כל לילה, לא בא לי לספר עלליה 🥳",1
כל היום עבר בלי שאף אחד יגיד לי מילה??,1
אף אחדד לא שם לב שאני נעלם מהקבוצה חההה 👍...,1
"לא צריך לדאוג לי, פשוט תמשיכו הלאה בלעדיי... כבר לא כותב תוכניות קדימה כי אין לי למה.",1
כתבתי מכתב פרידה ומחקתי אותו כמה פעמים..,1
אחותי כבר תפסתי את עצמי מסתכל למטה מהגג וחושב מחשבות מוזרות?!,1
מת על הפיצה הזאת אחי 👌!!,0
"הפסיקו להזמין אותי לפעילויות אחרי בית הספר, מרגיש שכולם מתחברים חוץ ממני LOL 🙌 👌",1
אני מרגיש חנוק כל פעם שיש עומס בלוח הזמנים. אני לא מצליח לנשום כאילו העולם נופל עליי 🤣?!,1
"אני מסיים דברים שהתחלתי, בשביל שקט נפשי, chill רוף.",1
"אני מת עליך כבר שנים, אחי הכי טוב שלי חחחחח 😂...",0
אני עצוב כבר שבועות בלי שום סיבה ברורה. אני ישן כל היום ועדיין מרגיש עייף...,1
"בנאדם אני מת על הפרק האחרון, כתבו את זה מולם?!",0
"היא הרגה את המבחן הזה, מאה ועשר חההה 😅!",0
רק רציתי להגיד תודה למי שהיה שם בשבילי 🔥 😴.,1
"literally, הטא מתה על השמלה הזאת, קנתה מיד...",0
לפני פגישה חשובה אני נכנס לפאניקה טוטאלית?!,1
כל היום עובר בלי שאףף אחד יגיד לי מילה חחחחח,1
אף אחד לא שם לב שאני שקט לגמרי בקבוצה??,1
כל פם שהטלפון מצלצל אנני נכנס ללחץ ול בנאדם...,1
לא בטוח שאני רוצה להיות פה מחר 🔥.,1
אין לי ממש חברים לצאת איתם בסופ״ש 😅...,1
לא משנה מה יקרה עכשיו חחח!!,1
"בנאדם קניתי נעליים חדשות היום, ממש נוחות!!",0
מסתכל על החיים שלי כאילו הם כבר נגמרו,1
"whatever, בטח שהחברה הוז דואגת ללקוחות, סתם!!",0
"תשכחו ממני, זה יותר קל ככה, רק רציתי להגיד תודה למי שהיה שם נשבילי.",1
כאילו מישהו קורא תגובות בפייסבוק ברצינות 👍?!,0
"אתמול כתבתי הודעה ומחקתי אוה, זה כבר קרה כמה פעמים??",1
גבר מרגיש שאני נעלם ואף אחד בכלל לא ישים לב ❤️.,1
אף אחד לא שם לב שאני נעלם מהקבוצה נשמה 😎 ❤️.,1
"idk, פתחו קבוצה חדשה בלי שאני שם, ראיתי אותה במקרהה hahaha 🙌..",1
כתבתי מכתב פרידה ומחקתט אותו כמה פעמים וואלה hahaha...,1
מתחיל לפחד מדרים שבכלל לא הפחידו אותי פעם!!,1
"so done, אולי פשוט לא כדאי שאני אהיהה פה יותר וי טוב נו?!",1
מה למדת היום באוניברסיטה 😂 😅,0
"אני גמור מהיום הזה, כל כך עייף אמאלה??",0
"נשמה אין לי חשק לעשותתת שום דבר, אפילו לא לצאת מהחדר רוף",1
"לא צריך לדאוג לי, פשוט תמשיכו הלאה בלעדיי כפרה עליך haha 👍...",1
מחקו אותי מהצ׳אט הכיתתי בלי שאני יודע למה חח 😏..,1
מישהו הפיץ עליי שועה והכיתה כולה הפסיקה לדבר איתי לול 🔥 😴.,1
"אני מת עליך כבר שנים, אחי הכט טוב שלי לול 👍",0
מרגיש שאין לי אף אחד להתקשר אליו כשקשה לי. כל הלילה יושב לבד בחדר בלי אף אחד לדבר איתו 🤣 ✨...,1
אני האחרון שנשאר בקבוהצ שהחברים שלי עזבו בשקט.,1
"מרגיש שהחברים שיל שכחו שאני קיים, high key",1
"לא צריך לדאוג לי, פשוט תמשיכו הלאה בלעדיי",1
בואו נצא לריצה בבוקר מחר 😎.,0
"כמה מפתיע, שוב הרכבת מאחרת LOL",0
"literally, הלכתי היום לים, הה ממש כיף!!",0
"literally, לפני המבחן מחר אני כבר בפאניקה מלאה??",1
הפסקתי לצחוק אפילו מדברים שממש מצחיקים לול...,1
גמרתי אותו בשש-בש הערב יא חיים 🥱??,0
"omg, מרגיש שכולם מתחברים חוץ ממני אמאלה",1
"יא חיים kida, כאליו מישהו קורא תגובות בפייסבוק ברצינות חחח 👍 😴",0
"omg, מישהו יודע איפה אפשר להזמין פיצה טובה באזור",0
אף אחד לא שם לב שאני נעעלם מהקבוצה חחח 🔥 🙄.,1
מסתכל על החיים שליי כאילו הם כבר נגמרו...,1
"יש הופעה טובה השבוע בעיר, בא לך לבוא 🥳!",0
אני לא אראה אתכם יותר חחחחח??,1
אני מרגיש שהעולם מתקרב עליי ואין לי לאן לברוח 🥱?!,1
"high key, לא בטוח שאני אהיה כאן בעוד חודש 🔥",1
אני מת על הריח של קפה בבוקר... הוא הרג אוי בבדיחה הזאת 😴,0
"היום ביקשתי סליחה מכולם על הכל, סתם בשביל שיהיה וא ❤️",1
לפני שאני נכנס לחדר עם אנשים אני כבר בהתקף... יש לי התקף חרדה בעבודה ולא ידעתי איך להסתיר את זה!,1
"כמו תמיד, כולם מדבים ואף אחד לא עושה כלום לול.",0
אני ממתלבט אם לקנות רכב חדש או משומש וואלה..,0
אמאלה כאיילו מישהו בכלל שם לב אם אני מגיב לפוסט הזה ❤️,0
כל דבר קטן מרגיש כמו הר גבוה בלתי אפשרי 🤣.,1
בטח שהמנהל שם יזכור מה שהוא הבטיח חחח?!,0
יושב בבית לבד כל סופ״ש בזמן שכולם יוצאים. בזמן האחרון אני פשוט לבד ברוב המן!,1
"אמאלה לא הצלחתי להתקלח כבר כמה ימים, פשוט אין כוח. אין לי כוח אפילו לדברים הכי בסיסיים, kinda 👍 🔥?!",1
"אין לי אנרגיה אפילו לדברים שהכי אהבתי, כל דבר מרגיש קשה מנשוא בזמן האחרון",1
"same, כבר לא כותב תוכניות קדימה כי אין לי למה 🙌??",1
כבר שעה אני בודק שבו ושוב שנעלתי את הדלת??,1
גמרתי אותו בשש-בש הערב??,0
"ברור שהם יגידו שזה 'לטובתנו', תמיד ככה. העולם ממש הולך לשהתפר, בטח LOL..",0
"chill, כל אימייל שאני מקבל מהבוס מרגיש כמו איום קיומי!!",1
"high key, אף אחד לא שם לב שאני שקט לגמרי בקבוצה. מרגיש שאין לי אף אחד להתקשר אליו כשקשה לי?!",1
"פתחו קבוצה חדשה בלי שאני שם, ראיתי אותה במקרה 🥱.",1
אין לי ממש חברים לצאת איתם בופ״ש 🥳 🔥,1
אני מרגיש חנוק כל פעם שיש עומס בלוח הזמנים. אני לא מצליח לנשום כאילו העולם נופל עליי!,1
"literally, אני צריך להתחיל להתאמן שוב ברצינות 😏",0
כולם מתעלמים ממני בבית ספר כאילו אני לא קיים??,1
כאילו זה באמת ישנה משהו בסוף 😂?!,0
"omg, אני מת על הריח של קפה בבוקר!!",0
לפני המבחן מחר אני כבר בפאניקה מלאה LOL 🥳,1
"אני מתחיל קורס אונליין חדש השבוע. יורד גשם בטירוף בחוץ עכשיו, idk 👌..",0
כתבתי לכולם שאני אוהב אתום היום בלי סיבה מיוחדת 😂.,1
"כולם בקבוצה עזבו אותי בלי הסבר. עשו לי בלוק בכל הקבוצות בלי הסבר, i mean חחח!!",1
"fr, אין דבר העומד בפני הרצון!! 😂",0
שום דבר לא משתנה אם לא משנים כלום..,0
"לא כל הנוצץ זהב חברים, שתדעו?!",0
"not gonna lie, עדיף ציפור אחת ביד משתיים על העץ...",0
סוף מעשה במחשבה תחילה..,0
"Vibes, הפוסל במומו פוסל חחחח",0
אין חכם כבעל ניסיון.,0
"honestly, הזמן מרפא את הכל בסוף..",0
"חחחח הכל לטובה, אין ייאוש בעולם כלל ❤️",0
"low key, כל עכבה לטובה?!",0
מרבה נכסים מרבה דאגה!!,0
"no cap, החיפזון מהשטן...",0
מה שצריך לקרות יקרה בסוף.,0
"same, טובים השניים מן האחד!",0
מי שלא עושה לא טועה..,0
"kinda, חיים פעם אחת אז תהנו!! 😉",0
מים שקטים חודרים עמוק..,0
כל ההתחלות קשות אבל זה עובר...,0
"honestly, יום אסל יום באסל חחחח",0
"fr, הזמן טס כשנהנים!! 🥳",0
"מזג האוויר השתגע לגמרי, חורף באמצע הקיץ?!",0
הזמן נעצר מלכת מאז שהחליפו את השעון..,0
"Vibes, הגורל משחק בנו לפעמים..",0
שינויים בחיים זה דבר בלתי נמנע.,0
"not gonna lie, המזל הולך עם הטובים!! 😎",0
"החיים הם גלגל, פעם למעלה ופעם למטה..",0
"same, הכל זמני בחיים האלה...",0
העולם שייך לצעירים חחחח,0
"low key, הסתיו מביא איתו אנרגיות אחרות تماما..",0
הכל עניין של תזמון בחיים!!,0
"fr, לפעמים צריך פשוט לתת לזמן לעשות את שלו..",0
המזל תמיד משתנה ברגע האחרון?!,0
"no cap, הטבע תמיד מנצח בסוף..",0
שינוי כיוון בחיים זה תמיד לטובה!,0
"kinda, החיים מלאים בהפתעות..",0
"עוד יום, עוד דולר חחחח",0
"Vibes, השמש תזרח גם מחר!! ☀️",0
הכל קורה בדיוק בזמן שלו..,0
"honestly, החיים הם כמו קופסת שוקולד...",0
הזמן זורם כמו נהר ולא חוזר אחורה..,0
אני קבור בעבודה ולא רואה את האור יום!! 😫,0
"fr, המבחן הזה פשוט רצח אותי חחחח",0
הפקק באיילון זה פשוט סיוט שלא נגמר!!,0
"not gonna lie, הבית קפוא כמו המקפיא שלי..",0
"הטכנאי הרס לי את החיים, שעה אני מחכה לו!!",0
"no cap, התור בסופר הזה מייאש ברמות!! 🤬",0
השכנים עושים שיפוצים וכבר נשבר לי הראש..,0
"same, האוטובוס הזה לעולם לא יגיע חחחח",0
"low key, הבוס שלי משגע אותי היום!!",0
מתתי מרעב עד שהאוכל הגיע!! 🍕,0
"kinda, הבנק הזה הולך לסגור לי את החשבון..",0
האינטרנט פה פשוט איטי ברמות פסיכיות!!,0
"Vibes, המזגן פה הורג אותי, אני קופא..",0
"חחחח שוב שכחתי את המפתחות באוטו, איזה אסון!!",0
"honestly, המטבח שלי נראה כמו שדה קרב..",0
הכביסה הזאת פשוט לא נגמרת לעולם!! 🧺,0
"fr, הטלפון שלי עומד למות עוד שנייה..",0
המחירים בסופר הזה פשוט שחיטה!! 😭,0
"no cap, המרצה הזה מדבר כבר שלוש שעות רצוף..",0
הגב שלי שבור לגמרי אחרי האימון של אתמול!!,0
"not gonna lie, הרגליים שלי מתות מההליכה הזאת..",0
עייף ברמות של לישון שבוע רצוף חחחח,0
"Vibes, העיניים שלי נעצמות מול המחשב..",0
לחוץ רצח מהפרזנטציה מחר בבוקר!! 😬,0
"same, כאב שרירים מטורף אחרי הריצה...",0
הראש שלי מתפוצץ מרוב רעש!!,0
"low key, אני גמור מעייפות אחרי המשמרת הזאת..",0
הבטן שלי כואבת מרוב שאכלתי חחחח,0
"kinda, הכתפיים שלי תפוסות רצח מהישיבה...",0
"חייב קפה דחוף, האנרגיה שלי ברצפה!! ☕",0
"honestly, היד שלי כואבת מרוב כתיבה..",0
"fr, הגרון שלי יבש לגמרי מהחום הזה!!",0
עייפות של יום ראשון בבוקר זה משהו מיוחד..,0
"no cap, הרגליים שלי נפוחות מהעמידה הזאת..",0
האוזניים שלי כואבות מהאוזניות האלה!! 🎧,0
"same, לחוץ מהזמנים של הרכבת היום..",0
כואב לי הגב מהכיסא הלא נוח הזה!!,0
"Vibes, אני פשוט סמרטוט אחרי העבודה...",0
חחחח השרירים ברגליים שלי רועדים מהמדרגות..,0
"fr, הסופ""ש הזה הולך להיות לפנים!! 🔥",0
"not gonna lie, המסיבה אתמול הייתה מטורפת חחחח",0
"Vibes, האוכל פה פשוט ואו!! 😋",0
"חחחח אחי, קרעת אותי מצחוק עכשיו!!",0
"low key, הסרט הזה היה פשוט גאוני..",0
"same, האנרגיות בחדר הזה בשמיים!! 🎉🥳",0
"kinda, איזה כיף שסוף סוף יום חמישי..",0
"no cap, השיר הזה עושה לי את היום!!",0
הטיול הזה היה פשוט מושלם ❤️,0
"honestly, ההופעה הזאת הייתה שווה כל שקל!!",0
היההה פשוט אש אתמול בלילה!! 🔥,0
"Vibes, הבגדים האלה יושבים עליך בול..",0
"fr, הטיסה הזאת הולכת להיות חלום!! ✈️",0
"חחחח יצאת מלך, תודה על העזרה!!",0
"not gonna lie, הקינוח הזה פשוט אלוהי..",0
"התחדשתי באוטו חדש, סוף סוף!! 🚗",0
"same, הכל פשוט מושלם בעיניי..",0
"low key, התגעגעתי לאווירה הזאת רצח..",0
"no cap, החופש הזה הגיע בדיוק בזמן!!🥳",0
"kinda, חגיגות עד אור הבוקר חברים..",0
מתי הסניף בקניון נסגר היום?!,0
"fr, מישהו יודע איפה יש מוסך טוב באזור?!",0
"Vibes, מה התוכניות שלכם לסופש הקרוב??",0
"not gonna lie, איפה קונים כרטיסים למשחק?? ⚽",0
חחחח באיזה שעה המפגש שלנו מחר??,0
"same, מי בא איתי לים בשישי בבוקר??",0
"low key, מישהו מכיר מסעדה איטלקית טובה??",0
"no cap, מה השעה עכשיו בכלל?? 🕰️",0
יש למישהו המלצה על סדרה טובה בנטפליקס??,0
"kinda, מתי מתחיל הסמסטר הבא באוניברסיטה??",0
"honestly, איך מגיעים לתחנת רכבת מכאן??",0
מישהו יודע אם יש חניה באזור שם??,0
"fr, מתי יוצא האלבום החדש שלו?? 🎵",0
"חחחח מה הלו""ז שלכם להיום בערב??",0
"Vibes, איפה אפשר למצוא מתכון לעוגת שוקולד??",0
"not gonna lie, מי פנוי לשיחה קצרה בעניין העבודה??",0
"same, מתי חנויות הבגדים נפתחות בבוקר??",0
"low key, מישהו זוכר איך קוראים לשיר הזה??",0
"no cap, יש לכם המלצות לסמארטפון חדש?? 📱",0
איפה כדאי לטייל בצפון בסוף השבוע??,0
"kinda, מישהו יודע אם הדוור כבר הגיע היום??",0
"honestly, מה הקוד של הוויפיי פה?? 💻",0
"fr, מתי המשחק של מכבי מתחיל הערב??",0
"Vibes, שיהיה לכולם המשך יום מקסים!! ❤️",0
"חחחח החיים יפים, אל תקחו קשה...",0
"not gonna lie, עדיף מאוחר מאשר לעולם לא!",0
"הצחוק יפה לבריאות, אז תצחקו!! 🤣",0
"same, תמיד יש פעם ראשונה להכל..",0
"low key, הגלגל תמיד מסתובב בסוף!!",0
"no cap, יום חדש, הזדמנות חדשה..",0
"kinda, מי שלא מסתכן לא מרוויח!! 🎲",0
"honestly, הדברים הטובים לוקחים זמן...",0
הכל פתוח והרשות נתונה חחחח,0
"fr, מה שיהיה יהיה, אין מה לעשות!!",0
"Vibes, תזרמו עם החיים ותראו מה יקרה..",0
"העיקר הבריאות, כל השאר בונוס!! 😉",0
"not gonna lie, העולם קטן מאוד בסוף..",0
"same, כל יום לומדים משהו חדש!!",0
"low key, הצלחה מגיעה למי שעובד קשה..",0
"no cap, אין קיצורי דרך בחיים האלה!!",0
חחחח הכל פשוט עניין של גישה..,0
"kinda, הזמן עובר כשנהנים מהדרך!! 🌟",0
"honestly, השמיים הם הגבול עבורנו!!",0
"אף פעם אל תגיד אף פעם, ככה זה בחיים.",0
"הכל טוב שנגמר טוב, וזהו.",0
מי שלא מסתכן לא זוכה בכלום חחח.,0
"לא הכל הולך כמו שמתכננים, זה החיים.",0
כל התחלות קשות אבל בסוף מסתדר.,0
הזמן לא עוצר בשביל אף אחד ??,0
"kinda, מזג האוויר הזה עושה לי שיגעון.",0
אם היה אפשר לעצור את הזמן הייתי בוחר ביום גשם.,0
"תכל'ס מזל זה דבר מוזר, פעם ככה פעם ככה.",0
לפעמים אני חושב מה היה קורה אם הייתי נולד בעיר אחרת.,0
"low key, השינוי הזה בחיים שלי מלחיץ אותי בטוב.",0
"פילוסופית, הזמן פשוט זורם ולא מחכה.",0
"not gonna lie, מזג האוויר הזה הורג אותי חחחח.",0
"היום היה יום עבודה שלא נגמר, ממש קטסטרופה 😂",0
המבחן הזה עמד לחסל אותי אתמול בלילה חחח.,0
הפקק בכביש היה כזה סיוט שכמעט התפוצצתי.,0
"הבית קר כמו קוטב הצפון היום, איום ונורא.",0
"fr, העומס בעבודה השבוע היה בלתי נסבל.",0
הישיבה הזאת הרגה אותי מרוב שעמום 🥱,0
עוד יום עוד מלחמת עולם עם התור בסופר חחח.,0
"same, הבוקר הזה היה קטסטרופלי בלי קפה.",0
"המדפסת שוב לא עובדת, אני עומד להתפוצץ 😤",0
כואב לי הגוף כאילו עברתי משאית אחרי האימון.,0
"עייף מת אחרי המשמרת, ישר למיטה.",0
"כואבים לי השרירים מהריצה הבוקר, פשוט וואו.",0
לחוץ לפני המבחן אבל בטוח שיהיה בסדר.,0
עייפה עד המוות אחרי יום עבודה ארוך חחח.,0
"honestly, השרירים שלי שורפים אחרי החדר כושר.",0
כואב לי הגב מרוב ישיבה מול המחשב.,0
תשוש לגמרי אחרי המשמרת הכפולה הזאת 😴,0
"vibes, היום הזה היה פשוט מושלם ❤️",0
"kinda, מתרגש בטירוף לקראת החופשה!!",0
"not gonna lie, האוכל הזה היה מהאגדות 🔥",0
"no cap, הפגישה הזאת הייתה הכי כיפית אי פעם.",0
"fr, אני כזה שמח עכשיו לא נורמלי 🥳",0
היההה לי מדהים בבית קפה הזה אתמול.,0
"low key, אני על גל אושר כרגע ❤️🔥",0
"same, אני מת על החורף הזה עם השמיכות.",0
תגידו לי עד כמה שעות פתוח הסופר היום?,0
מה שעות הפעילות של הספרייה בשבוע הבא?,0
מה התוכניות שלכם לסוף השבוע הקרוב?,0
אני מתלבט איזה תחביב חדש לנסות השנה.,0
מישהו יודע מתי נפתחת המסעדה החדשה בעיר?,0
"kinda, מתכנן לצאת לטיול קצר בסופ""ש.",0
מה השעה שבה מתחילה ההרצאה מחר?,0
אני מחפש המלצה על סדרה טובה לצפייה.,0
עד כמה שעות המכולת פתוחה ביום שישי?,0
מתי בדיוק מתחילה ההנחה בקניון הזה?,0
חחחח מישהו יודע מה קורה עם מזג האוויר מחר?,0
אני חושב לפתוח קורס בישול השנה.,0
"מתעניין ללמוד לנגן על גיטרה, מישהו ממליץ מורה?",0
תכל'ס אין כמו סוף שבוע בלי תוכניות.,0
"כל דבר קורה בזמן שלו, אין מה למהר.",0
מי שמחכה בסבלנות תמיד מגיע רחוק.,0
"לא כל יום דומה לקודם, וזה יופי של החיים.",0
"מזל זה דבר מעניין, לפעמים בא ולפעמים לא.",0
"תכל'ס, אף אחד לא יודע מה מחר יביא.",0
"פילוסופית, כל רגע הוא ייחודי בדרכו.",0
"mood, השבוע הזה מרגיש כמו שנה שלמה 😅",0
היום היה כזה ארוך שהרגשתי כאילו עברו שבועות חחח.,0
"המחשב קרס לי באמצע העבודה, פשוט אסון 😩",0
"עוד תור אינסופי בבנק, אני נשבר.",0
"הישיבה הזאת נמשכה נצח, ממש עינוי.",0
"low key, המבחן מחר עומד להיות בלתי אפשרי.",0
כואב לי הראש מרוב ריכוז בעבודה היום.,0
תשושה לגמרי אחרי יום קניות ארוך.,0
עייף כמו כלב אחרי המשחק בכדורגל היום.,0
כואבות לי הרגליים מרוב הליכה בטיול.,0
היההה לי כיף רציני במסיבה של אתמול חחח.,0
"no cap, זה היה הערב הכי טוב שהיה לי.",0
"kinda, אני בענן עכשיו אחרי הבשורה הטובה 🥳",0
"מה דעתכם על הסרט החדש שיצא, כדאי לראות?",0
מישהו מכיר מסעדה טובה לארוחת ערב הערב?,0
אני מתכנן לצייר משהו חדש השבוע.,0
תגידו איפה כדאי לקנות בגדים איכותיים בעיר?,0
מה התחזית למזג האוויר בסוף השבוע?,0
"fr, אני כל כך מתרגשת מהטיול הקרוב!!",0
"היום בעבודה היה עומס בטירוף, פשוט מלחמה.",0
"הפקק הבוקר גרם לי לאחר לפגישה, סיוט אמיתי.",0
"קר לי בבית כמו במקרר, חייבים חימום.",0
"עוד פעם המדפסת נתקעת, זה מטריף אותי 😤",0
"same, יום שני תמיד מרגיש כמו קרב הישרדות.",0
"תכל'ס, כל יום מביא הפתעות משלו.",0
"מי שמחפש ימצא, ככה תמיד היה.",0
"אין רע בלי טוב, וזה נכון תמיד.",0
"חחח, המבחן הזה עמד לגמור אותי אתמול בלילה.",0
כואב לי הגוף מרוב עמידה במטבח כל היום.,0
עייפה עד הסוף אחרי משמרת לילה ארוכה.,0
כואבת לי היד מרוב כתיבה בעבודה היום.,0
"low key, השרירים כואבים אחרי הריצה בבוקר.",0
"vibes, היום הזה פשוט זרם נהדר 🔥",0
"no cap, האוכל במסעדה החדשה היה מטורף.",0
"kinda, מתרגש לקראת המסיבה בסוף השבוע!!",0
מה שעות הפתיחה של חדר הכושר בחגים?,0
מישהו ממליץ על ספר טוב לקרוא בקיץ?,0
"תכננתי טיול לצפון, מישהו מכיר מקומות יפים?",0
אני מתלבט אם ללמוד שפה חדשה השנה.,0
מה התוכנית שלכם לחגים הקרובים?,0
תגידו איפה אפשר למצוא כרטיסים להצגה?,0
"פילוסופית, לכל דבר יש התחלה וסוף.",0
"מזג האוויר הזה משנה כל הזמן, מוזר.",0
"תכל'ס, החיים הם מסע מפתיע כל הזמן.",0
"לא הכל צריך להבין, לפעמים פשוט לזרום.",0
"כל שינוי מפחיד קצת בהתחלה, זה נורמלי.",0
"חחחח, הפקק הבוקר היה כמו סוף העולם.",0
העומס בעבודה השבוע היה בלתי אנושי ממש.,0
"המבחן מחר עומד לחסל אותי, אני מרגיש.",0
"קר פה כמו בקוטב, מישהו יביא שמיכה.",0
"תור בסופר היום היה נצחי, פשוט אסון.",0
כואב לי הגב אחרי הובלת הרהיטים היום.,0
עייף לגמרי אחרי המשמרת הכפולה הזאת 😴,0
כואבות לי הידיים מרוב עבודה בגינה.,0
תשוש אחרי הריצה הארוכה של הבוקר.,0
היההה לי מטורף בקונצרט אתמול חחח 🔥,0
"no cap, זה היה הכי כיף שהיה לי השנה.",0
"fr, אני שמח בטירוף על החדשות הטובות!!",0
"vibes, הבוקר הזה פשוט מושלם עם קפה ❤️",0
מה שעות הפעילות של הבריכה בקיץ?,0
מישהו יודע איפה כדאי לאכול פיצה טובה?,0
אני מתכנן לנסות מתכון חדש הערב.,0
מה התוכניות שלך לחופשה הקרובה?,0
תגידו איפה אפשר לקנות כרטיסים למופע?,0
מישהו מכיר מורה טוב ליוגה באזור?,0
"תכל'ס, לפעמים הזמן עף ולפעמים זוחל.",0
"כל אחד הולך בדרך שלו, וזה בסדר.",0
מי שמחפש דרך תמיד ימצא אותה בסוף.,0
"פילוסופית, השינוי הוא הדבר הקבוע היחיד.",0
לא תמיד יודעים מה מחכה מעבר לפינה.,0
"חחח, יום שני תמיד מרגיש כמו קרב.",0
"העבודה השבוע הייתה עומס בלתי נתפס, ממש.",0
"הפקק הזה גזל לי שעה שלמה, סיוט.",0
"קר בבית כמו במרתף, חייבים לחמם.",0
"המבחן מחר מלחיץ אותי בטירוף, כבר לומד.",0
כואב לי הראש מרוב ישיבות בעבודה היום.,0
עייפה לגמרי אחרי יום ארוך בעבודה.,0
כואבות לי הרגליים אחרי הליכה ארוכה בעיר.,0
"low key, השרירים כואבים אחרי החדר כושר אתמול.",0
"תשוש אחרי משמרת לילה שלמה, ישר למיטה.",0
"vibes, הערב הזה פשוט מדהים עם חברים 🥳",0
"no cap, הטיול הזה היה הכי כיף בעולם.",0
"kinda, מתרגשת בטירוף מהחדשות הטובות היום!!",0
"fr, אני על ענן תשע אחרי הבשורה 🔥",0
מה שעות הפתיחה של המוזיאון בשבת?,0
מישהו מכיר מסלול טיול יפה לסוף השבוע?,0
אני מתלבט איזה קורס בישול לבחור.,0
תגידו מה כדאי לראות בעיר בערב?,0
מה התוכנית שלכם לחג הקרוב?,0
"תכל'ס, כל דבר קורה כשצריך לקרות.",0
מי שמחכה בסבלנות תמיד זוכה בסוף.,0
"פילוסופית, הזמן הוא המורה הכי טוב.",0
"חחחח, הפקק הבוקר היה כמו תסריט אימה.",0
"kinda, הכל טוב שנגמר טוב...",0
"honestly, אף פעם אל תאמר אף פעם!!",0
"vibes, אין עשן בלי אש, ככה אומרים..",0
"fr, אחרי הגשם תמיד יוצאת השמש 🌤️",0
"same, הזמן עושה את שלו...",0
"low key, גם זה יעבור, במיוחד הפקק הזה 😂",0
"no cap, סוף מעשה במחשבה תחילה!!",0
"kinda, הדרך חשובה לא פחות מהיעד.",0
"honestly, מזל זה עניין של תזמון לפעמים..",0
"vibes, כל יום מביא איתו משהו חדש 😎",0
"fr, לא בוכים על חלב שנשפך, ממשיכים הלאה.",0
"same, לכל דבר יש את הזמן שלו...",0
"low key, העולם ממשיך להסתובב גם כשקר בחוץ 🥶",0
"no cap, מי שמחכה בסוף גם מקבל!!",0
"kinda, אין קיצורי דרך לקפה טוב ☕",0
"honestly, לפעמים צריך פשוט לפתוח חלון...",0
"vibes, כל סוף הוא גם התחלה של משהו אחר.",0
"fr, הכל עניין של זווית הסתכלות 🤷",0
"same, לא כל מה שנוצץ הוא זהב...",0
"low key, הדרך הארוכה לפעמים הכי מעניינת.",0
הפקק הזה גמר אותי חחח,0
"אני מת מרעב, מתי כבר אוכלים?!",0
הקור בבית הורג אותי 😂,0
"המבחן פירק אותי, אבל עברתי.",0
הגב שלי כואב מהאימון...,0
נרדמתי ישר אחרי המשמרת 😴,0
הכתפיים תפוסות בטירוף.,0
הרגליים שרופות מהריצה 🔥,0
העיניים נעצמות מרוב עייפות.,0
הידיים כואבות מהסחיבות.,0
אני גמור אחרי הניקיונות חחח,0
היה יום עמוס ברמות...,0
איזה חוםםם בחוץ!!,0
המזגן שוב עושה בעיות...,0
האינטרנט נתקע כל שנייה 🤦,0
"נגמר לי הקפה, זה אסון קטן 😂",0
שכחתי את המטען בבית...,0
שוב אין חניה ליד העבודה.,0
הכביסה לא נגמרת לעולם חחח,0
נגמר הנייר במדפסת?!,0
מי הזיז לי את העכבר?,0
החתול שוב ישן על המקלדת.,0
הכלב גנב לי את הגרב 🤣,0
הקומקום עושה רעשים מוזרים.,0
הטלפון על 2 אחוז...,0
היההה פקק מטורף בדרך.,0
שכחתי לקנות חלב שוב.,0
הפיצה התקררה כבר...,0
השעון המעורר בגד בי 😅,0
הגשם תפס אותי בלי מטרייה.,0
הקפה נשפך על השולחן...,0
לא מצאתי את השלט לטלוויזיה.,0
הכיסא חורק כל פעם.,0
המאוורר עושה רוח חזקה מדי.,0
הסוללה נגמרת מהר היום.,0
איזה תור ארוך בסופר!!,0
חיכיתי שעה לדואר...,0
לא מצאתי גרב תואמת חחח,0
המקרר ריק כמעט לגמרי.,0
המעלית שוב איטית...,0
כמה זמן לוקח להכין פופקורן?!,0
היום עבר מהר דווקא.,0
איזה כיף שסיימתי מוקדם 🥳,0
הסדרה הזאת ממכרת 😂,0
יצא קפה מושלם הבוקר ❤️,0
מצאתי מקום חניה ישר!!,0
הטיול היה ממש כיף.,0
האוכל יצא אש 🔥,0
איזה מזג אוויר מושלם.,0
התמונה יצאה נדירה 😎,0
חחח הסרט הזה קורע.,0
היה ערב מצחיק רצח 🤣,0
מחר נוסעים לים!,0
השיר הזה תקוע לי בראש.,0
הצלחתי לסיים הכל בזמן.,0
היום התחיל טוב ונשאר ככה.,0
איזה נוף יפה ❤️,0
קיבלתי משלוח מוקדם מהצפוי.,0
העוגה יצאה מעולה.,0
איזה וייב טוב היום ✨,0
שווה לגמרי לחכות לשקיעה.,0
מה שעות הפתיחה היום?,0
מישהו יודע מתי האוטובוס מגיע?,0
איפה יש קפה טוב באזור?,0
"איזה סרט מומלץ לסופ""ש?",0
מי בא לשחק בערב?,0
יש המלצה למסעדה טובה?,0
מתי מתחיל המשחק?,0
כמה עולה הכרטיס?,0
יש חניה ליד המקום?,0
מישהו היה שם כבר?,0
מה התחזית למחר?,0
מי רוצה לצאת לטייל?,0
באיזה שעה נפגשים?,0
איפה קונים את זה?,0
איך מגיעים לשם?,0
מישהו מכיר אינסטלטור טוב?,0
"מה התוכניות לסופ""ש?",0
איזה ספר כדאי להתחיל?,0
כמה זמן הנסיעה?,0
אפשר להביא גם חבר?,0
השעון הזה נראה מעולה.,0
החלפתי רקע בטלפון.,0
סידרתי סוף סוף את החדר.,0
שתלתי עציץ חדש 🌱,0
היום ניקיתי את הרכב.,0
מצאתי חולצה ששכחתי ממנה.,0
הארון סוף סוף מסודר.,0
הכנתי פסטה לארוחת ערב.,0
החלפתי נורה בבית.,0
קניתי מחברת חדשה.,0
העכבר האלחוטי עובד מעולה.,0
הזמנתי ספר חדש.,0
סיימתי להרכיב את המדף.,0
שטפתי את האופניים.,0
החלון היה פתוח כל היום.,0
האוזניות נטענו סוף סוף.,0
השמש נכנסה בדיוק לסלון.,0
הרוח היום ממש חזקה.,0
העננים נראים מגניב.,0
יש ריח של גשם באוויר.,0
הבוקר התחיל מוקדם.,0
הערב נהיה קריר.,0
הירח נראה ענק הלילה.,0
הים רגוע היום.,0
העצים זזים מהר ברוח.,0
הכביש רטוב עדיין.,0
האוויר מרגיש נקי.,0
הפרחים התחילו לפרוח.,0
השקיעה הייתה יפה ממש.,0
הזריחה הייתה צבעונית.,0
השמיים כחולים היום.,0
הגשם הפסיק סוף סוף.,0
הקפה חימם אותי בבוקר.,0
התה היה בדיוק במקום.,0
המרק יצא חם מדי 😂,0
הפלאפל היה טעים רצח.,0
הגלידה נמסה מהר.,0
העוגיות נעלמו איכשהו חחח,0
האבטיח היה מתוק.,0
הקולה הייתה קרה בדיוק.,0
הטוסט נשרף קצת.,0
הפופקורן יצא מושלם.,0
השוקולד נגמר מהר.,0
הפיצה הייתה ענקית.,0
הסלט יצא רענן.,0
האורז היה אחד אחד.,0
ההמבורגר היה שווה.,0
הקינוח היה מטורף 😋,0
היום זז לאט בגלל החום.,0
השעון מקדים בכמה דקות.,0
הטלפון צלצל בדיוק בזמן.,0
היום עמוס אבל מסתדר.,0
עוד מעט כבר סוף השבוע...,0
החיוך של הילד היה מדבק 😊,0
הרחוב שקט היום.,0
המוזיקה ברקע עושה אווירה.,0
הספל החדש ממש נוח.,0
הספר הזה זורם בקלות.,0
היום פשוט המשיך כרגיל.,0
אני נהנה לשבת לבד עם קפה וספר טוב.,0
"קצת עצוב שנגמרה הסדרה, אבל איזה סוף מעולה.",0
מתגעגע כבר לחופשה ההיא בים 🌊,0
חסר לי הריח של הסבתא במטבח.,0
איזה כיף להיות לבד בבית לשעתיים.,0
הלילה עבר בלי שינה מרוב התרגשות לטיסה.,0
הצטננתי קצת אבל כבר מרגיש הרבה יותר טוב.,0
כאב ראש קטן והקפה סידר הכול.,0
"רבנו על הסרט לבחור, ואז צחקנו על זה.",0
חחח איזה דרמה בגלל שנגמר החלב.,0
לבד עם המוזיקה זה בדיוק ה-vibes שהייתי צריך.,0
הנזלת הזאת לא מוותרת 😂,0
מתגעגע לשיעורים של יום שישי בתיכון.,0
"עצוב שהקיץ נגמר, מחכה כבר לחורף.",0
חסר לי הטעם של הפיצה מהטיול באיטליה.,0
"לא ישנתי כל הלילה בגלל ההופעה, היה שווה.",0
"ריב קטן, חיבוק גדול, הכול הסתדר.",0
"איזה אירוני, נפל לי הטוסט בדיוק כשהייתי רעב.",0
לבד על המרפסת עם רוח נעימה.,0
הגרון קצת כואב אבל זה יעבור.,0
חחחח נתקעתי בפקק של חמש דקות כאילו סוף העולם.,0
געגוע קטן לטיול השנתי.,0
כאב גרון קל ולא יותר מזה.,0
"עצוב שהחופשה הסתיימה, היו זיכרונות מדהימים.",0
חסר לי הקפה של המשרד.,0
"רבנו על מי שוטף כלים, classic.",0
לילה בלי שינה כי חיכיתי לזריחה.,0
"לא מאמין ששכחתי את המטרייה, fr איזה מזל.",0
לבד בבית עם פלייליסט חדש.,0
הצטננות של יומיים וזהו.,0
מתגעגע לריח של הגשם הראשון.,0
"עצוב שהקונצרט נגמר, נהניתי מכל רגע.",0
חסר לי השוק החם של החורף.,0
הוויכוח נגמר עוד לפני שהתחיל.,0
"איזה קטע, דווקא היום הסוללה נגמרה.",0
"לא ישנתי בגלל המסיבה, היה מטורף.",0
לבד בטיול זה דווקא מרגיע.,0
כאב ראש קטן אחרי יותר מדי מסכים.,0
געגועים לקיץ הקודם 😎,0
"עצוב שהספר הסתיים, היה ממכר.",0
חסר לי הנוף מהצימר.,0
חחח איזה מזל ששפכתי מים ולא קפה.,0
ריבון קטן על מוזיקה באוטו.,0
הנזלת עושה ביקור קצר.,0
לילה לבן בגלל ההתרגשות מהמשחק.,0
לבד עם הכלב בפארק.,0
honestly היה מצחיק כמה התבלבלנו בדרך.,0
מתגעגע לחברים מהצבא.,0
"עצוב שהעונה הסתיימה, מחכה לבאה.",0
חסר לי השקט של הבוקר.,0
"רבנו מי ינצח במשחק, הכול בצחוק.",0
הגרון משתפר מיום ליום.,0
לבד עם מחברת ורעיונות חדשים.,0
כאב קל בכתף אחרי אימון.,0
געגוע קטן לבית של ההורים.,0
"חחחח איזה אסון, נגמרו העוגיות.",0
לא ישנתי כי ארזתי למחר.,0
עצוב שהפסטיבל נגמר.,0
חסר לי הים של אילת.,0
ריב קטן ואז הזמנו פיצה.,0
same כל פעם אני שוכח איפה החניתי.,0
לבד במרפסת עם תה.,0
"הצטננות קלה לפני הסופ""ש.",0
מתגעגע לספסל הקבוע בפארק.,0
עצוב שהגשם הפסיק.,0
חסר לי הריח של הפרחים באביב.,0
ויכוח קטן על צבע הקיר.,0
לא ישנתי בגלל ההתרגשות מהחתונה.,0
"איזה אירוני, בדיוק כשניקיתי שוב התלכלך.",0
לבד עם אוזניות זה מושלם.,0
כאב ראש קל אחרי סרט ארוך.,0
געגועים לטיול בצפון.,0
עצוב שנגמרו החגים.,0
חסר לי האוויר של ההרים.,0
ריב קטן שנפתר עם חיוך.,0
low key נהניתי להיות לבד היום.,0
האף סתום אבל אני מסתדר.,0
מתגעגע לערבי משחק עם החברים.,0
עצוב שההופעה הסתיימה.,0
חסר לי המאפים של שבת.,0
חחח איזה לחץ בגלל מפתח שנמצא בכיס.,0
לילה בלי שינה מרוב ציפייה.,0
לבד עם הקפה של הבוקר.,0
כאב גרון קטן וכבר עובר.,0
געגוע קל לחופשת הפסח.,0
עצוב שהסרט נגמר כל כך מהר.,0
חסר לי השוק של יום שישי.,0
"ריב קטן על מזגן, שום דבר מיוחד.",0
not gonna lie היה לילה מטורף מרוב התרגשות.,0
הצטננות קטנה באמצע הקיץ.,0
לבד בטבע זה מרגיש נהדר.,0
מתגעגע לרחובות הישנים בעיר.,0
עצוב שהאירוע הסתיים.,0
חסר לי הצל של העץ בחצר.,0
"איזה קטע, שוב שכחתי את המטען.",0
לא ישנתי כי צפיתי במטר מטאורים.,0
רבנו על המסלול ואז זרמנו.,0
הנזלת כמעט נעלמה.,0
לבד עם מצלמה וזריחה.,0
כאב ראש קטן אחרי הרבה מוזיקה.,0
געגוע לרכבת הישנה.,0
עצוב שנגמר סוף השבוע.,0
חסר לי הטיול במדבר.,0
חחחח כמעט פספסתי את התחנה.,0
ריב קטן על מי בוחר שיר.,0
לילה לבן בגלל מסיבת הפתעה.,0
לבד עם הפאזל החדש.,0
הגרון כבר כמעט רגיל.,0
מתגעגע לבית הקפה השכונתי.,0
עצוב שהעלים כבר נשרו.,0
חסר לי הבריזה מהחוף.,0
no cap היה שווה להישאר ער.,0
"איזה אירוני, התור התקדם כשיצאתי.",0
לבד עם מחברת ציורים.,0
כאב קטן ברגל אחרי הליכה.,0
געגועים לחופשת הקיץ.,0
עצוב שהעוגה נגמרה 🍰,0
חסר לי הטוסט של הבוקר.,0
ריב קטן שנשכח אחרי דקה.,0
הצטננות קצרה ותה חם.,0
לילה בלי שינה כי חיכיתי לאורחים.,0
לבד במטבח ומנסה מתכון חדש.,0
מתגעגע לשכונה הישנה.,0
עצוב שהאירוח הסתיים.,0
חסר לי הספסל ליד האגם.,0
חחח איזה בלאגן בגלל גרב אחת.,0
רבנו על קלפים ואז המשכנו לשחק.,0
האף עדיין קצת סתום.,0
לבד עם השקיעה זה קסם.,0
כאב ראש קל ונחתי קצת.,0
געגוע קטן לחופשות המשפחתיות.,0
עצוב שנגמרה החופשה.,0
חסר לי הריח של הספרים הישנים.,0
honestly איזה כיף היה להיזכר בזה.,0
לא ישנתי בגלל שיחת לילה מצחיקה.,0
ריב קטן שנגמר בצחוק.,0
הגרון כבר מרגיש מצוין.,0
לבד עם הפלייליסט הישן.,0
מתגעגע לשוק של העיר העתיקה.,0
עצוב שהאביב חלף.,0
חסר לי הגלידה ההיא.,0
"איזה אירוני, באתי מוקדם וכולם איחרו.",0
לילה לבן לפני הטיול הגדול.,0
הצטננות קלה אבל מצב רוח מצוין 😄,0
לבד עם קפה וגשם בחוץ.,0
חחחח כל הדרמה הייתה בגלל השלט.,0
מתגעגע לערבי המדורה.,0
"עצוב שהמשחק הסתיים, היה כיף.",0
חסר לי הנוף מהמרפסת הישנה.,0
רבנו על איזה פיצה להזמין ואז הזמנו שתיים.,0
"אם ההודעה הזו מגיעה אליכם, תדעו שבאמת ניסיתי ושאהבתי אתכם הכי בעולם.",1
כתבתי את מה שלא הצלחתי להגיד.,1
"הכל נמצא בפתק שהשארתי בתוך הקלסר על השולחן, סליחה שלא החזקתי מעמד.",1
השארתי מכתב במקום שתמצאו אותו בקלות.,1
"השארתי פתק מסודר בתוך הספר שעל השידה, תודה על הטיפול המסור בי.",1
"אם תמצאו את הפתק הזה במגירה שלי בבקשה אל תכעסו עליי, תודה על הכל וסליחה.",1
"השארתי את כל התשובות בקובץ טקסט על שולחן העבודה במחשב, סליחה.",1
"תודה על כל השנים האלה, השארתי לכם הודעה מוקלטת בטלפון הישן שלי.",1
"כשאתם מוצאים את זה תדעו שהגיע הזמן שלי ללכת, תודה על הכל.",1
"אם אתם קוראים את זה, תדעו שלא נשאר לי כוח להילחם יותר, סליחה.",1
"כתבתי לכם משהו ארוך, זה מחכה לכם במגירה האמצעית של השולחן בחדר שלי.",1
כתבתי הכול כדי שלא תכעסו עליי.,1
"יש מכתב שמחכה לכם בארון העליון, תקראו אותו רק כשלא אהיה פה יותר.",1
"אם הגעתם לפתק הזה, הכול כבר השתנה.",1
"יש הודעה בטיוטות, בבקשה תקראו אותה.",1
"אם תקראו את זה, כנראה שכבר איחרתי.",1
השארתי מעטפה עם כל מה שרציתי לומר.,1
"אם מצאתם את הפתק הזה, תדעו שאהבתי אתכם עד הרגע האחרון, סליחה.",1
"העברתי את כל הזכויות והנכסים שלי על שמך, הטפסים החתומים נמצאים במגירה.",1
"אם אתם מוצאים את זה, תדעו שזה לא בגללכם, המכתב המלא במגירה.",1
השארתי הסבר קטן ליד המחשב.,1
"תודה על כל מה שנתתם לי, השארתי מכתב.",1
"הפקדתי את כל החסכונות שלי לטובת הילדים, לפחות שיהיה להם עתיד טוב יותר.",1
"כתבתי הכל בפתק קטן שנמצא בכיס של המעיל השחור שלי, סליחה.",1
המכתב ליד הספר הוא בשבילכם.,1
"כשתמצאו את הדף הזה הכל כבר יהיה שונה, תודה על החברות שלכם.",1
"אם ההודעה הזו נשלחה, זה אומר שהגיע הזמן שלי ללכת, סליחה על הכל.",1
"סליחה שאני משאיר לכם רק מכתב, לא היה לי אומץ להגיד את זה.",1
"רציתי רק לבקש סליחה מכל מי שפגעתי בו אי פעם, הכל כבר מאחוריי.",1
"השארתי לכם פתק קטן בתיקייה על השולחן בחדר העבודה, בבקשה אל תכעסו.",1
"תודה על שהייתם שם בשבילי, המילים האחרונות שלי מחכות לכם על השולחן.",1
"אם אתם רואים את המילים האלה, תדעו שניסיתי הכל, המכתב על השולחן.",1
"כשתראו את המכתב הזה הכל כבר יהיה מאחוריי, תודה על השנים היפות.",1
"השארתי לכם מכתב אחרון מתחת למנורת הלילה, תודה שהייתם המשפחה שלי.",1
"השארתי לכם מכתב קטן, תודה על הכול.",1
"תודה על הכל, השארתי לכם מכתב קטן בתוך הארנק שלי, סליחה על הכל.",1
"נתתי לשכן את המפתחות של הדירה, תבואו לקחת את הדברים שלי מתי שתרצו.",1
המעטפה הלבנה מיועדת רק לכם.,1
"אם אתם רואים את הפוסט הזה, כנראה שכבר לא יכולתי לשאת את זה יותר.",1
"אם מצאתם את זה, תדעו שניסיתי.",1
"כשתקראו את המילים האלה כנראה שהכל כבר נגמר, תודה שהייתם החברים שלי.",1
"כתבתי לכם הכל בפתק שהצמדתי למקרר, בבקשה אל תבכו בגללי.",1
המילים שלא הצלחתי לומר נמצאות במכתב.,1
"כל החפצים האישיים שלי ארוזים בתיק הגדול ליד הדלת, תעשו איתם מה שתרצו.",1
"תודה על כל השנים, הכול כתוב שם.",1
"כשאתם קוראים את הפוסט הזה תדעו שסוף סוף מצאתי מנוחה, סליחה מכולם.",1
המילים האחרונות שלי מחכות לכם במעטפה.,1
"אני משאיר את זה כאן כדי שתבינו למה, אל תחפשו אותי ותשמרו על עצכם.",1
"כתבתי לכם הכול, תודה וסליחה.",1
יש הודעה שמורה בטלפון בשבילכם.,1
המכתב מחכה לכם במדף העליון.,1
"ניקיתי את כל החדר וסידרתי את החפצים שלי בקופסאות, עכשיו הכל מוכן ומאורגן.",1
יש דף אחד בשבילכם במגירה התחתונה.,1
"כתבתי משהו חשוב, אל תזרקו אותו.",1
השארתי תשובות במקום שלא תפספסו.,1
השארתי הודעה שלא היה לי אומץ לשלוח.,1
"אם הגעתם לקרוא את זה, כבר הבנתם לבד.",1
"יש מסמך בתיקייה, בבקשה אל תדלגו עליו.",1
"אם אתם קוראים את המילים האלה, תדעו שהחלטתי להפסיק לסבול, סליחה.",1
"אם ההודעה הזו הגיעה אליכם, תדעו שהמסע שלי נגמר פה, סליחה.",1
"אם אני כבר לא עונה, תקראו את המכתב.",1
בבקשה תקראו את הפתק לפני שתשפטו.,1
"השארתי לכם הודעה מפורטת בפתקים של הטלפון, הסיסמה היא ארבעת האפסים.",1
"סליחה אם הכאבתי, הכול מוסבר שם.",1
השארתי לכם פתק קטן לפני שיצאתי.,1
"אם תקראו את המילים האלה, תדעו שאהבתי אתכם הכי שאפשר, סליחה מכולם.",1
המכתב במגירה מסביר הכול.,1
"כשתקראו את המכתב הזה אני כבר אהיה רחוק, תודה על הכל וסליחה.",1
"יש מכתב בתוך הקופסה שעל המדף, בבקשה תפתחו אותו רק כשלא אהיה.",1
"השארתי לכם מכתב, מקווה שתבינו הכול בסוף.",1
"יש מכתב שמסביר הכל בתוך המגירה של הבגדים, סליחה שלא שיתפתי אתכם.",1
"כתבתי לכם מכתב פרידה, הוא נמצא בתוך המגירה הנעולה, המפתח על המדף.",1
"סיימתי את כל ההתחייבויות שלי בעולם הזה, תודה לכל מי שניסה לעזור לי.",1
"אני משאירה לכם מכתב פרידה על השולחן, אל תאשימו את עצמכם בכלום.",1
"השארתי את הטלפון שלי פתוח ללא סיסמה על השולחן, תעשו בו מה שצריך.",1
"השארתי את המפתח של הכספת במקום הרגיל שלנו, כל מה שיש לי שם שלכם.",1
יש הודעה שמחכה לכם כשתמצאו אותה.,1
"כשאתם מוצאים את הדף הזה, תדעו שהייתי חייב להפסיק את הכאב הזה, סליחה.",1
"סליחה שאני עושה את זה ככה, יש מכתב שמסביר הכל בתוך המגירה.",1
"הכל נמצא בדף מקופל בתוך הספר המועדף עליי, תודה על כל האהבה.",1
כשהדף הזה יגיע לידיים שלכם אני כבר אהיה במקום אחר ורגוע יותר.,1
יש משהו חשוב בתיקייה שעל השולחן.,1
כל מה שלא הצלחתי להגיד בקול כתבתי בפתק על השידה שליד המיטה.,1
"כתבתי הכול במכתב, אין לי כוח לומר בקול.",1
"מי שימצא את המכתב הזה, בבקשה תמסרו לאמא שאני מצטערת ושאהבתי אותה.",1
"הכל כתוב בקובץ על המחשב שלי, הסיסמה היא יום ההולדת שלי, תודה שהייתם שם בשבילי.",1
"אם מצאתם את ההודעה הזאת, תשמרו עליה.",1
כל מה שלא אמרתי נמצא במכתב.,1
כתבתי הכול כדי שלא תישארו עם שאלות.,1
כתבתי לכם כמה מילים אחרונות במחברת.,1
"תמצאו מעטפה ליד המיטה, היא מיועדת לכם.",1
"הכל מוסבר במכתב שהשארתי לכם בתוך התיק, בבקשה אל תרגישו אשמים.",1
"אם תמצאו את המחברת, תבינו למה.",1
"סליחה, כל מה שרציתי לומר כבר כתוב.",1
השארתי לכם הסבר מסודר בתיק.,1
יש מילים אחרונות שמחכות לכם במגירה.,1
"השארתי לכם מכתב מפורט על השולחן בחדר, תפתחו אותו רק מחר בבוקר בבקשה.",1
"השארתי מכתב מסודר מתחת למקלדת, בבקשה תקראו אותו רק כשיהיה שקט.",1
"השארתי משהו במגירה, בבקשה תקראו עד הסוף.",1
תמצאו את ההודעה במקום הרגיל שלי.,1
"אם מישהו רוצה את הלפטופ שלי הוא מוזמן לקחת אותו, השארתי אותו פתוח ומחוק.",1
"כתבתי לכם משהו קטן, זה מחכה מתחת לכרית שלי, סליחה על הכל.",1
"רציתי להפרד מכולם בפעם האחרונה, תודה על הרגעים היפים שהענקתם לי בחיים.",1
"סליחה על הכול, השארתי לכם מכתב.",1
"כשאתם קוראים את המילים האלה אני כבר לא שם, סליחה שלא הייתי חזקה מספיק בשבילכם.",1
"אם אתם קוראים את זה, כנראה שכבר מאוחר.",1
"היה לי טוב איתכם, יש דף מקופל בארון הבגדים שמסביר הכל, תודה וסליחה.",1
"השארתי לכם מילים אחרונות בתיבת הדואר, סליחה שלא הייתי מספיק חזק בשבילכם.",1
יש כמה שורות אחרונות במחברת שלי.,1
"כתבתי לכם פתק קטן, הוא מחכה מאחורי התמונה המשפחתית בסלון, תודה.",1
"אם תמצאו את ההודעה הזאת, כבר לא אצליח להסביר.",1
"השארתי את הגיטרה האהובה שלי מחוץ לדלת שלכם, תדעו שהיא שלכם עכשיו.",1
"כשתראו את ההודעה הזו כנראה שכבר לא אהיה פה, תודה וסליחה על הכל.",1
"מחקתי את כל החשבונות שלי ברשתות, הגיע הזמן להיעלם בשקט ובלי להשאיר עקבות.",1
"תקחו מהחדר שלי מה שאתם רוצים, אני כבר לא צריך כלום לעצמי.",1
"כל מה שלא אמרתי נמצא במכתב מתחת ללפטופ שלי, תודה על הכל.",1
"השארתי מכתב פרידה שקט במגירה התחתונה, סליחה על כל הכאב שגרמתי.",1
"אם מצאתם את הפתק, כנראה שזה הזמן.",1
יש הודעה מתוזמנת שתגיע אליכם.,1
"סליחה על הכל, יש מכתב שמסביר הכל בתיקייה הכחולה על השידה.",1
השארתי לכם כמה מילים של פרידה.,1
"הכל כתוב במחברת שעל המדף, תקראו אותה כשאני לא אהיה פה בשביל להסביר.",1
"תודה על הכל, החזרתי את כל החובות שלי וסגרתי את כל הקצוות הפתוחים.",1
"אם תקראו עד הסוף, אולי תבינו אותי.",1
"השארתי לכם הודעה ארוכה בטיוטות של המייל שלי, סליחה שלא אמרתי בפנים.",1
המעטפה שעל השולחן מסבירה הכול.,1
כתבתי לכם הכול לפני שהלכתי.,1
כתבתי את כל האמת במחברת הכחולה.,1
"העברתי לך את כל הכסף שנשאר לי בחשבון, תשתמש בו לדברים טובים.",1
"אם תקראו את זה, בבקשה אל תאשימו את עצמכם.",1
יש כמה מילים בשבילכם ליד הכרית.,1
"חילקתי את כל הבגדים והספרים שלי לחברים, ממילא אין לי בהם צורך יותר.",1
"הסברים להכל נמצאים במחברת הקטנה בתיק הגב שלי, סליחה שלא שיתפתי אתכם.",1
השארתי לכם הסבר מפורט בקובץ וורד בתוך התיקייה הראשית במחשב שלי.,1
"אם תגיעו לזה, תדעו שהייתה לי סיבה.",1
כתבתי הכול כדי להיפרד כמו שצריך.,1
"רציתי להגיד תודה לכל מי שהיה חלק מהחיים שלי, סוגר את החשבון לתמיד.",1
"כתבתי לכם הכל בדף שמצאתם, בבקשה תזכרו רק את הרגעים הטובים שלנו.",1
"יש פתק על השולחן, תקראו אותו אחר כך.",1
"ביטלתי את כל המנויים והתוכניות שלי קדימה, כבר אין טעם לתכנן שום דבר.",1
"השארתי את האוסף הכי יקר שלי על השולחן, הוא שלך עכשיו, תשמור עליו.",1
